Technology,renewable ninjafile,BatteryTime,Batterycapacityfactor
SOPV12h_1_1,capacityfactor_solar,13,0.9
SOPV12h_1_0,capacityfactor_solar,13,0.9
SOPV12h_5_1,capacityfactor_solar,13,0.9
SOPV12h_5_0,capacityfactor_solar,13,0.9
SOPV12h_6_1,capacityfactor_solar,13,0.9
SOPV12h_6_0,capacityfactor_solar,13,0.9
SOPV12h_8_1,capacityfactor_solar,13,0.9
SOPV12h_8_0,capacityfactor_solar,13,0.9
SOPV12h_17_1,capacityfactor_solar,13,0.9
SOPV12h_17_0,capacityfactor_solar,13,0.9
SOPV12h_30_1,capacityfactor_solar,13,0.9
SOPV12h_30_0,capacityfactor_solar,13,0.9
SOPV12h_33_1,capacityfactor_solar,13,0.9
SOPV12h_33_0,capacityfactor_solar,13,0.9
SOPV12h_34_1,capacityfactor_solar,13,0.9
SOPV12h_34_0,capacityfactor_solar,13,0.9
SOPV12h_37_1,capacityfactor_solar,13,0.9
SOPV12h_37_0,capacityfactor_solar,13,0.9
SOPV12h_39_1,capacityfactor_solar,13,0.9
SOPV12h_39_0,capacityfactor_solar,13,0.9
SOPV12h_42_1,capacityfactor_solar,13,0.9
SOPV12h_42_0,capacityfactor_solar,13,0.9
SOPV12h_43_1,capacityfactor_solar,13,0.9
SOPV12h_43_0,capacityfactor_solar,13,0.9
SOPV12h_48_1,capacityfactor_solar,13,0.9
SOPV12h_48_0,capacityfactor_solar,13,0.9
SOPV12h_49_1,capacityfactor_solar,13,0.9
SOPV12h_49_0,capacityfactor_solar,13,0.9
SOPV12h_50_1,capacityfactor_solar,13,0.9
SOPV12h_50_0,capacityfactor_solar,13,0.9
SOPV12h_51_1,capacityfactor_solar,13,0.9
SOPV12h_51_0,capacityfactor_solar,13,0.9
SOPV12h_52_1,capacityfactor_solar,13,0.9
SOPV12h_52_0,capacityfactor_solar,13,0.9
SOPV12h_53_1,capacityfactor_solar,13,0.9
SOPV12h_53_0,capacityfactor_solar,13,0.9
SOPV12h_58_1,capacityfactor_solar,13,0.9
SOPV12h_58_0,capacityfactor_solar,13,0.9
SOPV12h_59_1,capacityfactor_solar,13,0.9
SOPV12h_59_0,capacityfactor_solar,13,0.9
SOPV12h_72_1,capacityfactor_solar,13,0.9
SOPV12h_72_0,capacityfactor_solar,13,0.9
SOPV12h_73_1,capacityfactor_solar,13,0.9
SOPV12h_73_0,capacityfactor_solar,13,0.9
SOPV12h_74_1,capacityfactor_solar,13,0.9
SOPV12h_74_0,capacityfactor_solar,13,0.9
SOPV12h_87_1,capacityfactor_solar,13,0.9
SOPV12h_87_0,capacityfactor_solar,13,0.9
SOPV12h_88_1,capacityfactor_solar,13,0.9
SOPV12h_88_0,capacityfactor_solar,13,0.9
SOPV12h_91_1,capacityfactor_solar,13,0.9
SOPV12h_91_0,capacityfactor_solar,13,0.9
SOPV12h_92_1,capacityfactor_solar,13,0.9
SOPV12h_92_0,capacityfactor_solar,13,0.9
SOPV12h_100_1,capacityfactor_solar,13,0.9
SOPV12h_100_0,capacityfactor_solar,13,0.9
SOPV12h_104_1,capacityfactor_solar,13,0.9
SOPV12h_104_0,capacityfactor_solar,13,0.9
SOPV12h_105_1,capacityfactor_solar,13,0.9
SOPV12h_105_0,capacityfactor_solar,13,0.9
SOPV12h_106_1,capacityfactor_solar,13,0.9
SOPV12h_106_0,capacityfactor_solar,13,0.9
SOPV12h_109_1,capacityfactor_solar,13,0.9
SOPV12h_109_0,capacityfactor_solar,13,0.9
SOPV12h_110_1,capacityfactor_solar,13,0.9
SOPV12h_110_0,capacityfactor_solar,13,0.9
SOPV12h_112_1,capacityfactor_solar,13,0.9
SOPV12h_112_0,capacityfactor_solar,13,0.9
SOPV12h_114_1,capacityfactor_solar,13,0.9
SOPV12h_114_0,capacityfactor_solar,13,0.9
SOPV12h_117_1,capacityfactor_solar,13,0.9
SOPV12h_117_0,capacityfactor_solar,13,0.9
SOPV12h_120_1,capacityfactor_solar,13,0.9
SOPV12h_120_0,capacityfactor_solar,13,0.9
SOPV12h_122_1,capacityfactor_solar,13,0.9
SOPV12h_122_0,capacityfactor_solar,13,0.9
SOPV12h_123_1,capacityfactor_solar,13,0.9
SOPV12h_123_0,capacityfactor_solar,13,0.9
SOPV12h_126_1,capacityfactor_solar,13,0.9
SOPV12h_126_0,capacityfactor_solar,13,0.9
SOPV12h_127_1,capacityfactor_solar,13,0.9
SOPV12h_127_0,capacityfactor_solar,13,0.9
SOPV12h_128_1,capacityfactor_solar,13,0.9
SOPV12h_128_0,capacityfactor_solar,13,0.9
SOPV12h_131_1,capacityfactor_solar,13,0.9
SOPV12h_131_0,capacityfactor_solar,13,0.9
SOPV12h_134_1,capacityfactor_solar,13,0.9
SOPV12h_134_0,capacityfactor_solar,13,0.9
SOPV12h_139_1,capacityfactor_solar,13,0.9
SOPV12h_139_0,capacityfactor_solar,13,0.9
SOPV12h_140_1,capacityfactor_solar,13,0.9
SOPV12h_140_0,capacityfactor_solar,13,0.9
SOPV12h_143_1,capacityfactor_solar,13,0.9
SOPV12h_143_0,capacityfactor_solar,13,0.9
SOPV12h_144_1,capacityfactor_solar,13,0.9
SOPV12h_144_0,capacityfactor_solar,13,0.9
SOPV12h_145_1,capacityfactor_solar,13,0.9
SOPV12h_145_0,capacityfactor_solar,13,0.9
SOPV12h_147_1,capacityfactor_solar,13,0.9
SOPV12h_147_0,capacityfactor_solar,13,0.9
SOPV12h_148_1,capacityfactor_solar,13,0.9
SOPV12h_148_0,capacityfactor_solar,13,0.9
SOPV12h_149_1,capacityfactor_solar,13,0.9
SOPV12h_149_0,capacityfactor_solar,13,0.9
SOPV12h_153_1,capacityfactor_solar,13,0.9
SOPV12h_153_0,capacityfactor_solar,13,0.9
SOPV12h_160_1,capacityfactor_solar,13,0.9
SOPV12h_160_0,capacityfactor_solar,13,0.9
SOPV12h_161_1,capacityfactor_solar,13,0.9
SOPV12h_161_0,capacityfactor_solar,13,0.9
SOPV12h_162_1,capacityfactor_solar,13,0.9
SOPV12h_162_0,capacityfactor_solar,13,0.9
SOPV12h_163_1,capacityfactor_solar,13,0.9
SOPV12h_163_0,capacityfactor_solar,13,0.9
SOPV12h_164_1,capacityfactor_solar,13,0.9
SOPV12h_164_0,capacityfactor_solar,13,0.9
SOPV12h_165_1,capacityfactor_solar,13,0.9
SOPV12h_165_0,capacityfactor_solar,13,0.9
SOPV12h_166_1,capacityfactor_solar,13,0.9
SOPV12h_166_0,capacityfactor_solar,13,0.9
SOPV12h_167_1,capacityfactor_solar,13,0.9
SOPV12h_167_0,capacityfactor_solar,13,0.9
SOPV12h_168_1,capacityfactor_solar,13,0.9
SOPV12h_168_0,capacityfactor_solar,13,0.9
SOPV12h_170_1,capacityfactor_solar,13,0.9
SOPV12h_170_0,capacityfactor_solar,13,0.9
SOPV12h_171_1,capacityfactor_solar,13,0.9
SOPV12h_171_0,capacityfactor_solar,13,0.9
SOPV12h_172_1,capacityfactor_solar,13,0.9
SOPV12h_172_0,capacityfactor_solar,13,0.9
SOPV12h_173_1,capacityfactor_solar,13,0.9
SOPV12h_173_0,capacityfactor_solar,13,0.9
SOPV12h_174_1,capacityfactor_solar,13,0.9
SOPV12h_174_0,capacityfactor_solar,13,0.9
SOPV12h_178_1,capacityfactor_solar,13,0.9
SOPV12h_178_0,capacityfactor_solar,13,0.9
SOPV12h_179_1,capacityfactor_solar,13,0.9
SOPV12h_179_0,capacityfactor_solar,13,0.9
SOPV12h_180_1,capacityfactor_solar,13,0.9
SOPV12h_180_0,capacityfactor_solar,13,0.9
SOPV12h_181_1,capacityfactor_solar,13,0.9
SOPV12h_181_0,capacityfactor_solar,13,0.9
SOPV12h_182_1,capacityfactor_solar,13,0.9
SOPV12h_182_0,capacityfactor_solar,13,0.9
SOPV12h_183_1,capacityfactor_solar,13,0.9
SOPV12h_183_0,capacityfactor_solar,13,0.9
SOPV12h_184_1,capacityfactor_solar,13,0.9
SOPV12h_184_0,capacityfactor_solar,13,0.9
SOPV12h_185_1,capacityfactor_solar,13,0.9
SOPV12h_185_0,capacityfactor_solar,13,0.9
SOPV12h_186_1,capacityfactor_solar,13,0.9
SOPV12h_186_0,capacityfactor_solar,13,0.9
SOPV12h_187_1,capacityfactor_solar,13,0.9
SOPV12h_187_0,capacityfactor_solar,13,0.9
SOPV12h_188_1,capacityfactor_solar,13,0.9
SOPV12h_188_0,capacityfactor_solar,13,0.9
SOPV12h_189_1,capacityfactor_solar,13,0.9
SOPV12h_189_0,capacityfactor_solar,13,0.9
SOPV12h_190_1,capacityfactor_solar,13,0.9
SOPV12h_190_0,capacityfactor_solar,13,0.9
SOPV12h_191_1,capacityfactor_solar,13,0.9
SOPV12h_191_0,capacityfactor_solar,13,0.9
SOPV12h_192_1,capacityfactor_solar,13,0.9
SOPV12h_192_0,capacityfactor_solar,13,0.9
SOPV12h_193_1,capacityfactor_solar,13,0.9
SOPV12h_193_0,capacityfactor_solar,13,0.9
SOPV12h_197_1,capacityfactor_solar,13,0.9
SOPV12h_197_0,capacityfactor_solar,13,0.9
SOPV12h_198_1,capacityfactor_solar,13,0.9
SOPV12h_198_0,capacityfactor_solar,13,0.9
SOPV12h_199_1,capacityfactor_solar,13,0.9
SOPV12h_199_0,capacityfactor_solar,13,0.9
SOPV12h_200_1,capacityfactor_solar,13,0.9
SOPV12h_200_0,capacityfactor_solar,13,0.9
SOPV12h_201_1,capacityfactor_solar,13,0.9
SOPV12h_201_0,capacityfactor_solar,13,0.9
SOPV12h_202_1,capacityfactor_solar,13,0.9
SOPV12h_202_0,capacityfactor_solar,13,0.9
SOPV12h_203_1,capacityfactor_solar,13,0.9
SOPV12h_203_0,capacityfactor_solar,13,0.9
SOPV12h_204_1,capacityfactor_solar,13,0.9
SOPV12h_204_0,capacityfactor_solar,13,0.9
SOPV12h_205_1,capacityfactor_solar,13,0.9
SOPV12h_205_0,capacityfactor_solar,13,0.9
SOPV12h_206_1,capacityfactor_solar,13,0.9
SOPV12h_206_0,capacityfactor_solar,13,0.9
SOPV12h_207_1,capacityfactor_solar,13,0.9
SOPV12h_207_0,capacityfactor_solar,13,0.9
SOPV12h_208_1,capacityfactor_solar,13,0.9
SOPV12h_208_0,capacityfactor_solar,13,0.9
SOPV12h_209_1,capacityfactor_solar,13,0.9
SOPV12h_209_0,capacityfactor_solar,13,0.9
SOPV12h_217_1,capacityfactor_solar,13,0.9
SOPV12h_217_0,capacityfactor_solar,13,0.9
SOPV12h_218_1,capacityfactor_solar,13,0.9
SOPV12h_218_0,capacityfactor_solar,13,0.9
SOPV12h_219_1,capacityfactor_solar,13,0.9
SOPV12h_219_0,capacityfactor_solar,13,0.9
SOPV12h_220_1,capacityfactor_solar,13,0.9
SOPV12h_220_0,capacityfactor_solar,13,0.9
SOPV12h_221_1,capacityfactor_solar,13,0.9
SOPV12h_221_0,capacityfactor_solar,13,0.9
SOPV12h_222_1,capacityfactor_solar,13,0.9
SOPV12h_222_0,capacityfactor_solar,13,0.9
SOPV12h_223_1,capacityfactor_solar,13,0.9
SOPV12h_223_0,capacityfactor_solar,13,0.9
SOPV12h_224_1,capacityfactor_solar,13,0.9
SOPV12h_224_0,capacityfactor_solar,13,0.9
SOPV12h_225_1,capacityfactor_solar,13,0.9
SOPV12h_225_0,capacityfactor_solar,13,0.9
SOPV12h_226_1,capacityfactor_solar,13,0.9
SOPV12h_226_0,capacityfactor_solar,13,0.9
SOPV12h_227_1,capacityfactor_solar,13,0.9
SOPV12h_227_0,capacityfactor_solar,13,0.9
SOPV12h_228_1,capacityfactor_solar,13,0.9
SOPV12h_228_0,capacityfactor_solar,13,0.9
SOPV12h_229_1,capacityfactor_solar,13,0.9
SOPV12h_229_0,capacityfactor_solar,13,0.9
SOPV12h_232_1,capacityfactor_solar,13,0.9
SOPV12h_232_0,capacityfactor_solar,13,0.9
SOPV12h_233_1,capacityfactor_solar,13,0.9
SOPV12h_233_0,capacityfactor_solar,13,0.9
SOPV12h_237_1,capacityfactor_solar,13,0.9
SOPV12h_237_0,capacityfactor_solar,13,0.9
SOPV12h_238_1,capacityfactor_solar,13,0.9
SOPV12h_238_0,capacityfactor_solar,13,0.9
SOPV12h_239_1,capacityfactor_solar,13,0.9
SOPV12h_239_0,capacityfactor_solar,13,0.9
SOPV12h_240_1,capacityfactor_solar,13,0.9
SOPV12h_240_0,capacityfactor_solar,13,0.9
SOPV12h_241_1,capacityfactor_solar,13,0.9
SOPV12h_241_0,capacityfactor_solar,13,0.9
SOPV12h_242_1,capacityfactor_solar,13,0.9
SOPV12h_242_0,capacityfactor_solar,13,0.9
SOPV12h_243_1,capacityfactor_solar,13,0.9
SOPV12h_243_0,capacityfactor_solar,13,0.9
SOPV12h_244_1,capacityfactor_solar,13,0.9
SOPV12h_244_0,capacityfactor_solar,13,0.9
SOPV12h_245_1,capacityfactor_solar,13,0.9
SOPV12h_245_0,capacityfactor_solar,13,0.9
SOPV12h_246_1,capacityfactor_solar,13,0.9
SOPV12h_246_0,capacityfactor_solar,13,0.9
SOPV12h_247_1,capacityfactor_solar,13,0.9
SOPV12h_247_0,capacityfactor_solar,13,0.9
SOPV12h_248_1,capacityfactor_solar,13,0.9
SOPV12h_248_0,capacityfactor_solar,13,0.9
SOPV12h_249_1,capacityfactor_solar,13,0.9
SOPV12h_249_0,capacityfactor_solar,13,0.9
SOPV12h_250_1,capacityfactor_solar,13,0.9
SOPV12h_250_0,capacityfactor_solar,13,0.9
SOPV12h_251_1,capacityfactor_solar,13,0.9
SOPV12h_251_0,capacityfactor_solar,13,0.9
SOPV12h_252_1,capacityfactor_solar,13,0.9
SOPV12h_252_0,capacityfactor_solar,13,0.9
SOPV12h_253_1,capacityfactor_solar,13,0.9
SOPV12h_253_0,capacityfactor_solar,13,0.9
SOPV12h_257_1,capacityfactor_solar,13,0.9
SOPV12h_257_0,capacityfactor_solar,13,0.9
SOPV12h_258_1,capacityfactor_solar,13,0.9
SOPV12h_258_0,capacityfactor_solar,13,0.9
SOPV12h_259_1,capacityfactor_solar,13,0.9
SOPV12h_259_0,capacityfactor_solar,13,0.9
SOPV12h_260_1,capacityfactor_solar,13,0.9
SOPV12h_260_0,capacityfactor_solar,13,0.9
SOPV12h_261_1,capacityfactor_solar,13,0.9
SOPV12h_261_0,capacityfactor_solar,13,0.9
SOPV12h_262_1,capacityfactor_solar,13,0.9
SOPV12h_262_0,capacityfactor_solar,13,0.9
SOPV12h_263_1,capacityfactor_solar,13,0.9
SOPV12h_263_0,capacityfactor_solar,13,0.9
SOPV12h_264_1,capacityfactor_solar,13,0.9
SOPV12h_264_0,capacityfactor_solar,13,0.9
SOPV12h_265_1,capacityfactor_solar,13,0.9
SOPV12h_265_0,capacityfactor_solar,13,0.9
SOPV12h_266_1,capacityfactor_solar,13,0.9
SOPV12h_266_0,capacityfactor_solar,13,0.9
SOPV12h_267_1,capacityfactor_solar,13,0.9
SOPV12h_267_0,capacityfactor_solar,13,0.9
SOPV12h_268_1,capacityfactor_solar,13,0.9
SOPV12h_268_0,capacityfactor_solar,13,0.9
SOPV12h_269_1,capacityfactor_solar,13,0.9
SOPV12h_269_0,capacityfactor_solar,13,0.9
SOPV12h_270_1,capacityfactor_solar,13,0.9
SOPV12h_270_0,capacityfactor_solar,13,0.9
SOPV12h_271_1,capacityfactor_solar,13,0.9
SOPV12h_271_0,capacityfactor_solar,13,0.9
SOPV12h_272_1,capacityfactor_solar,13,0.9
SOPV12h_272_0,capacityfactor_solar,13,0.9
SOPV12h_277_1,capacityfactor_solar,13,0.9
SOPV12h_277_0,capacityfactor_solar,13,0.9
SOPV12h_278_1,capacityfactor_solar,13,0.9
SOPV12h_278_0,capacityfactor_solar,13,0.9
SOPV12h_279_1,capacityfactor_solar,13,0.9
SOPV12h_279_0,capacityfactor_solar,13,0.9
SOPV12h_280_1,capacityfactor_solar,13,0.9
SOPV12h_280_0,capacityfactor_solar,13,0.9
SOPV12h_281_1,capacityfactor_solar,13,0.9
SOPV12h_281_0,capacityfactor_solar,13,0.9
SOPV12h_282_1,capacityfactor_solar,13,0.9
SOPV12h_282_0,capacityfactor_solar,13,0.9
SOPV12h_283_1,capacityfactor_solar,13,0.9
SOPV12h_283_0,capacityfactor_solar,13,0.9
SOPV12h_284_1,capacityfactor_solar,13,0.9
SOPV12h_284_0,capacityfactor_solar,13,0.9
SOPV12h_285_1,capacityfactor_solar,13,0.9
SOPV12h_285_0,capacityfactor_solar,13,0.9
SOPV12h_286_1,capacityfactor_solar,13,0.9
SOPV12h_286_0,capacityfactor_solar,13,0.9
SOPV12h_287_1,capacityfactor_solar,13,0.9
SOPV12h_287_0,capacityfactor_solar,13,0.9
SOPV12h_288_1,capacityfactor_solar,13,0.9
SOPV12h_288_0,capacityfactor_solar,13,0.9
SOPV12h_291_1,capacityfactor_solar,13,0.9
SOPV12h_291_0,capacityfactor_solar,13,0.9
SOPV12h_292_1,capacityfactor_solar,13,0.9
SOPV12h_292_0,capacityfactor_solar,13,0.9
SOPV12h_297_1,capacityfactor_solar,13,0.9
SOPV12h_297_0,capacityfactor_solar,13,0.9
SOPV12h_298_1,capacityfactor_solar,13,0.9
SOPV12h_298_0,capacityfactor_solar,13,0.9
SOPV12h_299_1,capacityfactor_solar,13,0.9
SOPV12h_299_0,capacityfactor_solar,13,0.9
SOPV12h_300_1,capacityfactor_solar,13,0.9
SOPV12h_300_0,capacityfactor_solar,13,0.9
SOPV12h_301_1,capacityfactor_solar,13,0.9
SOPV12h_301_0,capacityfactor_solar,13,0.9
SOPV12h_302_1,capacityfactor_solar,13,0.9
SOPV12h_302_0,capacityfactor_solar,13,0.9
SOPV12h_303_1,capacityfactor_solar,13,0.9
SOPV12h_303_0,capacityfactor_solar,13,0.9
SOPV12h_304_1,capacityfactor_solar,13,0.9
SOPV12h_304_0,capacityfactor_solar,13,0.9
SOPV12h_305_1,capacityfactor_solar,13,0.9
SOPV12h_305_0,capacityfactor_solar,13,0.9
SOPV12h_310_1,capacityfactor_solar,13,0.9
SOPV12h_310_0,capacityfactor_solar,13,0.9
SOPV12h_314_1,capacityfactor_solar,13,0.9
SOPV12h_314_0,capacityfactor_solar,13,0.9
SOPV12h_315_1,capacityfactor_solar,13,0.9
SOPV12h_315_0,capacityfactor_solar,13,0.9
SOPV12h_316_1,capacityfactor_solar,13,0.9
SOPV12h_316_0,capacityfactor_solar,13,0.9
SOPV12h_317_1,capacityfactor_solar,13,0.9
SOPV12h_317_0,capacityfactor_solar,13,0.9
SOPV12h_318_1,capacityfactor_solar,13,0.9
SOPV12h_318_0,capacityfactor_solar,13,0.9
SOPV12h_319_1,capacityfactor_solar,13,0.9
SOPV12h_319_0,capacityfactor_solar,13,0.9
SOPV12h_320_1,capacityfactor_solar,13,0.9
SOPV12h_320_0,capacityfactor_solar,13,0.9
SOPV12h_321_1,capacityfactor_solar,13,0.9
SOPV12h_321_0,capacityfactor_solar,13,0.9
SOPV12h_322_1,capacityfactor_solar,13,0.9
SOPV12h_322_0,capacityfactor_solar,13,0.9
SOPV12h_327_1,capacityfactor_solar,13,0.9
SOPV12h_327_0,capacityfactor_solar,13,0.9
SOPV12h_329_1,capacityfactor_solar,13,0.9
SOPV12h_329_0,capacityfactor_solar,13,0.9
SOPV12h_330_1,capacityfactor_solar,13,0.9
SOPV12h_330_0,capacityfactor_solar,13,0.9
SOPV12h_331_1,capacityfactor_solar,13,0.9
SOPV12h_331_0,capacityfactor_solar,13,0.9
SOPV12h_332_1,capacityfactor_solar,13,0.9
SOPV12h_332_0,capacityfactor_solar,13,0.9
SOPV12h_333_1,capacityfactor_solar,13,0.9
SOPV12h_333_0,capacityfactor_solar,13,0.9
SOPV12h_334_1,capacityfactor_solar,13,0.9
SOPV12h_334_0,capacityfactor_solar,13,0.9
SOPV12h_335_1,capacityfactor_solar,13,0.9
SOPV12h_335_0,capacityfactor_solar,13,0.9
SOPV12h_336_1,capacityfactor_solar,13,0.9
SOPV12h_336_0,capacityfactor_solar,13,0.9
SOPV12h_337_1,capacityfactor_solar,13,0.9
SOPV12h_337_0,capacityfactor_solar,13,0.9
SOPV12h_341_1,capacityfactor_solar,13,0.9
SOPV12h_341_0,capacityfactor_solar,13,0.9
SOPV12h_342_1,capacityfactor_solar,13,0.9
SOPV12h_342_0,capacityfactor_solar,13,0.9
SOPV12h_343_1,capacityfactor_solar,13,0.9
SOPV12h_343_0,capacityfactor_solar,13,0.9
SOPV12h_344_1,capacityfactor_solar,13,0.9
SOPV12h_344_0,capacityfactor_solar,13,0.9
SOPV12h_345_1,capacityfactor_solar,13,0.9
SOPV12h_345_0,capacityfactor_solar,13,0.9
SOPV12h_346_1,capacityfactor_solar,13,0.9
SOPV12h_346_0,capacityfactor_solar,13,0.9
SOPV12h_347_1,capacityfactor_solar,13,0.9
SOPV12h_347_0,capacityfactor_solar,13,0.9
SOPV12h_348_1,capacityfactor_solar,13,0.9
SOPV12h_348_0,capacityfactor_solar,13,0.9
SOPV12h_352_1,capacityfactor_solar,13,0.9
SOPV12h_352_0,capacityfactor_solar,13,0.9
SOPV12h_353_1,capacityfactor_solar,13,0.9
SOPV12h_353_0,capacityfactor_solar,13,0.9
SOPV12h_354_1,capacityfactor_solar,13,0.9
SOPV12h_354_0,capacityfactor_solar,13,0.9
SOPV12h_355_1,capacityfactor_solar,13,0.9
SOPV12h_355_0,capacityfactor_solar,13,0.9
SOPV12h_356_1,capacityfactor_solar,13,0.9
SOPV12h_356_0,capacityfactor_solar,13,0.9
SOPV12h_358_1,capacityfactor_solar,13,0.9
SOPV12h_358_0,capacityfactor_solar,13,0.9
SOPV12h_359_1,capacityfactor_solar,13,0.9
SOPV12h_359_0,capacityfactor_solar,13,0.9
SOPV12h_360_1,capacityfactor_solar,13,0.9
SOPV12h_360_0,capacityfactor_solar,13,0.9
SOPV12h_361_1,capacityfactor_solar,13,0.9
SOPV12h_361_0,capacityfactor_solar,13,0.9
SOPV12h_362_1,capacityfactor_solar,13,0.9
SOPV12h_362_0,capacityfactor_solar,13,0.9
SOPV12h_363_1,capacityfactor_solar,13,0.9
SOPV12h_363_0,capacityfactor_solar,13,0.9
SOPV12h_364_1,capacityfactor_solar,13,0.9
SOPV12h_364_0,capacityfactor_solar,13,0.9
SOPV12h_365_1,capacityfactor_solar,13,0.9
SOPV12h_365_0,capacityfactor_solar,13,0.9
SOPV12h_366_1,capacityfactor_solar,13,0.9
SOPV12h_366_0,capacityfactor_solar,13,0.9
SOPV12h_367_1,capacityfactor_solar,13,0.9
SOPV12h_367_0,capacityfactor_solar,13,0.9
SOPV12h_368_1,capacityfactor_solar,13,0.9
SOPV12h_368_0,capacityfactor_solar,13,0.9
SOPV12h_369_1,capacityfactor_solar,13,0.9
SOPV12h_369_0,capacityfactor_solar,13,0.9
SOPV12h_370_1,capacityfactor_solar,13,0.9
SOPV12h_370_0,capacityfactor_solar,13,0.9
SOPV12h_371_1,capacityfactor_solar,13,0.9
SOPV12h_371_0,capacityfactor_solar,13,0.9
SOPV12h_373_1,capacityfactor_solar,13,0.9
SOPV12h_373_0,capacityfactor_solar,13,0.9
SOPV12h_374_1,capacityfactor_solar,13,0.9
SOPV12h_374_0,capacityfactor_solar,13,0.9
SOPV12h_375_1,capacityfactor_solar,13,0.9
SOPV12h_375_0,capacityfactor_solar,13,0.9
SOPV12h_376_1,capacityfactor_solar,13,0.9
SOPV12h_376_0,capacityfactor_solar,13,0.9
SOPV12h_2_0,capacityfactor_solar,13,0.9
SOPV12h_3_0,capacityfactor_solar,13,0.9
SOPV12h_4_0,capacityfactor_solar,13,0.9
SOPV12h_7_0,capacityfactor_solar,13,0.9
SOPV12h_9_0,capacityfactor_solar,13,0.9
SOPV12h_10_0,capacityfactor_solar,13,0.9
SOPV12h_11_0,capacityfactor_solar,13,0.9
SOPV12h_12_0,capacityfactor_solar,13,0.9
SOPV12h_13_0,capacityfactor_solar,13,0.9
SOPV12h_14_0,capacityfactor_solar,13,0.9
SOPV12h_15_0,capacityfactor_solar,13,0.9
SOPV12h_16_0,capacityfactor_solar,13,0.9
SOPV12h_18_0,capacityfactor_solar,13,0.9
SOPV12h_19_0,capacityfactor_solar,13,0.9
SOPV12h_20_0,capacityfactor_solar,13,0.9
SOPV12h_21_0,capacityfactor_solar,13,0.9
SOPV12h_22_0,capacityfactor_solar,13,0.9
SOPV12h_23_0,capacityfactor_solar,13,0.9
SOPV12h_24_0,capacityfactor_solar,13,0.9
SOPV12h_25_0,capacityfactor_solar,13,0.9
SOPV12h_26_0,capacityfactor_solar,13,0.9
SOPV12h_27_0,capacityfactor_solar,13,0.9
SOPV12h_28_0,capacityfactor_solar,13,0.9
SOPV12h_29_0,capacityfactor_solar,13,0.9
SOPV12h_31_0,capacityfactor_solar,13,0.9
SOPV12h_32_0,capacityfactor_solar,13,0.9
SOPV12h_35_0,capacityfactor_solar,13,0.9
SOPV12h_36_0,capacityfactor_solar,13,0.9
SOPV12h_38_0,capacityfactor_solar,13,0.9
SOPV12h_40_0,capacityfactor_solar,13,0.9
SOPV12h_41_0,capacityfactor_solar,13,0.9
SOPV12h_44_0,capacityfactor_solar,13,0.9
SOPV12h_45_0,capacityfactor_solar,13,0.9
SOPV12h_46_0,capacityfactor_solar,13,0.9
SOPV12h_47_0,capacityfactor_solar,13,0.9
SOPV12h_54_0,capacityfactor_solar,13,0.9
SOPV12h_55_0,capacityfactor_solar,13,0.9
SOPV12h_56_0,capacityfactor_solar,13,0.9
SOPV12h_57_0,capacityfactor_solar,13,0.9
SOPV12h_60_0,capacityfactor_solar,13,0.9
SOPV12h_61_0,capacityfactor_solar,13,0.9
SOPV12h_62_0,capacityfactor_solar,13,0.9
SOPV12h_63_0,capacityfactor_solar,13,0.9
SOPV12h_64_0,capacityfactor_solar,13,0.9
SOPV12h_65_0,capacityfactor_solar,13,0.9
SOPV12h_66_0,capacityfactor_solar,13,0.9
SOPV12h_67_0,capacityfactor_solar,13,0.9
SOPV12h_68_0,capacityfactor_solar,13,0.9
SOPV12h_69_0,capacityfactor_solar,13,0.9
SOPV12h_70_0,capacityfactor_solar,13,0.9
SOPV12h_71_0,capacityfactor_solar,13,0.9
SOPV12h_75_0,capacityfactor_solar,13,0.9
SOPV12h_76_0,capacityfactor_solar,13,0.9
SOPV12h_77_0,capacityfactor_solar,13,0.9
SOPV12h_78_0,capacityfactor_solar,13,0.9
SOPV12h_79_0,capacityfactor_solar,13,0.9
SOPV12h_80_0,capacityfactor_solar,13,0.9
SOPV12h_81_0,capacityfactor_solar,13,0.9
SOPV12h_82_0,capacityfactor_solar,13,0.9
SOPV12h_83_0,capacityfactor_solar,13,0.9
SOPV12h_84_0,capacityfactor_solar,13,0.9
SOPV12h_85_0,capacityfactor_solar,13,0.9
SOPV12h_86_0,capacityfactor_solar,13,0.9
SOPV12h_89_0,capacityfactor_solar,13,0.9
SOPV12h_90_0,capacityfactor_solar,13,0.9
SOPV12h_93_0,capacityfactor_solar,13,0.9
SOPV12h_94_0,capacityfactor_solar,13,0.9
SOPV12h_95_0,capacityfactor_solar,13,0.9
SOPV12h_96_0,capacityfactor_solar,13,0.9
SOPV12h_97_0,capacityfactor_solar,13,0.9
SOPV12h_98_0,capacityfactor_solar,13,0.9
SOPV12h_99_0,capacityfactor_solar,13,0.9
SOPV12h_101_0,capacityfactor_solar,13,0.9
SOPV12h_102_0,capacityfactor_solar,13,0.9
SOPV12h_103_0,capacityfactor_solar,13,0.9
SOPV12h_107_0,capacityfactor_solar,13,0.9
SOPV12h_108_0,capacityfactor_solar,13,0.9
SOPV12h_111_0,capacityfactor_solar,13,0.9
SOPV12h_113_0,capacityfactor_solar,13,0.9
SOPV12h_115_0,capacityfactor_solar,13,0.9
SOPV12h_116_0,capacityfactor_solar,13,0.9
SOPV12h_118_0,capacityfactor_solar,13,0.9
SOPV12h_119_0,capacityfactor_solar,13,0.9
SOPV12h_121_0,capacityfactor_solar,13,0.9
SOPV12h_124_0,capacityfactor_solar,13,0.9
SOPV12h_125_0,capacityfactor_solar,13,0.9
SOPV12h_129_0,capacityfactor_solar,13,0.9
SOPV12h_130_0,capacityfactor_solar,13,0.9
SOPV12h_132_0,capacityfactor_solar,13,0.9
SOPV12h_133_0,capacityfactor_solar,13,0.9
SOPV12h_135_0,capacityfactor_solar,13,0.9
SOPV12h_136_0,capacityfactor_solar,13,0.9
SOPV12h_137_0,capacityfactor_solar,13,0.9
SOPV12h_138_0,capacityfactor_solar,13,0.9
SOPV12h_141_0,capacityfactor_solar,13,0.9
SOPV12h_142_0,capacityfactor_solar,13,0.9
SOPV12h_146_0,capacityfactor_solar,13,0.9
SOPV12h_150_0,capacityfactor_solar,13,0.9
SOPV12h_151_0,capacityfactor_solar,13,0.9
SOPV12h_152_0,capacityfactor_solar,13,0.9
SOPV12h_154_0,capacityfactor_solar,13,0.9
SOPV12h_155_0,capacityfactor_solar,13,0.9
SOPV12h_156_0,capacityfactor_solar,13,0.9
SOPV12h_157_0,capacityfactor_solar,13,0.9
SOPV12h_158_0,capacityfactor_solar,13,0.9
SOPV12h_159_0,capacityfactor_solar,13,0.9
SOPV12h_169_0,capacityfactor_solar,13,0.9
SOPV12h_175_0,capacityfactor_solar,13,0.9
SOPV12h_176_0,capacityfactor_solar,13,0.9
SOPV12h_177_0,capacityfactor_solar,13,0.9
SOPV12h_194_0,capacityfactor_solar,13,0.9
SOPV12h_195_0,capacityfactor_solar,13,0.9
SOPV12h_196_0,capacityfactor_solar,13,0.9
SOPV12h_210_0,capacityfactor_solar,13,0.9
SOPV12h_211_0,capacityfactor_solar,13,0.9
SOPV12h_212_0,capacityfactor_solar,13,0.9
SOPV12h_213_0,capacityfactor_solar,13,0.9
SOPV12h_214_0,capacityfactor_solar,13,0.9
SOPV12h_215_0,capacityfactor_solar,13,0.9
SOPV12h_216_0,capacityfactor_solar,13,0.9
SOPV12h_230_0,capacityfactor_solar,13,0.9
SOPV12h_231_0,capacityfactor_solar,13,0.9
SOPV12h_234_0,capacityfactor_solar,13,0.9
SOPV12h_235_0,capacityfactor_solar,13,0.9
SOPV12h_236_0,capacityfactor_solar,13,0.9
SOPV12h_254_0,capacityfactor_solar,13,0.9
SOPV12h_255_0,capacityfactor_solar,13,0.9
SOPV12h_256_0,capacityfactor_solar,13,0.9
SOPV12h_273_0,capacityfactor_solar,13,0.9
SOPV12h_274_0,capacityfactor_solar,13,0.9
SOPV12h_275_0,capacityfactor_solar,13,0.9
SOPV12h_276_0,capacityfactor_solar,13,0.9
SOPV12h_289_0,capacityfactor_solar,13,0.9
SOPV12h_290_0,capacityfactor_solar,13,0.9
SOPV12h_293_0,capacityfactor_solar,13,0.9
SOPV12h_294_0,capacityfactor_solar,13,0.9
SOPV12h_295_0,capacityfactor_solar,13,0.9
SOPV12h_296_0,capacityfactor_solar,13,0.9
SOPV12h_306_0,capacityfactor_solar,13,0.9
SOPV12h_307_0,capacityfactor_solar,13,0.9
SOPV12h_308_0,capacityfactor_solar,13,0.9
SOPV12h_309_0,capacityfactor_solar,13,0.9
SOPV12h_311_0,capacityfactor_solar,13,0.9
SOPV12h_312_0,capacityfactor_solar,13,0.9
SOPV12h_313_0,capacityfactor_solar,13,0.9
SOPV12h_323_0,capacityfactor_solar,13,0.9
SOPV12h_324_0,capacityfactor_solar,13,0.9
SOPV12h_325_0,capacityfactor_solar,13,0.9
SOPV12h_326_0,capacityfactor_solar,13,0.9
SOPV12h_328_0,capacityfactor_solar,13,0.9
SOPV12h_338_0,capacityfactor_solar,13,0.9
SOPV12h_339_0,capacityfactor_solar,13,0.9
SOPV12h_340_0,capacityfactor_solar,13,0.9
SOPV12h_349_0,capacityfactor_solar,13,0.9
SOPV12h_350_0,capacityfactor_solar,13,0.9
SOPV12h_351_0,capacityfactor_solar,13,0.9
SOPV12h_357_0,capacityfactor_solar,13,0.9
SOPV12h_372_0,capacityfactor_solar,13,0.9
SOPV12h_377_0,capacityfactor_solar,13,0.9
SOPV12h_378_0,capacityfactor_solar,13,0.9
SOMG12h_1,capacityfactor_solar,13,0.9
SOMG12h_2,capacityfactor_solar,13,0.9
SOMG12h_3,capacityfactor_solar,13,0.9
SOMG12h_4,capacityfactor_solar,13,0.9
SOMG12h_5,capacityfactor_solar,13,0.9
SOMG12h_6,capacityfactor_solar,13,0.9
SOMG12h_7,capacityfactor_solar,13,0.9
SOMG12h_8,capacityfactor_solar,13,0.9
SOMG12h_9,capacityfactor_solar,13,0.9
SOMG12h_10,capacityfactor_solar,13,0.9
SOMG12h_11,capacityfactor_solar,13,0.9
SOMG12h_12,capacityfactor_solar,13,0.9
SOMG12h_13,capacityfactor_solar,13,0.9
SOMG12h_14,capacityfactor_solar,13,0.9
SOMG12h_15,capacityfactor_solar,13,0.9
SOMG12h_16,capacityfactor_solar,13,0.9
SOMG12h_17,capacityfactor_solar,13,0.9
SOMG12h_18,capacityfactor_solar,13,0.9
SOMG12h_19,capacityfactor_solar,13,0.9
SOMG12h_20,capacityfactor_solar,13,0.9
SOMG12h_21,capacityfactor_solar,13,0.9
SOMG12h_22,capacityfactor_solar,13,0.9
SOMG12h_23,capacityfactor_solar,13,0.9
SOMG12h_24,capacityfactor_solar,13,0.9
SOMG12h_25,capacityfactor_solar,13,0.9
SOMG12h_26,capacityfactor_solar,13,0.9
SOMG12h_27,capacityfactor_solar,13,0.9
SOMG12h_28,capacityfactor_solar,13,0.9
SOMG12h_29,capacityfactor_solar,13,0.9
SOMG12h_30,capacityfactor_solar,13,0.9
SOMG12h_31,capacityfactor_solar,13,0.9
SOMG12h_32,capacityfactor_solar,13,0.9
SOMG12h_33,capacityfactor_solar,13,0.9
SOMG12h_34,capacityfactor_solar,13,0.9
SOMG12h_35,capacityfactor_solar,13,0.9
SOMG12h_36,capacityfactor_solar,13,0.9
SOMG12h_37,capacityfactor_solar,13,0.9
SOMG12h_38,capacityfactor_solar,13,0.9
SOMG12h_39,capacityfactor_solar,13,0.9
SOMG12h_40,capacityfactor_solar,13,0.9
SOMG12h_41,capacityfactor_solar,13,0.9
SOMG12h_42,capacityfactor_solar,13,0.9
SOMG12h_43,capacityfactor_solar,13,0.9
SOMG12h_44,capacityfactor_solar,13,0.9
SOMG12h_45,capacityfactor_solar,13,0.9
SOMG12h_46,capacityfactor_solar,13,0.9
SOMG12h_47,capacityfactor_solar,13,0.9
SOMG12h_48,capacityfactor_solar,13,0.9
SOMG12h_49,capacityfactor_solar,13,0.9
SOMG12h_50,capacityfactor_solar,13,0.9
SOMG12h_51,capacityfactor_solar,13,0.9
SOMG12h_52,capacityfactor_solar,13,0.9
SOMG12h_53,capacityfactor_solar,13,0.9
SOMG12h_54,capacityfactor_solar,13,0.9
SOMG12h_55,capacityfactor_solar,13,0.9
SOMG12h_56,capacityfactor_solar,13,0.9
SOMG12h_57,capacityfactor_solar,13,0.9
SOMG12h_58,capacityfactor_solar,13,0.9
SOMG12h_59,capacityfactor_solar,13,0.9
SOMG12h_60,capacityfactor_solar,13,0.9
SOMG12h_61,capacityfactor_solar,13,0.9
SOMG12h_62,capacityfactor_solar,13,0.9
SOMG12h_63,capacityfactor_solar,13,0.9
SOMG12h_64,capacityfactor_solar,13,0.9
SOMG12h_65,capacityfactor_solar,13,0.9
SOMG12h_66,capacityfactor_solar,13,0.9
SOMG12h_67,capacityfactor_solar,13,0.9
SOMG12h_68,capacityfactor_solar,13,0.9
SOMG12h_69,capacityfactor_solar,13,0.9
SOMG12h_70,capacityfactor_solar,13,0.9
SOMG12h_71,capacityfactor_solar,13,0.9
SOMG12h_72,capacityfactor_solar,13,0.9
SOMG12h_73,capacityfactor_solar,13,0.9
SOMG12h_74,capacityfactor_solar,13,0.9
SOMG12h_75,capacityfactor_solar,13,0.9
SOMG12h_76,capacityfactor_solar,13,0.9
SOMG12h_77,capacityfactor_solar,13,0.9
SOMG12h_78,capacityfactor_solar,13,0.9
SOMG12h_79,capacityfactor_solar,13,0.9
SOMG12h_80,capacityfactor_solar,13,0.9
SOMG12h_81,capacityfactor_solar,13,0.9
SOMG12h_82,capacityfactor_solar,13,0.9
SOMG12h_83,capacityfactor_solar,13,0.9
SOMG12h_84,capacityfactor_solar,13,0.9
SOMG12h_85,capacityfactor_solar,13,0.9
SOMG12h_86,capacityfactor_solar,13,0.9
SOMG12h_87,capacityfactor_solar,13,0.9
SOMG12h_88,capacityfactor_solar,13,0.9
SOMG12h_89,capacityfactor_solar,13,0.9
SOMG12h_90,capacityfactor_solar,13,0.9
SOMG12h_91,capacityfactor_solar,13,0.9
SOMG12h_92,capacityfactor_solar,13,0.9
SOMG12h_93,capacityfactor_solar,13,0.9
SOMG12h_94,capacityfactor_solar,13,0.9
SOMG12h_95,capacityfactor_solar,13,0.9
SOMG12h_96,capacityfactor_solar,13,0.9
SOMG12h_97,capacityfactor_solar,13,0.9
SOMG12h_98,capacityfactor_solar,13,0.9
SOMG12h_99,capacityfactor_solar,13,0.9
SOMG12h_100,capacityfactor_solar,13,0.9
SOMG12h_101,capacityfactor_solar,13,0.9
SOMG12h_102,capacityfactor_solar,13,0.9
SOMG12h_103,capacityfactor_solar,13,0.9
SOMG12h_104,capacityfactor_solar,13,0.9
SOMG12h_105,capacityfactor_solar,13,0.9
SOMG12h_106,capacityfactor_solar,13,0.9
SOMG12h_107,capacityfactor_solar,13,0.9
SOMG12h_108,capacityfactor_solar,13,0.9
SOMG12h_109,capacityfactor_solar,13,0.9
SOMG12h_110,capacityfactor_solar,13,0.9
SOMG12h_111,capacityfactor_solar,13,0.9
SOMG12h_112,capacityfactor_solar,13,0.9
SOMG12h_113,capacityfactor_solar,13,0.9
SOMG12h_114,capacityfactor_solar,13,0.9
SOMG12h_115,capacityfactor_solar,13,0.9
SOMG12h_116,capacityfactor_solar,13,0.9
SOMG12h_117,capacityfactor_solar,13,0.9
SOMG12h_118,capacityfactor_solar,13,0.9
SOMG12h_119,capacityfactor_solar,13,0.9
SOMG12h_120,capacityfactor_solar,13,0.9
SOMG12h_121,capacityfactor_solar,13,0.9
SOMG12h_122,capacityfactor_solar,13,0.9
SOMG12h_123,capacityfactor_solar,13,0.9
SOMG12h_124,capacityfactor_solar,13,0.9
SOMG12h_125,capacityfactor_solar,13,0.9
SOMG12h_126,capacityfactor_solar,13,0.9
SOMG12h_127,capacityfactor_solar,13,0.9
SOMG12h_128,capacityfactor_solar,13,0.9
SOMG12h_129,capacityfactor_solar,13,0.9
SOMG12h_130,capacityfactor_solar,13,0.9
SOMG12h_131,capacityfactor_solar,13,0.9
SOMG12h_132,capacityfactor_solar,13,0.9
SOMG12h_133,capacityfactor_solar,13,0.9
SOMG12h_134,capacityfactor_solar,13,0.9
SOMG12h_135,capacityfactor_solar,13,0.9
SOMG12h_136,capacityfactor_solar,13,0.9
SOMG12h_137,capacityfactor_solar,13,0.9
SOMG12h_138,capacityfactor_solar,13,0.9
SOMG12h_139,capacityfactor_solar,13,0.9
SOMG12h_140,capacityfactor_solar,13,0.9
SOMG12h_141,capacityfactor_solar,13,0.9
SOMG12h_142,capacityfactor_solar,13,0.9
SOMG12h_143,capacityfactor_solar,13,0.9
SOMG12h_144,capacityfactor_solar,13,0.9
SOMG12h_145,capacityfactor_solar,13,0.9
SOMG12h_146,capacityfactor_solar,13,0.9
SOMG12h_147,capacityfactor_solar,13,0.9
SOMG12h_148,capacityfactor_solar,13,0.9
SOMG12h_149,capacityfactor_solar,13,0.9
SOMG12h_150,capacityfactor_solar,13,0.9
SOMG12h_151,capacityfactor_solar,13,0.9
SOMG12h_152,capacityfactor_solar,13,0.9
SOMG12h_153,capacityfactor_solar,13,0.9
SOMG12h_154,capacityfactor_solar,13,0.9
SOMG12h_155,capacityfactor_solar,13,0.9
SOMG12h_156,capacityfactor_solar,13,0.9
SOMG12h_157,capacityfactor_solar,13,0.9
SOMG12h_158,capacityfactor_solar,13,0.9
SOMG12h_159,capacityfactor_solar,13,0.9
SOMG12h_160,capacityfactor_solar,13,0.9
SOMG12h_161,capacityfactor_solar,13,0.9
SOMG12h_162,capacityfactor_solar,13,0.9
SOMG12h_163,capacityfactor_solar,13,0.9
SOMG12h_164,capacityfactor_solar,13,0.9
SOMG12h_165,capacityfactor_solar,13,0.9
SOMG12h_166,capacityfactor_solar,13,0.9
SOMG12h_167,capacityfactor_solar,13,0.9
SOMG12h_168,capacityfactor_solar,13,0.9
SOMG12h_169,capacityfactor_solar,13,0.9
SOMG12h_170,capacityfactor_solar,13,0.9
SOMG12h_171,capacityfactor_solar,13,0.9
SOMG12h_172,capacityfactor_solar,13,0.9
SOMG12h_173,capacityfactor_solar,13,0.9
SOMG12h_174,capacityfactor_solar,13,0.9
SOMG12h_175,capacityfactor_solar,13,0.9
SOMG12h_176,capacityfactor_solar,13,0.9
SOMG12h_177,capacityfactor_solar,13,0.9
SOMG12h_178,capacityfactor_solar,13,0.9
SOMG12h_179,capacityfactor_solar,13,0.9
SOMG12h_180,capacityfactor_solar,13,0.9
SOMG12h_181,capacityfactor_solar,13,0.9
SOMG12h_182,capacityfactor_solar,13,0.9
SOMG12h_183,capacityfactor_solar,13,0.9
SOMG12h_184,capacityfactor_solar,13,0.9
SOMG12h_185,capacityfactor_solar,13,0.9
SOMG12h_186,capacityfactor_solar,13,0.9
SOMG12h_187,capacityfactor_solar,13,0.9
SOMG12h_188,capacityfactor_solar,13,0.9
SOMG12h_189,capacityfactor_solar,13,0.9
SOMG12h_190,capacityfactor_solar,13,0.9
SOMG12h_191,capacityfactor_solar,13,0.9
SOMG12h_192,capacityfactor_solar,13,0.9
SOMG12h_193,capacityfactor_solar,13,0.9
SOMG12h_194,capacityfactor_solar,13,0.9
SOMG12h_195,capacityfactor_solar,13,0.9
SOMG12h_196,capacityfactor_solar,13,0.9
SOMG12h_197,capacityfactor_solar,13,0.9
SOMG12h_198,capacityfactor_solar,13,0.9
SOMG12h_199,capacityfactor_solar,13,0.9
SOMG12h_200,capacityfactor_solar,13,0.9
SOMG12h_201,capacityfactor_solar,13,0.9
SOMG12h_202,capacityfactor_solar,13,0.9
SOMG12h_203,capacityfactor_solar,13,0.9
SOMG12h_204,capacityfactor_solar,13,0.9
SOMG12h_205,capacityfactor_solar,13,0.9
SOMG12h_206,capacityfactor_solar,13,0.9
SOMG12h_207,capacityfactor_solar,13,0.9
SOMG12h_208,capacityfactor_solar,13,0.9
SOMG12h_209,capacityfactor_solar,13,0.9
SOMG12h_210,capacityfactor_solar,13,0.9
SOMG12h_211,capacityfactor_solar,13,0.9
SOMG12h_212,capacityfactor_solar,13,0.9
SOMG12h_213,capacityfactor_solar,13,0.9
SOMG12h_214,capacityfactor_solar,13,0.9
SOMG12h_215,capacityfactor_solar,13,0.9
SOMG12h_216,capacityfactor_solar,13,0.9
SOMG12h_217,capacityfactor_solar,13,0.9
SOMG12h_218,capacityfactor_solar,13,0.9
SOMG12h_219,capacityfactor_solar,13,0.9
SOMG12h_220,capacityfactor_solar,13,0.9
SOMG12h_221,capacityfactor_solar,13,0.9
SOMG12h_222,capacityfactor_solar,13,0.9
SOMG12h_223,capacityfactor_solar,13,0.9
SOMG12h_224,capacityfactor_solar,13,0.9
SOMG12h_225,capacityfactor_solar,13,0.9
SOMG12h_226,capacityfactor_solar,13,0.9
SOMG12h_227,capacityfactor_solar,13,0.9
SOMG12h_228,capacityfactor_solar,13,0.9
SOMG12h_229,capacityfactor_solar,13,0.9
SOMG12h_230,capacityfactor_solar,13,0.9
SOMG12h_231,capacityfactor_solar,13,0.9
SOMG12h_232,capacityfactor_solar,13,0.9
SOMG12h_233,capacityfactor_solar,13,0.9
SOMG12h_234,capacityfactor_solar,13,0.9
SOMG12h_235,capacityfactor_solar,13,0.9
SOMG12h_236,capacityfactor_solar,13,0.9
SOMG12h_237,capacityfactor_solar,13,0.9
SOMG12h_238,capacityfactor_solar,13,0.9
SOMG12h_239,capacityfactor_solar,13,0.9
SOMG12h_240,capacityfactor_solar,13,0.9
SOMG12h_241,capacityfactor_solar,13,0.9
SOMG12h_242,capacityfactor_solar,13,0.9
SOMG12h_243,capacityfactor_solar,13,0.9
SOMG12h_244,capacityfactor_solar,13,0.9
SOMG12h_245,capacityfactor_solar,13,0.9
SOMG12h_246,capacityfactor_solar,13,0.9
SOMG12h_247,capacityfactor_solar,13,0.9
SOMG12h_248,capacityfactor_solar,13,0.9
SOMG12h_249,capacityfactor_solar,13,0.9
SOMG12h_250,capacityfactor_solar,13,0.9
SOMG12h_251,capacityfactor_solar,13,0.9
SOMG12h_252,capacityfactor_solar,13,0.9
SOMG12h_253,capacityfactor_solar,13,0.9
SOMG12h_254,capacityfactor_solar,13,0.9
SOMG12h_255,capacityfactor_solar,13,0.9
SOMG12h_256,capacityfactor_solar,13,0.9
SOMG12h_257,capacityfactor_solar,13,0.9
SOMG12h_258,capacityfactor_solar,13,0.9
SOMG12h_259,capacityfactor_solar,13,0.9
SOMG12h_260,capacityfactor_solar,13,0.9
SOMG12h_261,capacityfactor_solar,13,0.9
SOMG12h_262,capacityfactor_solar,13,0.9
SOMG12h_263,capacityfactor_solar,13,0.9
SOMG12h_264,capacityfactor_solar,13,0.9
SOMG12h_265,capacityfactor_solar,13,0.9
SOMG12h_266,capacityfactor_solar,13,0.9
SOMG12h_267,capacityfactor_solar,13,0.9
SOMG12h_268,capacityfactor_solar,13,0.9
SOMG12h_269,capacityfactor_solar,13,0.9
SOMG12h_270,capacityfactor_solar,13,0.9
SOMG12h_271,capacityfactor_solar,13,0.9
SOMG12h_272,capacityfactor_solar,13,0.9
SOMG12h_273,capacityfactor_solar,13,0.9
SOMG12h_274,capacityfactor_solar,13,0.9
SOMG12h_275,capacityfactor_solar,13,0.9
SOMG12h_276,capacityfactor_solar,13,0.9
SOMG12h_277,capacityfactor_solar,13,0.9
SOMG12h_278,capacityfactor_solar,13,0.9
SOMG12h_279,capacityfactor_solar,13,0.9
SOMG12h_280,capacityfactor_solar,13,0.9
SOMG12h_281,capacityfactor_solar,13,0.9
SOMG12h_282,capacityfactor_solar,13,0.9
SOMG12h_283,capacityfactor_solar,13,0.9
SOMG12h_284,capacityfactor_solar,13,0.9
SOMG12h_285,capacityfactor_solar,13,0.9
SOMG12h_286,capacityfactor_solar,13,0.9
SOMG12h_287,capacityfactor_solar,13,0.9
SOMG12h_288,capacityfactor_solar,13,0.9
SOMG12h_289,capacityfactor_solar,13,0.9
SOMG12h_290,capacityfactor_solar,13,0.9
SOMG12h_291,capacityfactor_solar,13,0.9
SOMG12h_292,capacityfactor_solar,13,0.9
SOMG12h_293,capacityfactor_solar,13,0.9
SOMG12h_294,capacityfactor_solar,13,0.9
SOMG12h_295,capacityfactor_solar,13,0.9
SOMG12h_296,capacityfactor_solar,13,0.9
SOMG12h_297,capacityfactor_solar,13,0.9
SOMG12h_298,capacityfactor_solar,13,0.9
SOMG12h_299,capacityfactor_solar,13,0.9
SOMG12h_300,capacityfactor_solar,13,0.9
SOMG12h_301,capacityfactor_solar,13,0.9
SOMG12h_302,capacityfactor_solar,13,0.9
SOMG12h_303,capacityfactor_solar,13,0.9
SOMG12h_304,capacityfactor_solar,13,0.9
SOMG12h_305,capacityfactor_solar,13,0.9
SOMG12h_306,capacityfactor_solar,13,0.9
SOMG12h_307,capacityfactor_solar,13,0.9
SOMG12h_308,capacityfactor_solar,13,0.9
SOMG12h_309,capacityfactor_solar,13,0.9
SOMG12h_310,capacityfactor_solar,13,0.9
SOMG12h_311,capacityfactor_solar,13,0.9
SOMG12h_312,capacityfactor_solar,13,0.9
SOMG12h_313,capacityfactor_solar,13,0.9
SOMG12h_314,capacityfactor_solar,13,0.9
SOMG12h_315,capacityfactor_solar,13,0.9
SOMG12h_316,capacityfactor_solar,13,0.9
SOMG12h_317,capacityfactor_solar,13,0.9
SOMG12h_318,capacityfactor_solar,13,0.9
SOMG12h_319,capacityfactor_solar,13,0.9
SOMG12h_320,capacityfactor_solar,13,0.9
SOMG12h_321,capacityfactor_solar,13,0.9
SOMG12h_322,capacityfactor_solar,13,0.9
SOMG12h_323,capacityfactor_solar,13,0.9
SOMG12h_324,capacityfactor_solar,13,0.9
SOMG12h_325,capacityfactor_solar,13,0.9
SOMG12h_326,capacityfactor_solar,13,0.9
SOMG12h_327,capacityfactor_solar,13,0.9
SOMG12h_328,capacityfactor_solar,13,0.9
SOMG12h_329,capacityfactor_solar,13,0.9
SOMG12h_330,capacityfactor_solar,13,0.9
SOMG12h_331,capacityfactor_solar,13,0.9
SOMG12h_332,capacityfactor_solar,13,0.9
SOMG12h_333,capacityfactor_solar,13,0.9
SOMG12h_334,capacityfactor_solar,13,0.9
SOMG12h_335,capacityfactor_solar,13,0.9
SOMG12h_336,capacityfactor_solar,13,0.9
SOMG12h_337,capacityfactor_solar,13,0.9
SOMG12h_338,capacityfactor_solar,13,0.9
SOMG12h_339,capacityfactor_solar,13,0.9
SOMG12h_340,capacityfactor_solar,13,0.9
SOMG12h_341,capacityfactor_solar,13,0.9
SOMG12h_342,capacityfactor_solar,13,0.9
SOMG12h_343,capacityfactor_solar,13,0.9
SOMG12h_344,capacityfactor_solar,13,0.9
SOMG12h_345,capacityfactor_solar,13,0.9
SOMG12h_346,capacityfactor_solar,13,0.9
SOMG12h_347,capacityfactor_solar,13,0.9
SOMG12h_348,capacityfactor_solar,13,0.9
SOMG12h_349,capacityfactor_solar,13,0.9
SOMG12h_350,capacityfactor_solar,13,0.9
SOMG12h_351,capacityfactor_solar,13,0.9
SOMG12h_352,capacityfactor_solar,13,0.9
SOMG12h_353,capacityfactor_solar,13,0.9
SOMG12h_354,capacityfactor_solar,13,0.9
SOMG12h_355,capacityfactor_solar,13,0.9
SOMG12h_356,capacityfactor_solar,13,0.9
SOMG12h_357,capacityfactor_solar,13,0.9
SOMG12h_358,capacityfactor_solar,13,0.9
SOMG12h_359,capacityfactor_solar,13,0.9
SOMG12h_360,capacityfactor_solar,13,0.9
SOMG12h_361,capacityfactor_solar,13,0.9
SOMG12h_362,capacityfactor_solar,13,0.9
SOMG12h_363,capacityfactor_solar,13,0.9
SOMG12h_364,capacityfactor_solar,13,0.9
SOMG12h_365,capacityfactor_solar,13,0.9
SOMG12h_366,capacityfactor_solar,13,0.9
SOMG12h_367,capacityfactor_solar,13,0.9
SOMG12h_368,capacityfactor_solar,13,0.9
SOMG12h_369,capacityfactor_solar,13,0.9
SOMG12h_370,capacityfactor_solar,13,0.9
SOMG12h_371,capacityfactor_solar,13,0.9
SOMG12h_372,capacityfactor_solar,13,0.9
SOMG12h_373,capacityfactor_solar,13,0.9
SOMG12h_374,capacityfactor_solar,13,0.9
SOMG12h_375,capacityfactor_solar,13,0.9
SOMG12h_376,capacityfactor_solar,13,0.9
SOMG12h_377,capacityfactor_solar,13,0.9
SOMG12h_378,capacityfactor_solar,13,0.9
SOPV8h_1_1,capacityfactor_solar,8,0.9
SOPV8h_1_0,capacityfactor_solar,8,0.9
SOPV8h_5_1,capacityfactor_solar,8,0.9
SOPV8h_5_0,capacityfactor_solar,8,0.9
SOPV8h_6_1,capacityfactor_solar,8,0.9
SOPV8h_6_0,capacityfactor_solar,8,0.9
SOPV8h_8_1,capacityfactor_solar,8,0.9
SOPV8h_8_0,capacityfactor_solar,8,0.9
SOPV8h_17_1,capacityfactor_solar,8,0.9
SOPV8h_17_0,capacityfactor_solar,8,0.9
SOPV8h_30_1,capacityfactor_solar,8,0.9
SOPV8h_30_0,capacityfactor_solar,8,0.9
SOPV8h_33_1,capacityfactor_solar,8,0.9
SOPV8h_33_0,capacityfactor_solar,8,0.9
SOPV8h_34_1,capacityfactor_solar,8,0.9
SOPV8h_34_0,capacityfactor_solar,8,0.9
SOPV8h_37_1,capacityfactor_solar,8,0.9
SOPV8h_37_0,capacityfactor_solar,8,0.9
SOPV8h_39_1,capacityfactor_solar,8,0.9
SOPV8h_39_0,capacityfactor_solar,8,0.9
SOPV8h_42_1,capacityfactor_solar,8,0.9
SOPV8h_42_0,capacityfactor_solar,8,0.9
SOPV8h_43_1,capacityfactor_solar,8,0.9
SOPV8h_43_0,capacityfactor_solar,8,0.9
SOPV8h_48_1,capacityfactor_solar,8,0.9
SOPV8h_48_0,capacityfactor_solar,8,0.9
SOPV8h_49_1,capacityfactor_solar,8,0.9
SOPV8h_49_0,capacityfactor_solar,8,0.9
SOPV8h_50_1,capacityfactor_solar,8,0.9
SOPV8h_50_0,capacityfactor_solar,8,0.9
SOPV8h_51_1,capacityfactor_solar,8,0.9
SOPV8h_51_0,capacityfactor_solar,8,0.9
SOPV8h_52_1,capacityfactor_solar,8,0.9
SOPV8h_52_0,capacityfactor_solar,8,0.9
SOPV8h_53_1,capacityfactor_solar,8,0.9
SOPV8h_53_0,capacityfactor_solar,8,0.9
SOPV8h_58_1,capacityfactor_solar,8,0.9
SOPV8h_58_0,capacityfactor_solar,8,0.9
SOPV8h_59_1,capacityfactor_solar,8,0.9
SOPV8h_59_0,capacityfactor_solar,8,0.9
SOPV8h_72_1,capacityfactor_solar,8,0.9
SOPV8h_72_0,capacityfactor_solar,8,0.9
SOPV8h_73_1,capacityfactor_solar,8,0.9
SOPV8h_73_0,capacityfactor_solar,8,0.9
SOPV8h_74_1,capacityfactor_solar,8,0.9
SOPV8h_74_0,capacityfactor_solar,8,0.9
SOPV8h_87_1,capacityfactor_solar,8,0.9
SOPV8h_87_0,capacityfactor_solar,8,0.9
SOPV8h_88_1,capacityfactor_solar,8,0.9
SOPV8h_88_0,capacityfactor_solar,8,0.9
SOPV8h_91_1,capacityfactor_solar,8,0.9
SOPV8h_91_0,capacityfactor_solar,8,0.9
SOPV8h_92_1,capacityfactor_solar,8,0.9
SOPV8h_92_0,capacityfactor_solar,8,0.9
SOPV8h_100_1,capacityfactor_solar,8,0.9
SOPV8h_100_0,capacityfactor_solar,8,0.9
SOPV8h_104_1,capacityfactor_solar,8,0.9
SOPV8h_104_0,capacityfactor_solar,8,0.9
SOPV8h_105_1,capacityfactor_solar,8,0.9
SOPV8h_105_0,capacityfactor_solar,8,0.9
SOPV8h_106_1,capacityfactor_solar,8,0.9
SOPV8h_106_0,capacityfactor_solar,8,0.9
SOPV8h_109_1,capacityfactor_solar,8,0.9
SOPV8h_109_0,capacityfactor_solar,8,0.9
SOPV8h_110_1,capacityfactor_solar,8,0.9
SOPV8h_110_0,capacityfactor_solar,8,0.9
SOPV8h_112_1,capacityfactor_solar,8,0.9
SOPV8h_112_0,capacityfactor_solar,8,0.9
SOPV8h_114_1,capacityfactor_solar,8,0.9
SOPV8h_114_0,capacityfactor_solar,8,0.9
SOPV8h_117_1,capacityfactor_solar,8,0.9
SOPV8h_117_0,capacityfactor_solar,8,0.9
SOPV8h_120_1,capacityfactor_solar,8,0.9
SOPV8h_120_0,capacityfactor_solar,8,0.9
SOPV8h_122_1,capacityfactor_solar,8,0.9
SOPV8h_122_0,capacityfactor_solar,8,0.9
SOPV8h_123_1,capacityfactor_solar,8,0.9
SOPV8h_123_0,capacityfactor_solar,8,0.9
SOPV8h_126_1,capacityfactor_solar,8,0.9
SOPV8h_126_0,capacityfactor_solar,8,0.9
SOPV8h_127_1,capacityfactor_solar,8,0.9
SOPV8h_127_0,capacityfactor_solar,8,0.9
SOPV8h_128_1,capacityfactor_solar,8,0.9
SOPV8h_128_0,capacityfactor_solar,8,0.9
SOPV8h_131_1,capacityfactor_solar,8,0.9
SOPV8h_131_0,capacityfactor_solar,8,0.9
SOPV8h_134_1,capacityfactor_solar,8,0.9
SOPV8h_134_0,capacityfactor_solar,8,0.9
SOPV8h_139_1,capacityfactor_solar,8,0.9
SOPV8h_139_0,capacityfactor_solar,8,0.9
SOPV8h_140_1,capacityfactor_solar,8,0.9
SOPV8h_140_0,capacityfactor_solar,8,0.9
SOPV8h_143_1,capacityfactor_solar,8,0.9
SOPV8h_143_0,capacityfactor_solar,8,0.9
SOPV8h_144_1,capacityfactor_solar,8,0.9
SOPV8h_144_0,capacityfactor_solar,8,0.9
SOPV8h_145_1,capacityfactor_solar,8,0.9
SOPV8h_145_0,capacityfactor_solar,8,0.9
SOPV8h_147_1,capacityfactor_solar,8,0.9
SOPV8h_147_0,capacityfactor_solar,8,0.9
SOPV8h_148_1,capacityfactor_solar,8,0.9
SOPV8h_148_0,capacityfactor_solar,8,0.9
SOPV8h_149_1,capacityfactor_solar,8,0.9
SOPV8h_149_0,capacityfactor_solar,8,0.9
SOPV8h_153_1,capacityfactor_solar,8,0.9
SOPV8h_153_0,capacityfactor_solar,8,0.9
SOPV8h_160_1,capacityfactor_solar,8,0.9
SOPV8h_160_0,capacityfactor_solar,8,0.9
SOPV8h_161_1,capacityfactor_solar,8,0.9
SOPV8h_161_0,capacityfactor_solar,8,0.9
SOPV8h_162_1,capacityfactor_solar,8,0.9
SOPV8h_162_0,capacityfactor_solar,8,0.9
SOPV8h_163_1,capacityfactor_solar,8,0.9
SOPV8h_163_0,capacityfactor_solar,8,0.9
SOPV8h_164_1,capacityfactor_solar,8,0.9
SOPV8h_164_0,capacityfactor_solar,8,0.9
SOPV8h_165_1,capacityfactor_solar,8,0.9
SOPV8h_165_0,capacityfactor_solar,8,0.9
SOPV8h_166_1,capacityfactor_solar,8,0.9
SOPV8h_166_0,capacityfactor_solar,8,0.9
SOPV8h_167_1,capacityfactor_solar,8,0.9
SOPV8h_167_0,capacityfactor_solar,8,0.9
SOPV8h_168_1,capacityfactor_solar,8,0.9
SOPV8h_168_0,capacityfactor_solar,8,0.9
SOPV8h_170_1,capacityfactor_solar,8,0.9
SOPV8h_170_0,capacityfactor_solar,8,0.9
SOPV8h_171_1,capacityfactor_solar,8,0.9
SOPV8h_171_0,capacityfactor_solar,8,0.9
SOPV8h_172_1,capacityfactor_solar,8,0.9
SOPV8h_172_0,capacityfactor_solar,8,0.9
SOPV8h_173_1,capacityfactor_solar,8,0.9
SOPV8h_173_0,capacityfactor_solar,8,0.9
SOPV8h_174_1,capacityfactor_solar,8,0.9
SOPV8h_174_0,capacityfactor_solar,8,0.9
SOPV8h_178_1,capacityfactor_solar,8,0.9
SOPV8h_178_0,capacityfactor_solar,8,0.9
SOPV8h_179_1,capacityfactor_solar,8,0.9
SOPV8h_179_0,capacityfactor_solar,8,0.9
SOPV8h_180_1,capacityfactor_solar,8,0.9
SOPV8h_180_0,capacityfactor_solar,8,0.9
SOPV8h_181_1,capacityfactor_solar,8,0.9
SOPV8h_181_0,capacityfactor_solar,8,0.9
SOPV8h_182_1,capacityfactor_solar,8,0.9
SOPV8h_182_0,capacityfactor_solar,8,0.9
SOPV8h_183_1,capacityfactor_solar,8,0.9
SOPV8h_183_0,capacityfactor_solar,8,0.9
SOPV8h_184_1,capacityfactor_solar,8,0.9
SOPV8h_184_0,capacityfactor_solar,8,0.9
SOPV8h_185_1,capacityfactor_solar,8,0.9
SOPV8h_185_0,capacityfactor_solar,8,0.9
SOPV8h_186_1,capacityfactor_solar,8,0.9
SOPV8h_186_0,capacityfactor_solar,8,0.9
SOPV8h_187_1,capacityfactor_solar,8,0.9
SOPV8h_187_0,capacityfactor_solar,8,0.9
SOPV8h_188_1,capacityfactor_solar,8,0.9
SOPV8h_188_0,capacityfactor_solar,8,0.9
SOPV8h_189_1,capacityfactor_solar,8,0.9
SOPV8h_189_0,capacityfactor_solar,8,0.9
SOPV8h_190_1,capacityfactor_solar,8,0.9
SOPV8h_190_0,capacityfactor_solar,8,0.9
SOPV8h_191_1,capacityfactor_solar,8,0.9
SOPV8h_191_0,capacityfactor_solar,8,0.9
SOPV8h_192_1,capacityfactor_solar,8,0.9
SOPV8h_192_0,capacityfactor_solar,8,0.9
SOPV8h_193_1,capacityfactor_solar,8,0.9
SOPV8h_193_0,capacityfactor_solar,8,0.9
SOPV8h_197_1,capacityfactor_solar,8,0.9
SOPV8h_197_0,capacityfactor_solar,8,0.9
SOPV8h_198_1,capacityfactor_solar,8,0.9
SOPV8h_198_0,capacityfactor_solar,8,0.9
SOPV8h_199_1,capacityfactor_solar,8,0.9
SOPV8h_199_0,capacityfactor_solar,8,0.9
SOPV8h_200_1,capacityfactor_solar,8,0.9
SOPV8h_200_0,capacityfactor_solar,8,0.9
SOPV8h_201_1,capacityfactor_solar,8,0.9
SOPV8h_201_0,capacityfactor_solar,8,0.9
SOPV8h_202_1,capacityfactor_solar,8,0.9
SOPV8h_202_0,capacityfactor_solar,8,0.9
SOPV8h_203_1,capacityfactor_solar,8,0.9
SOPV8h_203_0,capacityfactor_solar,8,0.9
SOPV8h_204_1,capacityfactor_solar,8,0.9
SOPV8h_204_0,capacityfactor_solar,8,0.9
SOPV8h_205_1,capacityfactor_solar,8,0.9
SOPV8h_205_0,capacityfactor_solar,8,0.9
SOPV8h_206_1,capacityfactor_solar,8,0.9
SOPV8h_206_0,capacityfactor_solar,8,0.9
SOPV8h_207_1,capacityfactor_solar,8,0.9
SOPV8h_207_0,capacityfactor_solar,8,0.9
SOPV8h_208_1,capacityfactor_solar,8,0.9
SOPV8h_208_0,capacityfactor_solar,8,0.9
SOPV8h_209_1,capacityfactor_solar,8,0.9
SOPV8h_209_0,capacityfactor_solar,8,0.9
SOPV8h_217_1,capacityfactor_solar,8,0.9
SOPV8h_217_0,capacityfactor_solar,8,0.9
SOPV8h_218_1,capacityfactor_solar,8,0.9
SOPV8h_218_0,capacityfactor_solar,8,0.9
SOPV8h_219_1,capacityfactor_solar,8,0.9
SOPV8h_219_0,capacityfactor_solar,8,0.9
SOPV8h_220_1,capacityfactor_solar,8,0.9
SOPV8h_220_0,capacityfactor_solar,8,0.9
SOPV8h_221_1,capacityfactor_solar,8,0.9
SOPV8h_221_0,capacityfactor_solar,8,0.9
SOPV8h_222_1,capacityfactor_solar,8,0.9
SOPV8h_222_0,capacityfactor_solar,8,0.9
SOPV8h_223_1,capacityfactor_solar,8,0.9
SOPV8h_223_0,capacityfactor_solar,8,0.9
SOPV8h_224_1,capacityfactor_solar,8,0.9
SOPV8h_224_0,capacityfactor_solar,8,0.9
SOPV8h_225_1,capacityfactor_solar,8,0.9
SOPV8h_225_0,capacityfactor_solar,8,0.9
SOPV8h_226_1,capacityfactor_solar,8,0.9
SOPV8h_226_0,capacityfactor_solar,8,0.9
SOPV8h_227_1,capacityfactor_solar,8,0.9
SOPV8h_227_0,capacityfactor_solar,8,0.9
SOPV8h_228_1,capacityfactor_solar,8,0.9
SOPV8h_228_0,capacityfactor_solar,8,0.9
SOPV8h_229_1,capacityfactor_solar,8,0.9
SOPV8h_229_0,capacityfactor_solar,8,0.9
SOPV8h_232_1,capacityfactor_solar,8,0.9
SOPV8h_232_0,capacityfactor_solar,8,0.9
SOPV8h_233_1,capacityfactor_solar,8,0.9
SOPV8h_233_0,capacityfactor_solar,8,0.9
SOPV8h_237_1,capacityfactor_solar,8,0.9
SOPV8h_237_0,capacityfactor_solar,8,0.9
SOPV8h_238_1,capacityfactor_solar,8,0.9
SOPV8h_238_0,capacityfactor_solar,8,0.9
SOPV8h_239_1,capacityfactor_solar,8,0.9
SOPV8h_239_0,capacityfactor_solar,8,0.9
SOPV8h_240_1,capacityfactor_solar,8,0.9
SOPV8h_240_0,capacityfactor_solar,8,0.9
SOPV8h_241_1,capacityfactor_solar,8,0.9
SOPV8h_241_0,capacityfactor_solar,8,0.9
SOPV8h_242_1,capacityfactor_solar,8,0.9
SOPV8h_242_0,capacityfactor_solar,8,0.9
SOPV8h_243_1,capacityfactor_solar,8,0.9
SOPV8h_243_0,capacityfactor_solar,8,0.9
SOPV8h_244_1,capacityfactor_solar,8,0.9
SOPV8h_244_0,capacityfactor_solar,8,0.9
SOPV8h_245_1,capacityfactor_solar,8,0.9
SOPV8h_245_0,capacityfactor_solar,8,0.9
SOPV8h_246_1,capacityfactor_solar,8,0.9
SOPV8h_246_0,capacityfactor_solar,8,0.9
SOPV8h_247_1,capacityfactor_solar,8,0.9
SOPV8h_247_0,capacityfactor_solar,8,0.9
SOPV8h_248_1,capacityfactor_solar,8,0.9
SOPV8h_248_0,capacityfactor_solar,8,0.9
SOPV8h_249_1,capacityfactor_solar,8,0.9
SOPV8h_249_0,capacityfactor_solar,8,0.9
SOPV8h_250_1,capacityfactor_solar,8,0.9
SOPV8h_250_0,capacityfactor_solar,8,0.9
SOPV8h_251_1,capacityfactor_solar,8,0.9
SOPV8h_251_0,capacityfactor_solar,8,0.9
SOPV8h_252_1,capacityfactor_solar,8,0.9
SOPV8h_252_0,capacityfactor_solar,8,0.9
SOPV8h_253_1,capacityfactor_solar,8,0.9
SOPV8h_253_0,capacityfactor_solar,8,0.9
SOPV8h_257_1,capacityfactor_solar,8,0.9
SOPV8h_257_0,capacityfactor_solar,8,0.9
SOPV8h_258_1,capacityfactor_solar,8,0.9
SOPV8h_258_0,capacityfactor_solar,8,0.9
SOPV8h_259_1,capacityfactor_solar,8,0.9
SOPV8h_259_0,capacityfactor_solar,8,0.9
SOPV8h_260_1,capacityfactor_solar,8,0.9
SOPV8h_260_0,capacityfactor_solar,8,0.9
SOPV8h_261_1,capacityfactor_solar,8,0.9
SOPV8h_261_0,capacityfactor_solar,8,0.9
SOPV8h_262_1,capacityfactor_solar,8,0.9
SOPV8h_262_0,capacityfactor_solar,8,0.9
SOPV8h_263_1,capacityfactor_solar,8,0.9
SOPV8h_263_0,capacityfactor_solar,8,0.9
SOPV8h_264_1,capacityfactor_solar,8,0.9
SOPV8h_264_0,capacityfactor_solar,8,0.9
SOPV8h_265_1,capacityfactor_solar,8,0.9
SOPV8h_265_0,capacityfactor_solar,8,0.9
SOPV8h_266_1,capacityfactor_solar,8,0.9
SOPV8h_266_0,capacityfactor_solar,8,0.9
SOPV8h_267_1,capacityfactor_solar,8,0.9
SOPV8h_267_0,capacityfactor_solar,8,0.9
SOPV8h_268_1,capacityfactor_solar,8,0.9
SOPV8h_268_0,capacityfactor_solar,8,0.9
SOPV8h_269_1,capacityfactor_solar,8,0.9
SOPV8h_269_0,capacityfactor_solar,8,0.9
SOPV8h_270_1,capacityfactor_solar,8,0.9
SOPV8h_270_0,capacityfactor_solar,8,0.9
SOPV8h_271_1,capacityfactor_solar,8,0.9
SOPV8h_271_0,capacityfactor_solar,8,0.9
SOPV8h_272_1,capacityfactor_solar,8,0.9
SOPV8h_272_0,capacityfactor_solar,8,0.9
SOPV8h_277_1,capacityfactor_solar,8,0.9
SOPV8h_277_0,capacityfactor_solar,8,0.9
SOPV8h_278_1,capacityfactor_solar,8,0.9
SOPV8h_278_0,capacityfactor_solar,8,0.9
SOPV8h_279_1,capacityfactor_solar,8,0.9
SOPV8h_279_0,capacityfactor_solar,8,0.9
SOPV8h_280_1,capacityfactor_solar,8,0.9
SOPV8h_280_0,capacityfactor_solar,8,0.9
SOPV8h_281_1,capacityfactor_solar,8,0.9
SOPV8h_281_0,capacityfactor_solar,8,0.9
SOPV8h_282_1,capacityfactor_solar,8,0.9
SOPV8h_282_0,capacityfactor_solar,8,0.9
SOPV8h_283_1,capacityfactor_solar,8,0.9
SOPV8h_283_0,capacityfactor_solar,8,0.9
SOPV8h_284_1,capacityfactor_solar,8,0.9
SOPV8h_284_0,capacityfactor_solar,8,0.9
SOPV8h_285_1,capacityfactor_solar,8,0.9
SOPV8h_285_0,capacityfactor_solar,8,0.9
SOPV8h_286_1,capacityfactor_solar,8,0.9
SOPV8h_286_0,capacityfactor_solar,8,0.9
SOPV8h_287_1,capacityfactor_solar,8,0.9
SOPV8h_287_0,capacityfactor_solar,8,0.9
SOPV8h_288_1,capacityfactor_solar,8,0.9
SOPV8h_288_0,capacityfactor_solar,8,0.9
SOPV8h_291_1,capacityfactor_solar,8,0.9
SOPV8h_291_0,capacityfactor_solar,8,0.9
SOPV8h_292_1,capacityfactor_solar,8,0.9
SOPV8h_292_0,capacityfactor_solar,8,0.9
SOPV8h_297_1,capacityfactor_solar,8,0.9
SOPV8h_297_0,capacityfactor_solar,8,0.9
SOPV8h_298_1,capacityfactor_solar,8,0.9
SOPV8h_298_0,capacityfactor_solar,8,0.9
SOPV8h_299_1,capacityfactor_solar,8,0.9
SOPV8h_299_0,capacityfactor_solar,8,0.9
SOPV8h_300_1,capacityfactor_solar,8,0.9
SOPV8h_300_0,capacityfactor_solar,8,0.9
SOPV8h_301_1,capacityfactor_solar,8,0.9
SOPV8h_301_0,capacityfactor_solar,8,0.9
SOPV8h_302_1,capacityfactor_solar,8,0.9
SOPV8h_302_0,capacityfactor_solar,8,0.9
SOPV8h_303_1,capacityfactor_solar,8,0.9
SOPV8h_303_0,capacityfactor_solar,8,0.9
SOPV8h_304_1,capacityfactor_solar,8,0.9
SOPV8h_304_0,capacityfactor_solar,8,0.9
SOPV8h_305_1,capacityfactor_solar,8,0.9
SOPV8h_305_0,capacityfactor_solar,8,0.9
SOPV8h_310_1,capacityfactor_solar,8,0.9
SOPV8h_310_0,capacityfactor_solar,8,0.9
SOPV8h_314_1,capacityfactor_solar,8,0.9
SOPV8h_314_0,capacityfactor_solar,8,0.9
SOPV8h_315_1,capacityfactor_solar,8,0.9
SOPV8h_315_0,capacityfactor_solar,8,0.9
SOPV8h_316_1,capacityfactor_solar,8,0.9
SOPV8h_316_0,capacityfactor_solar,8,0.9
SOPV8h_317_1,capacityfactor_solar,8,0.9
SOPV8h_317_0,capacityfactor_solar,8,0.9
SOPV8h_318_1,capacityfactor_solar,8,0.9
SOPV8h_318_0,capacityfactor_solar,8,0.9
SOPV8h_319_1,capacityfactor_solar,8,0.9
SOPV8h_319_0,capacityfactor_solar,8,0.9
SOPV8h_320_1,capacityfactor_solar,8,0.9
SOPV8h_320_0,capacityfactor_solar,8,0.9
SOPV8h_321_1,capacityfactor_solar,8,0.9
SOPV8h_321_0,capacityfactor_solar,8,0.9
SOPV8h_322_1,capacityfactor_solar,8,0.9
SOPV8h_322_0,capacityfactor_solar,8,0.9
SOPV8h_327_1,capacityfactor_solar,8,0.9
SOPV8h_327_0,capacityfactor_solar,8,0.9
SOPV8h_329_1,capacityfactor_solar,8,0.9
SOPV8h_329_0,capacityfactor_solar,8,0.9
SOPV8h_330_1,capacityfactor_solar,8,0.9
SOPV8h_330_0,capacityfactor_solar,8,0.9
SOPV8h_331_1,capacityfactor_solar,8,0.9
SOPV8h_331_0,capacityfactor_solar,8,0.9
SOPV8h_332_1,capacityfactor_solar,8,0.9
SOPV8h_332_0,capacityfactor_solar,8,0.9
SOPV8h_333_1,capacityfactor_solar,8,0.9
SOPV8h_333_0,capacityfactor_solar,8,0.9
SOPV8h_334_1,capacityfactor_solar,8,0.9
SOPV8h_334_0,capacityfactor_solar,8,0.9
SOPV8h_335_1,capacityfactor_solar,8,0.9
SOPV8h_335_0,capacityfactor_solar,8,0.9
SOPV8h_336_1,capacityfactor_solar,8,0.9
SOPV8h_336_0,capacityfactor_solar,8,0.9
SOPV8h_337_1,capacityfactor_solar,8,0.9
SOPV8h_337_0,capacityfactor_solar,8,0.9
SOPV8h_341_1,capacityfactor_solar,8,0.9
SOPV8h_341_0,capacityfactor_solar,8,0.9
SOPV8h_342_1,capacityfactor_solar,8,0.9
SOPV8h_342_0,capacityfactor_solar,8,0.9
SOPV8h_343_1,capacityfactor_solar,8,0.9
SOPV8h_343_0,capacityfactor_solar,8,0.9
SOPV8h_344_1,capacityfactor_solar,8,0.9
SOPV8h_344_0,capacityfactor_solar,8,0.9
SOPV8h_345_1,capacityfactor_solar,8,0.9
SOPV8h_345_0,capacityfactor_solar,8,0.9
SOPV8h_346_1,capacityfactor_solar,8,0.9
SOPV8h_346_0,capacityfactor_solar,8,0.9
SOPV8h_347_1,capacityfactor_solar,8,0.9
SOPV8h_347_0,capacityfactor_solar,8,0.9
SOPV8h_348_1,capacityfactor_solar,8,0.9
SOPV8h_348_0,capacityfactor_solar,8,0.9
SOPV8h_352_1,capacityfactor_solar,8,0.9
SOPV8h_352_0,capacityfactor_solar,8,0.9
SOPV8h_353_1,capacityfactor_solar,8,0.9
SOPV8h_353_0,capacityfactor_solar,8,0.9
SOPV8h_354_1,capacityfactor_solar,8,0.9
SOPV8h_354_0,capacityfactor_solar,8,0.9
SOPV8h_355_1,capacityfactor_solar,8,0.9
SOPV8h_355_0,capacityfactor_solar,8,0.9
SOPV8h_356_1,capacityfactor_solar,8,0.9
SOPV8h_356_0,capacityfactor_solar,8,0.9
SOPV8h_358_1,capacityfactor_solar,8,0.9
SOPV8h_358_0,capacityfactor_solar,8,0.9
SOPV8h_359_1,capacityfactor_solar,8,0.9
SOPV8h_359_0,capacityfactor_solar,8,0.9
SOPV8h_360_1,capacityfactor_solar,8,0.9
SOPV8h_360_0,capacityfactor_solar,8,0.9
SOPV8h_361_1,capacityfactor_solar,8,0.9
SOPV8h_361_0,capacityfactor_solar,8,0.9
SOPV8h_362_1,capacityfactor_solar,8,0.9
SOPV8h_362_0,capacityfactor_solar,8,0.9
SOPV8h_363_1,capacityfactor_solar,8,0.9
SOPV8h_363_0,capacityfactor_solar,8,0.9
SOPV8h_364_1,capacityfactor_solar,8,0.9
SOPV8h_364_0,capacityfactor_solar,8,0.9
SOPV8h_365_1,capacityfactor_solar,8,0.9
SOPV8h_365_0,capacityfactor_solar,8,0.9
SOPV8h_366_1,capacityfactor_solar,8,0.9
SOPV8h_366_0,capacityfactor_solar,8,0.9
SOPV8h_367_1,capacityfactor_solar,8,0.9
SOPV8h_367_0,capacityfactor_solar,8,0.9
SOPV8h_368_1,capacityfactor_solar,8,0.9
SOPV8h_368_0,capacityfactor_solar,8,0.9
SOPV8h_369_1,capacityfactor_solar,8,0.9
SOPV8h_369_0,capacityfactor_solar,8,0.9
SOPV8h_370_1,capacityfactor_solar,8,0.9
SOPV8h_370_0,capacityfactor_solar,8,0.9
SOPV8h_371_1,capacityfactor_solar,8,0.9
SOPV8h_371_0,capacityfactor_solar,8,0.9
SOPV8h_373_1,capacityfactor_solar,8,0.9
SOPV8h_373_0,capacityfactor_solar,8,0.9
SOPV8h_374_1,capacityfactor_solar,8,0.9
SOPV8h_374_0,capacityfactor_solar,8,0.9
SOPV8h_375_1,capacityfactor_solar,8,0.9
SOPV8h_375_0,capacityfactor_solar,8,0.9
SOPV8h_376_1,capacityfactor_solar,8,0.9
SOPV8h_376_0,capacityfactor_solar,8,0.9
SOPV8h_2_0,capacityfactor_solar,8,0.9
SOPV8h_3_0,capacityfactor_solar,8,0.9
SOPV8h_4_0,capacityfactor_solar,8,0.9
SOPV8h_7_0,capacityfactor_solar,8,0.9
SOPV8h_9_0,capacityfactor_solar,8,0.9
SOPV8h_10_0,capacityfactor_solar,8,0.9
SOPV8h_11_0,capacityfactor_solar,8,0.9
SOPV8h_12_0,capacityfactor_solar,8,0.9
SOPV8h_13_0,capacityfactor_solar,8,0.9
SOPV8h_14_0,capacityfactor_solar,8,0.9
SOPV8h_15_0,capacityfactor_solar,8,0.9
SOPV8h_16_0,capacityfactor_solar,8,0.9
SOPV8h_18_0,capacityfactor_solar,8,0.9
SOPV8h_19_0,capacityfactor_solar,8,0.9
SOPV8h_20_0,capacityfactor_solar,8,0.9
SOPV8h_21_0,capacityfactor_solar,8,0.9
SOPV8h_22_0,capacityfactor_solar,8,0.9
SOPV8h_23_0,capacityfactor_solar,8,0.9
SOPV8h_24_0,capacityfactor_solar,8,0.9
SOPV8h_25_0,capacityfactor_solar,8,0.9
SOPV8h_26_0,capacityfactor_solar,8,0.9
SOPV8h_27_0,capacityfactor_solar,8,0.9
SOPV8h_28_0,capacityfactor_solar,8,0.9
SOPV8h_29_0,capacityfactor_solar,8,0.9
SOPV8h_31_0,capacityfactor_solar,8,0.9
SOPV8h_32_0,capacityfactor_solar,8,0.9
SOPV8h_35_0,capacityfactor_solar,8,0.9
SOPV8h_36_0,capacityfactor_solar,8,0.9
SOPV8h_38_0,capacityfactor_solar,8,0.9
SOPV8h_40_0,capacityfactor_solar,8,0.9
SOPV8h_41_0,capacityfactor_solar,8,0.9
SOPV8h_44_0,capacityfactor_solar,8,0.9
SOPV8h_45_0,capacityfactor_solar,8,0.9
SOPV8h_46_0,capacityfactor_solar,8,0.9
SOPV8h_47_0,capacityfactor_solar,8,0.9
SOPV8h_54_0,capacityfactor_solar,8,0.9
SOPV8h_55_0,capacityfactor_solar,8,0.9
SOPV8h_56_0,capacityfactor_solar,8,0.9
SOPV8h_57_0,capacityfactor_solar,8,0.9
SOPV8h_60_0,capacityfactor_solar,8,0.9
SOPV8h_61_0,capacityfactor_solar,8,0.9
SOPV8h_62_0,capacityfactor_solar,8,0.9
SOPV8h_63_0,capacityfactor_solar,8,0.9
SOPV8h_64_0,capacityfactor_solar,8,0.9
SOPV8h_65_0,capacityfactor_solar,8,0.9
SOPV8h_66_0,capacityfactor_solar,8,0.9
SOPV8h_67_0,capacityfactor_solar,8,0.9
SOPV8h_68_0,capacityfactor_solar,8,0.9
SOPV8h_69_0,capacityfactor_solar,8,0.9
SOPV8h_70_0,capacityfactor_solar,8,0.9
SOPV8h_71_0,capacityfactor_solar,8,0.9
SOPV8h_75_0,capacityfactor_solar,8,0.9
SOPV8h_76_0,capacityfactor_solar,8,0.9
SOPV8h_77_0,capacityfactor_solar,8,0.9
SOPV8h_78_0,capacityfactor_solar,8,0.9
SOPV8h_79_0,capacityfactor_solar,8,0.9
SOPV8h_80_0,capacityfactor_solar,8,0.9
SOPV8h_81_0,capacityfactor_solar,8,0.9
SOPV8h_82_0,capacityfactor_solar,8,0.9
SOPV8h_83_0,capacityfactor_solar,8,0.9
SOPV8h_84_0,capacityfactor_solar,8,0.9
SOPV8h_85_0,capacityfactor_solar,8,0.9
SOPV8h_86_0,capacityfactor_solar,8,0.9
SOPV8h_89_0,capacityfactor_solar,8,0.9
SOPV8h_90_0,capacityfactor_solar,8,0.9
SOPV8h_93_0,capacityfactor_solar,8,0.9
SOPV8h_94_0,capacityfactor_solar,8,0.9
SOPV8h_95_0,capacityfactor_solar,8,0.9
SOPV8h_96_0,capacityfactor_solar,8,0.9
SOPV8h_97_0,capacityfactor_solar,8,0.9
SOPV8h_98_0,capacityfactor_solar,8,0.9
SOPV8h_99_0,capacityfactor_solar,8,0.9
SOPV8h_101_0,capacityfactor_solar,8,0.9
SOPV8h_102_0,capacityfactor_solar,8,0.9
SOPV8h_103_0,capacityfactor_solar,8,0.9
SOPV8h_107_0,capacityfactor_solar,8,0.9
SOPV8h_108_0,capacityfactor_solar,8,0.9
SOPV8h_111_0,capacityfactor_solar,8,0.9
SOPV8h_113_0,capacityfactor_solar,8,0.9
SOPV8h_115_0,capacityfactor_solar,8,0.9
SOPV8h_116_0,capacityfactor_solar,8,0.9
SOPV8h_118_0,capacityfactor_solar,8,0.9
SOPV8h_119_0,capacityfactor_solar,8,0.9
SOPV8h_121_0,capacityfactor_solar,8,0.9
SOPV8h_124_0,capacityfactor_solar,8,0.9
SOPV8h_125_0,capacityfactor_solar,8,0.9
SOPV8h_129_0,capacityfactor_solar,8,0.9
SOPV8h_130_0,capacityfactor_solar,8,0.9
SOPV8h_132_0,capacityfactor_solar,8,0.9
SOPV8h_133_0,capacityfactor_solar,8,0.9
SOPV8h_135_0,capacityfactor_solar,8,0.9
SOPV8h_136_0,capacityfactor_solar,8,0.9
SOPV8h_137_0,capacityfactor_solar,8,0.9
SOPV8h_138_0,capacityfactor_solar,8,0.9
SOPV8h_141_0,capacityfactor_solar,8,0.9
SOPV8h_142_0,capacityfactor_solar,8,0.9
SOPV8h_146_0,capacityfactor_solar,8,0.9
SOPV8h_150_0,capacityfactor_solar,8,0.9
SOPV8h_151_0,capacityfactor_solar,8,0.9
SOPV8h_152_0,capacityfactor_solar,8,0.9
SOPV8h_154_0,capacityfactor_solar,8,0.9
SOPV8h_155_0,capacityfactor_solar,8,0.9
SOPV8h_156_0,capacityfactor_solar,8,0.9
SOPV8h_157_0,capacityfactor_solar,8,0.9
SOPV8h_158_0,capacityfactor_solar,8,0.9
SOPV8h_159_0,capacityfactor_solar,8,0.9
SOPV8h_169_0,capacityfactor_solar,8,0.9
SOPV8h_175_0,capacityfactor_solar,8,0.9
SOPV8h_176_0,capacityfactor_solar,8,0.9
SOPV8h_177_0,capacityfactor_solar,8,0.9
SOPV8h_194_0,capacityfactor_solar,8,0.9
SOPV8h_195_0,capacityfactor_solar,8,0.9
SOPV8h_196_0,capacityfactor_solar,8,0.9
SOPV8h_210_0,capacityfactor_solar,8,0.9
SOPV8h_211_0,capacityfactor_solar,8,0.9
SOPV8h_212_0,capacityfactor_solar,8,0.9
SOPV8h_213_0,capacityfactor_solar,8,0.9
SOPV8h_214_0,capacityfactor_solar,8,0.9
SOPV8h_215_0,capacityfactor_solar,8,0.9
SOPV8h_216_0,capacityfactor_solar,8,0.9
SOPV8h_230_0,capacityfactor_solar,8,0.9
SOPV8h_231_0,capacityfactor_solar,8,0.9
SOPV8h_234_0,capacityfactor_solar,8,0.9
SOPV8h_235_0,capacityfactor_solar,8,0.9
SOPV8h_236_0,capacityfactor_solar,8,0.9
SOPV8h_254_0,capacityfactor_solar,8,0.9
SOPV8h_255_0,capacityfactor_solar,8,0.9
SOPV8h_256_0,capacityfactor_solar,8,0.9
SOPV8h_273_0,capacityfactor_solar,8,0.9
SOPV8h_274_0,capacityfactor_solar,8,0.9
SOPV8h_275_0,capacityfactor_solar,8,0.9
SOPV8h_276_0,capacityfactor_solar,8,0.9
SOPV8h_289_0,capacityfactor_solar,8,0.9
SOPV8h_290_0,capacityfactor_solar,8,0.9
SOPV8h_293_0,capacityfactor_solar,8,0.9
SOPV8h_294_0,capacityfactor_solar,8,0.9
SOPV8h_295_0,capacityfactor_solar,8,0.9
SOPV8h_296_0,capacityfactor_solar,8,0.9
SOPV8h_306_0,capacityfactor_solar,8,0.9
SOPV8h_307_0,capacityfactor_solar,8,0.9
SOPV8h_308_0,capacityfactor_solar,8,0.9
SOPV8h_309_0,capacityfactor_solar,8,0.9
SOPV8h_311_0,capacityfactor_solar,8,0.9
SOPV8h_312_0,capacityfactor_solar,8,0.9
SOPV8h_313_0,capacityfactor_solar,8,0.9
SOPV8h_323_0,capacityfactor_solar,8,0.9
SOPV8h_324_0,capacityfactor_solar,8,0.9
SOPV8h_325_0,capacityfactor_solar,8,0.9
SOPV8h_326_0,capacityfactor_solar,8,0.9
SOPV8h_328_0,capacityfactor_solar,8,0.9
SOPV8h_338_0,capacityfactor_solar,8,0.9
SOPV8h_339_0,capacityfactor_solar,8,0.9
SOPV8h_340_0,capacityfactor_solar,8,0.9
SOPV8h_349_0,capacityfactor_solar,8,0.9
SOPV8h_350_0,capacityfactor_solar,8,0.9
SOPV8h_351_0,capacityfactor_solar,8,0.9
SOPV8h_357_0,capacityfactor_solar,8,0.9
SOPV8h_372_0,capacityfactor_solar,8,0.9
SOPV8h_377_0,capacityfactor_solar,8,0.9
SOPV8h_378_0,capacityfactor_solar,8,0.9
WI13h_1,capacityfactor_wind,13,0.9
WI13h_2,capacityfactor_wind,13,0.9
WI13h_3,capacityfactor_wind,13,0.9
WI13h_4,capacityfactor_wind,13,0.9
WI13h_5,capacityfactor_wind,13,0.9
WI13h_6,capacityfactor_wind,13,0.9
WI13h_7,capacityfactor_wind,13,0.9
WI13h_8,capacityfactor_wind,13,0.9
WI13h_9,capacityfactor_wind,13,0.9
WI13h_10,capacityfactor_wind,13,0.9
WI13h_11,capacityfactor_wind,13,0.9
WI13h_12,capacityfactor_wind,13,0.9
WI13h_13,capacityfactor_wind,13,0.9
WI13h_14,capacityfactor_wind,13,0.9
WI13h_15,capacityfactor_wind,13,0.9
WI13h_16,capacityfactor_wind,13,0.9
WI13h_17,capacityfactor_wind,13,0.9
WI13h_18,capacityfactor_wind,13,0.9
WI13h_19,capacityfactor_wind,13,0.9
WI13h_20,capacityfactor_wind,13,0.9
WI13h_21,capacityfactor_wind,13,0.9
WI13h_22,capacityfactor_wind,13,0.9
WI13h_23,capacityfactor_wind,13,0.9
WI13h_24,capacityfactor_wind,13,0.9
WI13h_25,capacityfactor_wind,13,0.9
WI13h_26,capacityfactor_wind,13,0.9
WI13h_27,capacityfactor_wind,13,0.9
WI13h_28,capacityfactor_wind,13,0.9
WI13h_29,capacityfactor_wind,13,0.9
WI13h_30,capacityfactor_wind,13,0.9
WI13h_31,capacityfactor_wind,13,0.9
WI13h_32,capacityfactor_wind,13,0.9
WI13h_33,capacityfactor_wind,13,0.9
WI13h_34,capacityfactor_wind,13,0.9
WI13h_35,capacityfactor_wind,13,0.9
WI13h_36,capacityfactor_wind,13,0.9
WI13h_37,capacityfactor_wind,13,0.9
WI13h_38,capacityfactor_wind,13,0.9
WI13h_39,capacityfactor_wind,13,0.9
WI13h_40,capacityfactor_wind,13,0.9
WI13h_41,capacityfactor_wind,13,0.9
WI13h_42,capacityfactor_wind,13,0.9
WI13h_43,capacityfactor_wind,13,0.9
WI13h_44,capacityfactor_wind,13,0.9
WI13h_45,capacityfactor_wind,13,0.9
WI13h_46,capacityfactor_wind,13,0.9
WI13h_47,capacityfactor_wind,13,0.9
WI13h_48,capacityfactor_wind,13,0.9
WI13h_49,capacityfactor_wind,13,0.9
WI13h_50,capacityfactor_wind,13,0.9
WI13h_51,capacityfactor_wind,13,0.9
WI13h_52,capacityfactor_wind,13,0.9
WI13h_53,capacityfactor_wind,13,0.9
WI13h_54,capacityfactor_wind,13,0.9
WI13h_55,capacityfactor_wind,13,0.9
WI13h_56,capacityfactor_wind,13,0.9
WI13h_57,capacityfactor_wind,13,0.9
WI13h_58,capacityfactor_wind,13,0.9
WI13h_59,capacityfactor_wind,13,0.9
WI13h_60,capacityfactor_wind,13,0.9
WI13h_61,capacityfactor_wind,13,0.9
WI13h_62,capacityfactor_wind,13,0.9
WI13h_63,capacityfactor_wind,13,0.9
WI13h_64,capacityfactor_wind,13,0.9
WI13h_65,capacityfactor_wind,13,0.9
WI13h_66,capacityfactor_wind,13,0.9
WI13h_67,capacityfactor_wind,13,0.9
WI13h_68,capacityfactor_wind,13,0.9
WI13h_69,capacityfactor_wind,13,0.9
WI13h_70,capacityfactor_wind,13,0.9
WI13h_71,capacityfactor_wind,13,0.9
WI13h_72,capacityfactor_wind,13,0.9
WI13h_73,capacityfactor_wind,13,0.9
WI13h_74,capacityfactor_wind,13,0.9
WI13h_75,capacityfactor_wind,13,0.9
WI13h_76,capacityfactor_wind,13,0.9
WI13h_77,capacityfactor_wind,13,0.9
WI13h_78,capacityfactor_wind,13,0.9
WI13h_79,capacityfactor_wind,13,0.9
WI13h_80,capacityfactor_wind,13,0.9
WI13h_81,capacityfactor_wind,13,0.9
WI13h_82,capacityfactor_wind,13,0.9
WI13h_83,capacityfactor_wind,13,0.9
WI13h_84,capacityfactor_wind,13,0.9
WI13h_85,capacityfactor_wind,13,0.9
WI13h_86,capacityfactor_wind,13,0.9
WI13h_87,capacityfactor_wind,13,0.9
WI13h_88,capacityfactor_wind,13,0.9
WI13h_89,capacityfactor_wind,13,0.9
WI13h_90,capacityfactor_wind,13,0.9
WI13h_91,capacityfactor_wind,13,0.9
WI13h_92,capacityfactor_wind,13,0.9
WI13h_93,capacityfactor_wind,13,0.9
WI13h_94,capacityfactor_wind,13,0.9
WI13h_95,capacityfactor_wind,13,0.9
WI13h_96,capacityfactor_wind,13,0.9
WI13h_97,capacityfactor_wind,13,0.9
WI13h_98,capacityfactor_wind,13,0.9
WI13h_99,capacityfactor_wind,13,0.9
WI13h_100,capacityfactor_wind,13,0.9
WI13h_101,capacityfactor_wind,13,0.9
WI13h_102,capacityfactor_wind,13,0.9
WI13h_103,capacityfactor_wind,13,0.9
WI13h_104,capacityfactor_wind,13,0.9
WI13h_105,capacityfactor_wind,13,0.9
WI13h_106,capacityfactor_wind,13,0.9
WI13h_107,capacityfactor_wind,13,0.9
WI13h_108,capacityfactor_wind,13,0.9
WI13h_109,capacityfactor_wind,13,0.9
WI13h_110,capacityfactor_wind,13,0.9
WI13h_111,capacityfactor_wind,13,0.9
WI13h_112,capacityfactor_wind,13,0.9
WI13h_113,capacityfactor_wind,13,0.9
WI13h_114,capacityfactor_wind,13,0.9
WI13h_115,capacityfactor_wind,13,0.9
WI13h_116,capacityfactor_wind,13,0.9
WI13h_117,capacityfactor_wind,13,0.9
WI13h_118,capacityfactor_wind,13,0.9
WI13h_119,capacityfactor_wind,13,0.9
WI13h_120,capacityfactor_wind,13,0.9
WI13h_121,capacityfactor_wind,13,0.9
WI13h_122,capacityfactor_wind,13,0.9
WI13h_123,capacityfactor_wind,13,0.9
WI13h_124,capacityfactor_wind,13,0.9
WI13h_125,capacityfactor_wind,13,0.9
WI13h_126,capacityfactor_wind,13,0.9
WI13h_127,capacityfactor_wind,13,0.9
WI13h_128,capacityfactor_wind,13,0.9
WI13h_129,capacityfactor_wind,13,0.9
WI13h_130,capacityfactor_wind,13,0.9
WI13h_131,capacityfactor_wind,13,0.9
WI13h_132,capacityfactor_wind,13,0.9
WI13h_133,capacityfactor_wind,13,0.9
WI13h_134,capacityfactor_wind,13,0.9
WI13h_135,capacityfactor_wind,13,0.9
WI13h_136,capacityfactor_wind,13,0.9
WI13h_137,capacityfactor_wind,13,0.9
WI13h_138,capacityfactor_wind,13,0.9
WI13h_139,capacityfactor_wind,13,0.9
WI13h_140,capacityfactor_wind,13,0.9
WI13h_141,capacityfactor_wind,13,0.9
WI13h_142,capacityfactor_wind,13,0.9
WI13h_143,capacityfactor_wind,13,0.9
WI13h_144,capacityfactor_wind,13,0.9
WI13h_145,capacityfactor_wind,13,0.9
WI13h_146,capacityfactor_wind,13,0.9
WI13h_147,capacityfactor_wind,13,0.9
WI13h_148,capacityfactor_wind,13,0.9
WI13h_149,capacityfactor_wind,13,0.9
WI13h_150,capacityfactor_wind,13,0.9
WI13h_151,capacityfactor_wind,13,0.9
WI13h_152,capacityfactor_wind,13,0.9
WI13h_153,capacityfactor_wind,13,0.9
WI13h_154,capacityfactor_wind,13,0.9
WI13h_155,capacityfactor_wind,13,0.9
WI13h_156,capacityfactor_wind,13,0.9
WI13h_157,capacityfactor_wind,13,0.9
WI13h_158,capacityfactor_wind,13,0.9
WI13h_159,capacityfactor_wind,13,0.9
WI13h_160,capacityfactor_wind,13,0.9
WI13h_161,capacityfactor_wind,13,0.9
WI13h_162,capacityfactor_wind,13,0.9
WI13h_163,capacityfactor_wind,13,0.9
WI13h_164,capacityfactor_wind,13,0.9
WI13h_165,capacityfactor_wind,13,0.9
WI13h_166,capacityfactor_wind,13,0.9
WI13h_167,capacityfactor_wind,13,0.9
WI13h_168,capacityfactor_wind,13,0.9
WI13h_169,capacityfactor_wind,13,0.9
WI13h_170,capacityfactor_wind,13,0.9
WI13h_171,capacityfactor_wind,13,0.9
WI13h_172,capacityfactor_wind,13,0.9
WI13h_173,capacityfactor_wind,13,0.9
WI13h_174,capacityfactor_wind,13,0.9
WI13h_175,capacityfactor_wind,13,0.9
WI13h_176,capacityfactor_wind,13,0.9
WI13h_177,capacityfactor_wind,13,0.9
WI13h_178,capacityfactor_wind,13,0.9
WI13h_179,capacityfactor_wind,13,0.9
WI13h_180,capacityfactor_wind,13,0.9
WI13h_181,capacityfactor_wind,13,0.9
WI13h_182,capacityfactor_wind,13,0.9
WI13h_183,capacityfactor_wind,13,0.9
WI13h_184,capacityfactor_wind,13,0.9
WI13h_185,capacityfactor_wind,13,0.9
WI13h_186,capacityfactor_wind,13,0.9
WI13h_187,capacityfactor_wind,13,0.9
WI13h_188,capacityfactor_wind,13,0.9
WI13h_189,capacityfactor_wind,13,0.9
WI13h_190,capacityfactor_wind,13,0.9
WI13h_191,capacityfactor_wind,13,0.9
WI13h_192,capacityfactor_wind,13,0.9
WI13h_193,capacityfactor_wind,13,0.9
WI13h_194,capacityfactor_wind,13,0.9
WI13h_195,capacityfactor_wind,13,0.9
WI13h_196,capacityfactor_wind,13,0.9
WI13h_197,capacityfactor_wind,13,0.9
WI13h_198,capacityfactor_wind,13,0.9
WI13h_199,capacityfactor_wind,13,0.9
WI13h_200,capacityfactor_wind,13,0.9
WI13h_201,capacityfactor_wind,13,0.9
WI13h_202,capacityfactor_wind,13,0.9
WI13h_203,capacityfactor_wind,13,0.9
WI13h_204,capacityfactor_wind,13,0.9
WI13h_205,capacityfactor_wind,13,0.9
WI13h_206,capacityfactor_wind,13,0.9
WI13h_207,capacityfactor_wind,13,0.9
WI13h_208,capacityfactor_wind,13,0.9
WI13h_209,capacityfactor_wind,13,0.9
WI13h_210,capacityfactor_wind,13,0.9
WI13h_211,capacityfactor_wind,13,0.9
WI13h_212,capacityfactor_wind,13,0.9
WI13h_213,capacityfactor_wind,13,0.9
WI13h_214,capacityfactor_wind,13,0.9
WI13h_215,capacityfactor_wind,13,0.9
WI13h_216,capacityfactor_wind,13,0.9
WI13h_217,capacityfactor_wind,13,0.9
WI13h_218,capacityfactor_wind,13,0.9
WI13h_219,capacityfactor_wind,13,0.9
WI13h_220,capacityfactor_wind,13,0.9
WI13h_221,capacityfactor_wind,13,0.9
WI13h_222,capacityfactor_wind,13,0.9
WI13h_223,capacityfactor_wind,13,0.9
WI13h_224,capacityfactor_wind,13,0.9
WI13h_225,capacityfactor_wind,13,0.9
WI13h_226,capacityfactor_wind,13,0.9
WI13h_227,capacityfactor_wind,13,0.9
WI13h_228,capacityfactor_wind,13,0.9
WI13h_229,capacityfactor_wind,13,0.9
WI13h_230,capacityfactor_wind,13,0.9
WI13h_231,capacityfactor_wind,13,0.9
WI13h_232,capacityfactor_wind,13,0.9
WI13h_233,capacityfactor_wind,13,0.9
WI13h_234,capacityfactor_wind,13,0.9
WI13h_235,capacityfactor_wind,13,0.9
WI13h_236,capacityfactor_wind,13,0.9
WI13h_237,capacityfactor_wind,13,0.9
WI13h_238,capacityfactor_wind,13,0.9
WI13h_239,capacityfactor_wind,13,0.9
WI13h_240,capacityfactor_wind,13,0.9
WI13h_241,capacityfactor_wind,13,0.9
WI13h_242,capacityfactor_wind,13,0.9
WI13h_243,capacityfactor_wind,13,0.9
WI13h_244,capacityfactor_wind,13,0.9
WI13h_245,capacityfactor_wind,13,0.9
WI13h_246,capacityfactor_wind,13,0.9
WI13h_247,capacityfactor_wind,13,0.9
WI13h_248,capacityfactor_wind,13,0.9
WI13h_249,capacityfactor_wind,13,0.9
WI13h_250,capacityfactor_wind,13,0.9
WI13h_251,capacityfactor_wind,13,0.9
WI13h_252,capacityfactor_wind,13,0.9
WI13h_253,capacityfactor_wind,13,0.9
WI13h_254,capacityfactor_wind,13,0.9
WI13h_255,capacityfactor_wind,13,0.9
WI13h_256,capacityfactor_wind,13,0.9
WI13h_257,capacityfactor_wind,13,0.9
WI13h_258,capacityfactor_wind,13,0.9
WI13h_259,capacityfactor_wind,13,0.9
WI13h_260,capacityfactor_wind,13,0.9
WI13h_261,capacityfactor_wind,13,0.9
WI13h_262,capacityfactor_wind,13,0.9
WI13h_263,capacityfactor_wind,13,0.9
WI13h_264,capacityfactor_wind,13,0.9
WI13h_265,capacityfactor_wind,13,0.9
WI13h_266,capacityfactor_wind,13,0.9
WI13h_267,capacityfactor_wind,13,0.9
WI13h_268,capacityfactor_wind,13,0.9
WI13h_269,capacityfactor_wind,13,0.9
WI13h_270,capacityfactor_wind,13,0.9
WI13h_271,capacityfactor_wind,13,0.9
WI13h_272,capacityfactor_wind,13,0.9
WI13h_273,capacityfactor_wind,13,0.9
WI13h_274,capacityfactor_wind,13,0.9
WI13h_275,capacityfactor_wind,13,0.9
WI13h_276,capacityfactor_wind,13,0.9
WI13h_277,capacityfactor_wind,13,0.9
WI13h_278,capacityfactor_wind,13,0.9
WI13h_279,capacityfactor_wind,13,0.9
WI13h_280,capacityfactor_wind,13,0.9
WI13h_281,capacityfactor_wind,13,0.9
WI13h_282,capacityfactor_wind,13,0.9
WI13h_283,capacityfactor_wind,13,0.9
WI13h_284,capacityfactor_wind,13,0.9
WI13h_285,capacityfactor_wind,13,0.9
WI13h_286,capacityfactor_wind,13,0.9
WI13h_287,capacityfactor_wind,13,0.9
WI13h_288,capacityfactor_wind,13,0.9
WI13h_289,capacityfactor_wind,13,0.9
WI13h_290,capacityfactor_wind,13,0.9
WI13h_291,capacityfactor_wind,13,0.9
WI13h_292,capacityfactor_wind,13,0.9
WI13h_293,capacityfactor_wind,13,0.9
WI13h_294,capacityfactor_wind,13,0.9
WI13h_295,capacityfactor_wind,13,0.9
WI13h_296,capacityfactor_wind,13,0.9
WI13h_297,capacityfactor_wind,13,0.9
WI13h_298,capacityfactor_wind,13,0.9
WI13h_299,capacityfactor_wind,13,0.9
WI13h_300,capacityfactor_wind,13,0.9
WI13h_301,capacityfactor_wind,13,0.9
WI13h_302,capacityfactor_wind,13,0.9
WI13h_303,capacityfactor_wind,13,0.9
WI13h_304,capacityfactor_wind,13,0.9
WI13h_305,capacityfactor_wind,13,0.9
WI13h_306,capacityfactor_wind,13,0.9
WI13h_307,capacityfactor_wind,13,0.9
WI13h_308,capacityfactor_wind,13,0.9
WI13h_309,capacityfactor_wind,13,0.9
WI13h_310,capacityfactor_wind,13,0.9
WI13h_311,capacityfactor_wind,13,0.9
WI13h_312,capacityfactor_wind,13,0.9
WI13h_313,capacityfactor_wind,13,0.9
WI13h_314,capacityfactor_wind,13,0.9
WI13h_315,capacityfactor_wind,13,0.9
WI13h_316,capacityfactor_wind,13,0.9
WI13h_317,capacityfactor_wind,13,0.9
WI13h_318,capacityfactor_wind,13,0.9
WI13h_319,capacityfactor_wind,13,0.9
WI13h_320,capacityfactor_wind,13,0.9
WI13h_321,capacityfactor_wind,13,0.9
WI13h_322,capacityfactor_wind,13,0.9
WI13h_323,capacityfactor_wind,13,0.9
WI13h_324,capacityfactor_wind,13,0.9
WI13h_325,capacityfactor_wind,13,0.9
WI13h_326,capacityfactor_wind,13,0.9
WI13h_327,capacityfactor_wind,13,0.9
WI13h_328,capacityfactor_wind,13,0.9
WI13h_329,capacityfactor_wind,13,0.9
WI13h_330,capacityfactor_wind,13,0.9
WI13h_331,capacityfactor_wind,13,0.9
WI13h_332,capacityfactor_wind,13,0.9
WI13h_333,capacityfactor_wind,13,0.9
WI13h_334,capacityfactor_wind,13,0.9
WI13h_335,capacityfactor_wind,13,0.9
WI13h_336,capacityfactor_wind,13,0.9
WI13h_337,capacityfactor_wind,13,0.9
WI13h_338,capacityfactor_wind,13,0.9
WI13h_339,capacityfactor_wind,13,0.9
WI13h_340,capacityfactor_wind,13,0.9
WI13h_341,capacityfactor_wind,13,0.9
WI13h_342,capacityfactor_wind,13,0.9
WI13h_343,capacityfactor_wind,13,0.9
WI13h_344,capacityfactor_wind,13,0.9
WI13h_345,capacityfactor_wind,13,0.9
WI13h_346,capacityfactor_wind,13,0.9
WI13h_347,capacityfactor_wind,13,0.9
WI13h_348,capacityfactor_wind,13,0.9
WI13h_349,capacityfactor_wind,13,0.9
WI13h_350,capacityfactor_wind,13,0.9
WI13h_351,capacityfactor_wind,13,0.9
WI13h_352,capacityfactor_wind,13,0.9
WI13h_353,capacityfactor_wind,13,0.9
WI13h_354,capacityfactor_wind,13,0.9
WI13h_355,capacityfactor_wind,13,0.9
WI13h_356,capacityfactor_wind,13,0.9
WI13h_357,capacityfactor_wind,13,0.9
WI13h_358,capacityfactor_wind,13,0.9
WI13h_359,capacityfactor_wind,13,0.9
WI13h_360,capacityfactor_wind,13,0.9
WI13h_361,capacityfactor_wind,13,0.9
WI13h_362,capacityfactor_wind,13,0.9
WI13h_363,capacityfactor_wind,13,0.9
WI13h_364,capacityfactor_wind,13,0.9
WI13h_365,capacityfactor_wind,13,0.9
WI13h_366,capacityfactor_wind,13,0.9
WI13h_367,capacityfactor_wind,13,0.9
WI13h_368,capacityfactor_wind,13,0.9
WI13h_369,capacityfactor_wind,13,0.9
WI13h_370,capacityfactor_wind,13,0.9
WI13h_371,capacityfactor_wind,13,0.9
WI13h_372,capacityfactor_wind,13,0.9
WI13h_373,capacityfactor_wind,13,0.9
WI13h_374,capacityfactor_wind,13,0.9
WI13h_375,capacityfactor_wind,13,0.9
WI13h_376,capacityfactor_wind,13,0.9
WI13h_377,capacityfactor_wind,13,0.9
WI13h_378,capacityfactor_wind,13,0.9
