,Column,Fuel,Technology,Inputactivity,ModeofOperation
0,0,EL2_1,TRLV_1_1,1,1
1,0,EL2_1,TRLV_1_0,1,1
2,0,KEEL2,KEEL00d_1,1,1
3,0,SOLAR_1,SOPV_1_1,1,1
4,0,SOLAR_1,SOPV_1_0,1,1
5,0,SOLAR_1,SOPV8h_1_1,1,1
6,0,SOLAR_1,SOPV8h_1_0,1,1
7,0,SOLAR_1,SOPV12h_1_1,1,1
8,0,SOLAR_1,SOPV12h_1_0,1,1
11,0,SOLAR_5,SOPV12h_5_0,1,1
10,0,KEEL2_1,TRLV_1_1,1,1
22,0,SOLAR_6,SOPV12h_6_0,1,1
12,0,KEEL2_5,TRLV_5_1,1,1
13,0,KEEL2_5,TRLV_5_0,1,1
14,0,EL2_6,TRLV_6_1,1,1
15,0,EL2_6,TRLV_6_0,1,1
16,0,KEEL2,KEEL00d_6,1,1
17,0,SOLAR_6,SOPV_6_1,1,1
18,0,SOLAR_6,SOPV_6_0,1,1
19,0,SOLAR_6,SOPV8h_6_1,1,1
20,0,SOLAR_6,SOPV8h_6_0,1,1
21,0,SOLAR_6,SOPV12h_6_1,1,1
33,0,SOLAR_8,SOPV12h_8_0,1,1
23,0,KEEL2_6,TRLV_6_1,1,1
24,0,KEEL2_6,TRLV_6_0,1,1
25,0,EL2_8,TRLV_8_1,1,1
26,0,EL2_8,TRLV_8_0,1,1
27,0,KEEL2,KEEL00d_8,1,1
28,0,SOLAR_8,SOPV_8_1,1,1
29,0,SOLAR_8,SOPV_8_0,1,1
30,0,SOLAR_8,SOPV8h_8_1,1,1
31,0,SOLAR_8,SOPV8h_8_0,1,1
32,0,SOLAR_8,SOPV12h_8_1,1,1
44,0,SOLAR_17,SOPV12h_17_0,1,1
34,0,KEEL2_8,TRLV_8_1,1,1
35,0,KEEL2_8,TRLV_8_0,1,1
36,0,EL2_17,TRLV_17_1,1,1
37,0,EL2_17,TRLV_17_0,1,1
38,0,KEEL2,KEEL00d_17,1,1
39,0,SOLAR_17,SOPV_17_1,1,1
40,0,SOLAR_17,SOPV_17_0,1,1
41,0,SOLAR_17,SOPV8h_17_1,1,1
42,0,SOLAR_17,SOPV8h_17_0,1,1
43,0,SOLAR_17,SOPV12h_17_1,1,1
55,0,SOLAR_30,SOPV12h_30_0,1,1
45,0,KEEL2_17,TRLV_17_1,1,1
46,0,KEEL2_17,TRLV_17_0,1,1
47,0,EL2_30,TRLV_30_1,1,1
48,0,EL2_30,TRLV_30_0,1,1
49,0,KEEL2,KEEL00d_30,1,1
50,0,SOLAR_30,SOPV_30_1,1,1
51,0,SOLAR_30,SOPV_30_0,1,1
52,0,SOLAR_30,SOPV8h_30_1,1,1
53,0,SOLAR_30,SOPV8h_30_0,1,1
54,0,SOLAR_30,SOPV12h_30_1,1,1
66,0,SOLAR_33,SOPV12h_33_0,1,1
56,0,KEEL2_30,TRLV_30_1,1,1
57,0,KEEL2_30,TRLV_30_0,1,1
58,0,EL2_33,TRLV_33_1,1,1
59,0,EL2_33,TRLV_33_0,1,1
60,0,KEEL2,KEEL00d_33,1,1
61,0,SOLAR_33,SOPV_33_1,1,1
62,0,SOLAR_33,SOPV_33_0,1,1
63,0,SOLAR_33,SOPV8h_33_1,1,1
64,0,SOLAR_33,SOPV8h_33_0,1,1
65,0,SOLAR_33,SOPV12h_33_1,1,1
77,0,SOLAR_34,SOPV12h_34_0,1,1
67,0,KEEL2_33,TRLV_33_1,1,1
68,0,KEEL2_33,TRLV_33_0,1,1
69,0,EL2_34,TRLV_34_1,1,1
70,0,EL2_34,TRLV_34_0,1,1
71,0,KEEL2,KEEL00d_34,1,1
72,0,SOLAR_34,SOPV_34_1,1,1
73,0,SOLAR_34,SOPV_34_0,1,1
74,0,SOLAR_34,SOPV8h_34_1,1,1
75,0,SOLAR_34,SOPV8h_34_0,1,1
76,0,SOLAR_34,SOPV12h_34_1,1,1
88,0,SOLAR_37,SOPV12h_37_0,1,1
78,0,KEEL2_34,TRLV_34_1,1,1
79,0,KEEL2_34,TRLV_34_0,1,1
80,0,EL2_37,TRLV_37_1,1,1
81,0,EL2_37,TRLV_37_0,1,1
82,0,KEEL2,KEEL00d_37,1,1
83,0,SOLAR_37,SOPV_37_1,1,1
84,0,SOLAR_37,SOPV_37_0,1,1
85,0,SOLAR_37,SOPV8h_37_1,1,1
86,0,SOLAR_37,SOPV8h_37_0,1,1
87,0,SOLAR_37,SOPV12h_37_1,1,1
99,0,SOLAR_39,SOPV12h_39_0,1,1
89,0,KEEL2_37,TRLV_37_1,1,1
90,0,KEEL2_37,TRLV_37_0,1,1
91,0,EL2_39,TRLV_39_1,1,1
92,0,EL2_39,TRLV_39_0,1,1
93,0,KEEL2,KEEL00d_39,1,1
94,0,SOLAR_39,SOPV_39_1,1,1
95,0,SOLAR_39,SOPV_39_0,1,1
96,0,SOLAR_39,SOPV8h_39_1,1,1
97,0,SOLAR_39,SOPV8h_39_0,1,1
98,0,SOLAR_39,SOPV12h_39_1,1,1
110,0,SOLAR_42,SOPV12h_42_0,1,1
100,0,KEEL2_39,TRLV_39_1,1,1
101,0,KEEL2_39,TRLV_39_0,1,1
102,0,EL2_42,TRLV_42_1,1,1
103,0,EL2_42,TRLV_42_0,1,1
104,0,KEEL2,KEEL00d_42,1,1
105,0,SOLAR_42,SOPV_42_1,1,1
106,0,SOLAR_42,SOPV_42_0,1,1
107,0,SOLAR_42,SOPV8h_42_1,1,1
108,0,SOLAR_42,SOPV8h_42_0,1,1
109,0,SOLAR_42,SOPV12h_42_1,1,1
121,0,SOLAR_43,SOPV12h_43_0,1,1
111,0,KEEL2_42,TRLV_42_1,1,1
112,0,KEEL2_42,TRLV_42_0,1,1
113,0,EL2_43,TRLV_43_1,1,1
114,0,EL2_43,TRLV_43_0,1,1
115,0,KEEL2,KEEL00d_43,1,1
116,0,SOLAR_43,SOPV_43_1,1,1
117,0,SOLAR_43,SOPV_43_0,1,1
118,0,SOLAR_43,SOPV8h_43_1,1,1
119,0,SOLAR_43,SOPV8h_43_0,1,1
120,0,SOLAR_43,SOPV12h_43_1,1,1
132,0,SOLAR_48,SOPV12h_48_0,1,1
122,0,KEEL2_43,TRLV_43_1,1,1
123,0,KEEL2_43,TRLV_43_0,1,1
124,0,EL2_48,TRLV_48_1,1,1
125,0,EL2_48,TRLV_48_0,1,1
126,0,KEEL2,KEEL00d_48,1,1
127,0,SOLAR_48,SOPV_48_1,1,1
128,0,SOLAR_48,SOPV_48_0,1,1
129,0,SOLAR_48,SOPV8h_48_1,1,1
130,0,SOLAR_48,SOPV8h_48_0,1,1
131,0,SOLAR_48,SOPV12h_48_1,1,1
143,0,SOLAR_49,SOPV12h_49_0,1,1
133,0,KEEL2_48,TRLV_48_1,1,1
134,0,KEEL2_48,TRLV_48_0,1,1
135,0,EL2_49,TRLV_49_1,1,1
136,0,EL2_49,TRLV_49_0,1,1
137,0,KEEL2,KEEL00d_49,1,1
138,0,SOLAR_49,SOPV_49_1,1,1
139,0,SOLAR_49,SOPV_49_0,1,1
140,0,SOLAR_49,SOPV8h_49_1,1,1
141,0,SOLAR_49,SOPV8h_49_0,1,1
142,0,SOLAR_49,SOPV12h_49_1,1,1
154,0,SOLAR_50,SOPV12h_50_0,1,1
144,0,KEEL2_49,TRLV_49_1,1,1
145,0,KEEL2_49,TRLV_49_0,1,1
146,0,EL2_50,TRLV_50_1,1,1
147,0,EL2_50,TRLV_50_0,1,1
148,0,KEEL2,KEEL00d_50,1,1
149,0,SOLAR_50,SOPV_50_1,1,1
150,0,SOLAR_50,SOPV_50_0,1,1
151,0,SOLAR_50,SOPV8h_50_1,1,1
152,0,SOLAR_50,SOPV8h_50_0,1,1
153,0,SOLAR_50,SOPV12h_50_1,1,1
165,0,SOLAR_51,SOPV12h_51_0,1,1
155,0,KEEL2_50,TRLV_50_1,1,1
156,0,KEEL2_50,TRLV_50_0,1,1
157,0,EL2_51,TRLV_51_1,1,1
158,0,EL2_51,TRLV_51_0,1,1
159,0,KEEL2,KEEL00d_51,1,1
160,0,SOLAR_51,SOPV_51_1,1,1
161,0,SOLAR_51,SOPV_51_0,1,1
162,0,SOLAR_51,SOPV8h_51_1,1,1
163,0,SOLAR_51,SOPV8h_51_0,1,1
164,0,SOLAR_51,SOPV12h_51_1,1,1
176,0,SOLAR_52,SOPV12h_52_0,1,1
166,0,KEEL2_51,TRLV_51_1,1,1
167,0,KEEL2_51,TRLV_51_0,1,1
168,0,EL2_52,TRLV_52_1,1,1
169,0,EL2_52,TRLV_52_0,1,1
170,0,KEEL2,KEEL00d_52,1,1
171,0,SOLAR_52,SOPV_52_1,1,1
172,0,SOLAR_52,SOPV_52_0,1,1
173,0,SOLAR_52,SOPV8h_52_1,1,1
174,0,SOLAR_52,SOPV8h_52_0,1,1
175,0,SOLAR_52,SOPV12h_52_1,1,1
187,0,SOLAR_53,SOPV12h_53_0,1,1
177,0,KEEL2_52,TRLV_52_1,1,1
178,0,KEEL2_52,TRLV_52_0,1,1
179,0,EL2_53,TRLV_53_1,1,1
180,0,EL2_53,TRLV_53_0,1,1
181,0,KEEL2,KEEL00d_53,1,1
182,0,SOLAR_53,SOPV_53_1,1,1
183,0,SOLAR_53,SOPV_53_0,1,1
184,0,SOLAR_53,SOPV8h_53_1,1,1
185,0,SOLAR_53,SOPV8h_53_0,1,1
186,0,SOLAR_53,SOPV12h_53_1,1,1
198,0,SOLAR_58,SOPV12h_58_0,1,1
188,0,KEEL2_53,TRLV_53_1,1,1
189,0,KEEL2_53,TRLV_53_0,1,1
190,0,EL2_58,TRLV_58_1,1,1
191,0,EL2_58,TRLV_58_0,1,1
192,0,KEEL2,KEEL00d_58,1,1
193,0,SOLAR_58,SOPV_58_1,1,1
194,0,SOLAR_58,SOPV_58_0,1,1
195,0,SOLAR_58,SOPV8h_58_1,1,1
196,0,SOLAR_58,SOPV8h_58_0,1,1
197,0,SOLAR_58,SOPV12h_58_1,1,1
209,0,SOLAR_59,SOPV12h_59_0,1,1
199,0,KEEL2_58,TRLV_58_1,1,1
200,0,KEEL2_58,TRLV_58_0,1,1
201,0,EL2_59,TRLV_59_1,1,1
202,0,EL2_59,TRLV_59_0,1,1
203,0,KEEL2,KEEL00d_59,1,1
204,0,SOLAR_59,SOPV_59_1,1,1
205,0,SOLAR_59,SOPV_59_0,1,1
206,0,SOLAR_59,SOPV8h_59_1,1,1
207,0,SOLAR_59,SOPV8h_59_0,1,1
208,0,SOLAR_59,SOPV12h_59_1,1,1
220,0,SOLAR_72,SOPV12h_72_0,1,1
210,0,KEEL2_59,TRLV_59_1,1,1
211,0,KEEL2_59,TRLV_59_0,1,1
212,0,EL2_72,TRLV_72_1,1,1
213,0,EL2_72,TRLV_72_0,1,1
214,0,KEEL2,KEEL00d_72,1,1
215,0,SOLAR_72,SOPV_72_1,1,1
216,0,SOLAR_72,SOPV_72_0,1,1
217,0,SOLAR_72,SOPV8h_72_1,1,1
218,0,SOLAR_72,SOPV8h_72_0,1,1
219,0,SOLAR_72,SOPV12h_72_1,1,1
231,0,SOLAR_73,SOPV12h_73_0,1,1
221,0,KEEL2_72,TRLV_72_1,1,1
222,0,KEEL2_72,TRLV_72_0,1,1
223,0,EL2_73,TRLV_73_1,1,1
224,0,EL2_73,TRLV_73_0,1,1
225,0,KEEL2,KEEL00d_73,1,1
226,0,SOLAR_73,SOPV_73_1,1,1
227,0,SOLAR_73,SOPV_73_0,1,1
228,0,SOLAR_73,SOPV8h_73_1,1,1
229,0,SOLAR_73,SOPV8h_73_0,1,1
230,0,SOLAR_73,SOPV12h_73_1,1,1
242,0,SOLAR_74,SOPV12h_74_0,1,1
232,0,KEEL2_73,TRLV_73_1,1,1
233,0,KEEL2_73,TRLV_73_0,1,1
234,0,EL2_74,TRLV_74_1,1,1
235,0,EL2_74,TRLV_74_0,1,1
236,0,KEEL2,KEEL00d_74,1,1
237,0,SOLAR_74,SOPV_74_1,1,1
238,0,SOLAR_74,SOPV_74_0,1,1
239,0,SOLAR_74,SOPV8h_74_1,1,1
240,0,SOLAR_74,SOPV8h_74_0,1,1
241,0,SOLAR_74,SOPV12h_74_1,1,1
253,0,SOLAR_87,SOPV12h_87_0,1,1
243,0,KEEL2_74,TRLV_74_1,1,1
244,0,KEEL2_74,TRLV_74_0,1,1
245,0,EL2_87,TRLV_87_1,1,1
246,0,EL2_87,TRLV_87_0,1,1
247,0,KEEL2,KEEL00d_87,1,1
248,0,SOLAR_87,SOPV_87_1,1,1
249,0,SOLAR_87,SOPV_87_0,1,1
250,0,SOLAR_87,SOPV8h_87_1,1,1
251,0,SOLAR_87,SOPV8h_87_0,1,1
252,0,SOLAR_87,SOPV12h_87_1,1,1
264,0,SOLAR_88,SOPV12h_88_0,1,1
254,0,KEEL2_87,TRLV_87_1,1,1
255,0,KEEL2_87,TRLV_87_0,1,1
256,0,EL2_88,TRLV_88_1,1,1
257,0,EL2_88,TRLV_88_0,1,1
258,0,KEEL2,KEEL00d_88,1,1
259,0,SOLAR_88,SOPV_88_1,1,1
260,0,SOLAR_88,SOPV_88_0,1,1
261,0,SOLAR_88,SOPV8h_88_1,1,1
262,0,SOLAR_88,SOPV8h_88_0,1,1
263,0,SOLAR_88,SOPV12h_88_1,1,1
275,0,SOLAR_91,SOPV12h_91_0,1,1
265,0,KEEL2_88,TRLV_88_1,1,1
266,0,KEEL2_88,TRLV_88_0,1,1
267,0,EL2_91,TRLV_91_1,1,1
268,0,EL2_91,TRLV_91_0,1,1
269,0,KEEL2,KEEL00d_91,1,1
270,0,SOLAR_91,SOPV_91_1,1,1
271,0,SOLAR_91,SOPV_91_0,1,1
272,0,SOLAR_91,SOPV8h_91_1,1,1
273,0,SOLAR_91,SOPV8h_91_0,1,1
274,0,SOLAR_91,SOPV12h_91_1,1,1
286,0,SOLAR_92,SOPV12h_92_0,1,1
276,0,KEEL2_91,TRLV_91_1,1,1
277,0,KEEL2_91,TRLV_91_0,1,1
278,0,EL2_92,TRLV_92_1,1,1
279,0,EL2_92,TRLV_92_0,1,1
280,0,KEEL2,KEEL00d_92,1,1
281,0,SOLAR_92,SOPV_92_1,1,1
282,0,SOLAR_92,SOPV_92_0,1,1
283,0,SOLAR_92,SOPV8h_92_1,1,1
284,0,SOLAR_92,SOPV8h_92_0,1,1
285,0,SOLAR_92,SOPV12h_92_1,1,1
297,0,SOLAR_100,SOPV12h_100_0,1,1
287,0,KEEL2_92,TRLV_92_1,1,1
288,0,KEEL2_92,TRLV_92_0,1,1
289,0,EL2_100,TRLV_100_1,1,1
290,0,EL2_100,TRLV_100_0,1,1
291,0,KEEL2,KEEL00d_100,1,1
292,0,SOLAR_100,SOPV_100_1,1,1
293,0,SOLAR_100,SOPV_100_0,1,1
294,0,SOLAR_100,SOPV8h_100_1,1,1
295,0,SOLAR_100,SOPV8h_100_0,1,1
296,0,SOLAR_100,SOPV12h_100_1,1,1
308,0,SOLAR_104,SOPV12h_104_0,1,1
298,0,KEEL2_100,TRLV_100_1,1,1
299,0,KEEL2_100,TRLV_100_0,1,1
300,0,EL2_104,TRLV_104_1,1,1
301,0,EL2_104,TRLV_104_0,1,1
302,0,KEEL2,KEEL00d_104,1,1
303,0,SOLAR_104,SOPV_104_1,1,1
304,0,SOLAR_104,SOPV_104_0,1,1
305,0,SOLAR_104,SOPV8h_104_1,1,1
306,0,SOLAR_104,SOPV8h_104_0,1,1
307,0,SOLAR_104,SOPV12h_104_1,1,1
319,0,SOLAR_105,SOPV12h_105_0,1,1
309,0,KEEL2_104,TRLV_104_1,1,1
310,0,KEEL2_104,TRLV_104_0,1,1
311,0,EL2_105,TRLV_105_1,1,1
312,0,EL2_105,TRLV_105_0,1,1
313,0,KEEL2,KEEL00d_105,1,1
314,0,SOLAR_105,SOPV_105_1,1,1
315,0,SOLAR_105,SOPV_105_0,1,1
316,0,SOLAR_105,SOPV8h_105_1,1,1
317,0,SOLAR_105,SOPV8h_105_0,1,1
318,0,SOLAR_105,SOPV12h_105_1,1,1
330,0,SOLAR_106,SOPV12h_106_0,1,1
320,0,KEEL2_105,TRLV_105_1,1,1
321,0,KEEL2_105,TRLV_105_0,1,1
322,0,EL2_106,TRLV_106_1,1,1
323,0,EL2_106,TRLV_106_0,1,1
324,0,KEEL2,KEEL00d_106,1,1
325,0,SOLAR_106,SOPV_106_1,1,1
326,0,SOLAR_106,SOPV_106_0,1,1
327,0,SOLAR_106,SOPV8h_106_1,1,1
328,0,SOLAR_106,SOPV8h_106_0,1,1
329,0,SOLAR_106,SOPV12h_106_1,1,1
341,0,SOLAR_109,SOPV12h_109_0,1,1
331,0,KEEL2_106,TRLV_106_1,1,1
332,0,KEEL2_106,TRLV_106_0,1,1
333,0,EL2_109,TRLV_109_1,1,1
334,0,EL2_109,TRLV_109_0,1,1
335,0,KEEL2,KEEL00d_109,1,1
336,0,SOLAR_109,SOPV_109_1,1,1
337,0,SOLAR_109,SOPV_109_0,1,1
338,0,SOLAR_109,SOPV8h_109_1,1,1
339,0,SOLAR_109,SOPV8h_109_0,1,1
340,0,SOLAR_109,SOPV12h_109_1,1,1
352,0,SOLAR_110,SOPV12h_110_0,1,1
342,0,KEEL2_109,TRLV_109_1,1,1
343,0,KEEL2_109,TRLV_109_0,1,1
344,0,EL2_110,TRLV_110_1,1,1
345,0,EL2_110,TRLV_110_0,1,1
346,0,KEEL2,KEEL00d_110,1,1
347,0,SOLAR_110,SOPV_110_1,1,1
348,0,SOLAR_110,SOPV_110_0,1,1
349,0,SOLAR_110,SOPV8h_110_1,1,1
350,0,SOLAR_110,SOPV8h_110_0,1,1
351,0,SOLAR_110,SOPV12h_110_1,1,1
363,0,SOLAR_112,SOPV12h_112_0,1,1
353,0,KEEL2_110,TRLV_110_1,1,1
354,0,KEEL2_110,TRLV_110_0,1,1
355,0,EL2_112,TRLV_112_1,1,1
356,0,EL2_112,TRLV_112_0,1,1
357,0,KEEL2,KEEL00d_112,1,1
358,0,SOLAR_112,SOPV_112_1,1,1
359,0,SOLAR_112,SOPV_112_0,1,1
360,0,SOLAR_112,SOPV8h_112_1,1,1
361,0,SOLAR_112,SOPV8h_112_0,1,1
362,0,SOLAR_112,SOPV12h_112_1,1,1
374,0,SOLAR_114,SOPV12h_114_0,1,1
364,0,KEEL2_112,TRLV_112_1,1,1
365,0,KEEL2_112,TRLV_112_0,1,1
366,0,EL2_114,TRLV_114_1,1,1
367,0,EL2_114,TRLV_114_0,1,1
368,0,KEEL2,KEEL00d_114,1,1
369,0,SOLAR_114,SOPV_114_1,1,1
370,0,SOLAR_114,SOPV_114_0,1,1
371,0,SOLAR_114,SOPV8h_114_1,1,1
372,0,SOLAR_114,SOPV8h_114_0,1,1
373,0,SOLAR_114,SOPV12h_114_1,1,1
385,0,SOLAR_117,SOPV12h_117_0,1,1
375,0,KEEL2_114,TRLV_114_1,1,1
376,0,KEEL2_114,TRLV_114_0,1,1
377,0,EL2_117,TRLV_117_1,1,1
378,0,EL2_117,TRLV_117_0,1,1
379,0,KEEL2,KEEL00d_117,1,1
380,0,SOLAR_117,SOPV_117_1,1,1
381,0,SOLAR_117,SOPV_117_0,1,1
382,0,SOLAR_117,SOPV8h_117_1,1,1
383,0,SOLAR_117,SOPV8h_117_0,1,1
384,0,SOLAR_117,SOPV12h_117_1,1,1
396,0,SOLAR_120,SOPV12h_120_0,1,1
386,0,KEEL2_117,TRLV_117_1,1,1
387,0,KEEL2_117,TRLV_117_0,1,1
388,0,EL2_120,TRLV_120_1,1,1
389,0,EL2_120,TRLV_120_0,1,1
390,0,KEEL2,KEEL00d_120,1,1
391,0,SOLAR_120,SOPV_120_1,1,1
392,0,SOLAR_120,SOPV_120_0,1,1
393,0,SOLAR_120,SOPV8h_120_1,1,1
394,0,SOLAR_120,SOPV8h_120_0,1,1
395,0,SOLAR_120,SOPV12h_120_1,1,1
407,0,SOLAR_122,SOPV12h_122_0,1,1
397,0,KEEL2_120,TRLV_120_1,1,1
398,0,KEEL2_120,TRLV_120_0,1,1
399,0,EL2_122,TRLV_122_1,1,1
400,0,EL2_122,TRLV_122_0,1,1
401,0,KEEL2,KEEL00d_122,1,1
402,0,SOLAR_122,SOPV_122_1,1,1
403,0,SOLAR_122,SOPV_122_0,1,1
404,0,SOLAR_122,SOPV8h_122_1,1,1
405,0,SOLAR_122,SOPV8h_122_0,1,1
406,0,SOLAR_122,SOPV12h_122_1,1,1
418,0,SOLAR_123,SOPV12h_123_0,1,1
408,0,KEEL2_122,TRLV_122_1,1,1
409,0,KEEL2_122,TRLV_122_0,1,1
410,0,EL2_123,TRLV_123_1,1,1
411,0,EL2_123,TRLV_123_0,1,1
412,0,KEEL2,KEEL00d_123,1,1
413,0,SOLAR_123,SOPV_123_1,1,1
414,0,SOLAR_123,SOPV_123_0,1,1
415,0,SOLAR_123,SOPV8h_123_1,1,1
416,0,SOLAR_123,SOPV8h_123_0,1,1
417,0,SOLAR_123,SOPV12h_123_1,1,1
429,0,SOLAR_126,SOPV12h_126_0,1,1
419,0,KEEL2_123,TRLV_123_1,1,1
420,0,KEEL2_123,TRLV_123_0,1,1
421,0,EL2_126,TRLV_126_1,1,1
422,0,EL2_126,TRLV_126_0,1,1
423,0,KEEL2,KEEL00d_126,1,1
424,0,SOLAR_126,SOPV_126_1,1,1
425,0,SOLAR_126,SOPV_126_0,1,1
426,0,SOLAR_126,SOPV8h_126_1,1,1
427,0,SOLAR_126,SOPV8h_126_0,1,1
428,0,SOLAR_126,SOPV12h_126_1,1,1
440,0,SOLAR_127,SOPV12h_127_0,1,1
430,0,KEEL2_126,TRLV_126_1,1,1
431,0,KEEL2_126,TRLV_126_0,1,1
432,0,EL2_127,TRLV_127_1,1,1
433,0,EL2_127,TRLV_127_0,1,1
434,0,KEEL2,KEEL00d_127,1,1
435,0,SOLAR_127,SOPV_127_1,1,1
436,0,SOLAR_127,SOPV_127_0,1,1
437,0,SOLAR_127,SOPV8h_127_1,1,1
438,0,SOLAR_127,SOPV8h_127_0,1,1
439,0,SOLAR_127,SOPV12h_127_1,1,1
451,0,SOLAR_128,SOPV12h_128_0,1,1
441,0,KEEL2_127,TRLV_127_1,1,1
442,0,KEEL2_127,TRLV_127_0,1,1
443,0,EL2_128,TRLV_128_1,1,1
444,0,EL2_128,TRLV_128_0,1,1
445,0,KEEL2,KEEL00d_128,1,1
446,0,SOLAR_128,SOPV_128_1,1,1
447,0,SOLAR_128,SOPV_128_0,1,1
448,0,SOLAR_128,SOPV8h_128_1,1,1
449,0,SOLAR_128,SOPV8h_128_0,1,1
450,0,SOLAR_128,SOPV12h_128_1,1,1
462,0,SOLAR_131,SOPV12h_131_0,1,1
452,0,KEEL2_128,TRLV_128_1,1,1
453,0,KEEL2_128,TRLV_128_0,1,1
454,0,EL2_131,TRLV_131_1,1,1
455,0,EL2_131,TRLV_131_0,1,1
456,0,KEEL2,KEEL00d_131,1,1
457,0,SOLAR_131,SOPV_131_1,1,1
458,0,SOLAR_131,SOPV_131_0,1,1
459,0,SOLAR_131,SOPV8h_131_1,1,1
460,0,SOLAR_131,SOPV8h_131_0,1,1
461,0,SOLAR_131,SOPV12h_131_1,1,1
473,0,SOLAR_134,SOPV12h_134_0,1,1
463,0,KEEL2_131,TRLV_131_1,1,1
464,0,KEEL2_131,TRLV_131_0,1,1
465,0,EL2_134,TRLV_134_1,1,1
466,0,EL2_134,TRLV_134_0,1,1
467,0,KEEL2,KEEL00d_134,1,1
468,0,SOLAR_134,SOPV_134_1,1,1
469,0,SOLAR_134,SOPV_134_0,1,1
470,0,SOLAR_134,SOPV8h_134_1,1,1
471,0,SOLAR_134,SOPV8h_134_0,1,1
472,0,SOLAR_134,SOPV12h_134_1,1,1
484,0,SOLAR_139,SOPV12h_139_0,1,1
474,0,KEEL2_134,TRLV_134_1,1,1
475,0,KEEL2_134,TRLV_134_0,1,1
476,0,EL2_139,TRLV_139_1,1,1
477,0,EL2_139,TRLV_139_0,1,1
478,0,KEEL2,KEEL00d_139,1,1
479,0,SOLAR_139,SOPV_139_1,1,1
480,0,SOLAR_139,SOPV_139_0,1,1
481,0,SOLAR_139,SOPV8h_139_1,1,1
482,0,SOLAR_139,SOPV8h_139_0,1,1
483,0,SOLAR_139,SOPV12h_139_1,1,1
495,0,SOLAR_140,SOPV12h_140_0,1,1
485,0,KEEL2_139,TRLV_139_1,1,1
486,0,KEEL2_139,TRLV_139_0,1,1
487,0,EL2_140,TRLV_140_1,1,1
488,0,EL2_140,TRLV_140_0,1,1
489,0,KEEL2,KEEL00d_140,1,1
490,0,SOLAR_140,SOPV_140_1,1,1
491,0,SOLAR_140,SOPV_140_0,1,1
492,0,SOLAR_140,SOPV8h_140_1,1,1
493,0,SOLAR_140,SOPV8h_140_0,1,1
494,0,SOLAR_140,SOPV12h_140_1,1,1
506,0,SOLAR_143,SOPV12h_143_0,1,1
496,0,KEEL2_140,TRLV_140_1,1,1
497,0,KEEL2_140,TRLV_140_0,1,1
498,0,EL2_143,TRLV_143_1,1,1
499,0,EL2_143,TRLV_143_0,1,1
500,0,KEEL2,KEEL00d_143,1,1
501,0,SOLAR_143,SOPV_143_1,1,1
502,0,SOLAR_143,SOPV_143_0,1,1
503,0,SOLAR_143,SOPV8h_143_1,1,1
504,0,SOLAR_143,SOPV8h_143_0,1,1
505,0,SOLAR_143,SOPV12h_143_1,1,1
517,0,SOLAR_144,SOPV12h_144_0,1,1
507,0,KEEL2_143,TRLV_143_1,1,1
508,0,KEEL2_143,TRLV_143_0,1,1
509,0,EL2_144,TRLV_144_1,1,1
510,0,EL2_144,TRLV_144_0,1,1
511,0,KEEL2,KEEL00d_144,1,1
512,0,SOLAR_144,SOPV_144_1,1,1
513,0,SOLAR_144,SOPV_144_0,1,1
514,0,SOLAR_144,SOPV8h_144_1,1,1
515,0,SOLAR_144,SOPV8h_144_0,1,1
516,0,SOLAR_144,SOPV12h_144_1,1,1
528,0,SOLAR_145,SOPV12h_145_0,1,1
518,0,KEEL2_144,TRLV_144_1,1,1
519,0,KEEL2_144,TRLV_144_0,1,1
520,0,EL2_145,TRLV_145_1,1,1
521,0,EL2_145,TRLV_145_0,1,1
522,0,KEEL2,KEEL00d_145,1,1
523,0,SOLAR_145,SOPV_145_1,1,1
524,0,SOLAR_145,SOPV_145_0,1,1
525,0,SOLAR_145,SOPV8h_145_1,1,1
526,0,SOLAR_145,SOPV8h_145_0,1,1
527,0,SOLAR_145,SOPV12h_145_1,1,1
539,0,SOLAR_147,SOPV12h_147_0,1,1
529,0,KEEL2_145,TRLV_145_1,1,1
530,0,KEEL2_145,TRLV_145_0,1,1
531,0,EL2_147,TRLV_147_1,1,1
532,0,EL2_147,TRLV_147_0,1,1
533,0,KEEL2,KEEL00d_147,1,1
534,0,SOLAR_147,SOPV_147_1,1,1
535,0,SOLAR_147,SOPV_147_0,1,1
536,0,SOLAR_147,SOPV8h_147_1,1,1
537,0,SOLAR_147,SOPV8h_147_0,1,1
538,0,SOLAR_147,SOPV12h_147_1,1,1
550,0,SOLAR_148,SOPV12h_148_0,1,1
540,0,KEEL2_147,TRLV_147_1,1,1
541,0,KEEL2_147,TRLV_147_0,1,1
542,0,EL2_148,TRLV_148_1,1,1
543,0,EL2_148,TRLV_148_0,1,1
544,0,KEEL2,KEEL00d_148,1,1
545,0,SOLAR_148,SOPV_148_1,1,1
546,0,SOLAR_148,SOPV_148_0,1,1
547,0,SOLAR_148,SOPV8h_148_1,1,1
548,0,SOLAR_148,SOPV8h_148_0,1,1
549,0,SOLAR_148,SOPV12h_148_1,1,1
561,0,SOLAR_149,SOPV12h_149_0,1,1
551,0,KEEL2_148,TRLV_148_1,1,1
552,0,KEEL2_148,TRLV_148_0,1,1
553,0,EL2_149,TRLV_149_1,1,1
554,0,EL2_149,TRLV_149_0,1,1
555,0,KEEL2,KEEL00d_149,1,1
556,0,SOLAR_149,SOPV_149_1,1,1
557,0,SOLAR_149,SOPV_149_0,1,1
558,0,SOLAR_149,SOPV8h_149_1,1,1
559,0,SOLAR_149,SOPV8h_149_0,1,1
560,0,SOLAR_149,SOPV12h_149_1,1,1
572,0,SOLAR_153,SOPV12h_153_0,1,1
562,0,KEEL2_149,TRLV_149_1,1,1
563,0,KEEL2_149,TRLV_149_0,1,1
564,0,EL2_153,TRLV_153_1,1,1
565,0,EL2_153,TRLV_153_0,1,1
566,0,KEEL2,KEEL00d_153,1,1
567,0,SOLAR_153,SOPV_153_1,1,1
568,0,SOLAR_153,SOPV_153_0,1,1
569,0,SOLAR_153,SOPV8h_153_1,1,1
570,0,SOLAR_153,SOPV8h_153_0,1,1
571,0,SOLAR_153,SOPV12h_153_1,1,1
583,0,SOLAR_160,SOPV12h_160_0,1,1
573,0,KEEL2_153,TRLV_153_1,1,1
574,0,KEEL2_153,TRLV_153_0,1,1
575,0,EL2_160,TRLV_160_1,1,1
576,0,EL2_160,TRLV_160_0,1,1
577,0,KEEL2,KEEL00d_160,1,1
578,0,SOLAR_160,SOPV_160_1,1,1
579,0,SOLAR_160,SOPV_160_0,1,1
580,0,SOLAR_160,SOPV8h_160_1,1,1
581,0,SOLAR_160,SOPV8h_160_0,1,1
582,0,SOLAR_160,SOPV12h_160_1,1,1
594,0,SOLAR_161,SOPV12h_161_0,1,1
584,0,KEEL2_160,TRLV_160_1,1,1
585,0,KEEL2_160,TRLV_160_0,1,1
586,0,EL2_161,TRLV_161_1,1,1
587,0,EL2_161,TRLV_161_0,1,1
588,0,KEEL2,KEEL00d_161,1,1
589,0,SOLAR_161,SOPV_161_1,1,1
590,0,SOLAR_161,SOPV_161_0,1,1
591,0,SOLAR_161,SOPV8h_161_1,1,1
592,0,SOLAR_161,SOPV8h_161_0,1,1
593,0,SOLAR_161,SOPV12h_161_1,1,1
605,0,SOLAR_162,SOPV12h_162_0,1,1
595,0,KEEL2_161,TRLV_161_1,1,1
596,0,KEEL2_161,TRLV_161_0,1,1
597,0,EL2_162,TRLV_162_1,1,1
598,0,EL2_162,TRLV_162_0,1,1
599,0,KEEL2,KEEL00d_162,1,1
600,0,SOLAR_162,SOPV_162_1,1,1
601,0,SOLAR_162,SOPV_162_0,1,1
602,0,SOLAR_162,SOPV8h_162_1,1,1
603,0,SOLAR_162,SOPV8h_162_0,1,1
604,0,SOLAR_162,SOPV12h_162_1,1,1
616,0,SOLAR_163,SOPV12h_163_0,1,1
606,0,KEEL2_162,TRLV_162_1,1,1
607,0,KEEL2_162,TRLV_162_0,1,1
608,0,EL2_163,TRLV_163_1,1,1
609,0,EL2_163,TRLV_163_0,1,1
610,0,KEEL2,KEEL00d_163,1,1
611,0,SOLAR_163,SOPV_163_1,1,1
612,0,SOLAR_163,SOPV_163_0,1,1
613,0,SOLAR_163,SOPV8h_163_1,1,1
614,0,SOLAR_163,SOPV8h_163_0,1,1
615,0,SOLAR_163,SOPV12h_163_1,1,1
627,0,SOLAR_164,SOPV12h_164_0,1,1
617,0,KEEL2_163,TRLV_163_1,1,1
618,0,KEEL2_163,TRLV_163_0,1,1
619,0,EL2_164,TRLV_164_1,1,1
620,0,EL2_164,TRLV_164_0,1,1
621,0,KEEL2,KEEL00d_164,1,1
622,0,SOLAR_164,SOPV_164_1,1,1
623,0,SOLAR_164,SOPV_164_0,1,1
624,0,SOLAR_164,SOPV8h_164_1,1,1
625,0,SOLAR_164,SOPV8h_164_0,1,1
626,0,SOLAR_164,SOPV12h_164_1,1,1
638,0,SOLAR_165,SOPV12h_165_0,1,1
628,0,KEEL2_164,TRLV_164_1,1,1
629,0,KEEL2_164,TRLV_164_0,1,1
630,0,EL2_165,TRLV_165_1,1,1
631,0,EL2_165,TRLV_165_0,1,1
632,0,KEEL2,KEEL00d_165,1,1
633,0,SOLAR_165,SOPV_165_1,1,1
634,0,SOLAR_165,SOPV_165_0,1,1
635,0,SOLAR_165,SOPV8h_165_1,1,1
636,0,SOLAR_165,SOPV8h_165_0,1,1
637,0,SOLAR_165,SOPV12h_165_1,1,1
649,0,SOLAR_166,SOPV12h_166_0,1,1
639,0,KEEL2_165,TRLV_165_1,1,1
640,0,KEEL2_165,TRLV_165_0,1,1
641,0,EL2_166,TRLV_166_1,1,1
642,0,EL2_166,TRLV_166_0,1,1
643,0,KEEL2,KEEL00d_166,1,1
644,0,SOLAR_166,SOPV_166_1,1,1
645,0,SOLAR_166,SOPV_166_0,1,1
646,0,SOLAR_166,SOPV8h_166_1,1,1
647,0,SOLAR_166,SOPV8h_166_0,1,1
648,0,SOLAR_166,SOPV12h_166_1,1,1
660,0,SOLAR_167,SOPV12h_167_0,1,1
650,0,KEEL2_166,TRLV_166_1,1,1
651,0,KEEL2_166,TRLV_166_0,1,1
652,0,EL2_167,TRLV_167_1,1,1
653,0,EL2_167,TRLV_167_0,1,1
654,0,KEEL2,KEEL00d_167,1,1
655,0,SOLAR_167,SOPV_167_1,1,1
656,0,SOLAR_167,SOPV_167_0,1,1
657,0,SOLAR_167,SOPV8h_167_1,1,1
658,0,SOLAR_167,SOPV8h_167_0,1,1
659,0,SOLAR_167,SOPV12h_167_1,1,1
671,0,SOLAR_168,SOPV12h_168_0,1,1
661,0,KEEL2_167,TRLV_167_1,1,1
662,0,KEEL2_167,TRLV_167_0,1,1
663,0,EL2_168,TRLV_168_1,1,1
664,0,EL2_168,TRLV_168_0,1,1
665,0,KEEL2,KEEL00d_168,1,1
666,0,SOLAR_168,SOPV_168_1,1,1
667,0,SOLAR_168,SOPV_168_0,1,1
668,0,SOLAR_168,SOPV8h_168_1,1,1
669,0,SOLAR_168,SOPV8h_168_0,1,1
670,0,SOLAR_168,SOPV12h_168_1,1,1
682,0,SOLAR_170,SOPV12h_170_0,1,1
672,0,KEEL2_168,TRLV_168_1,1,1
673,0,KEEL2_168,TRLV_168_0,1,1
674,0,EL2_170,TRLV_170_1,1,1
675,0,EL2_170,TRLV_170_0,1,1
676,0,KEEL2,KEEL00d_170,1,1
677,0,SOLAR_170,SOPV_170_1,1,1
678,0,SOLAR_170,SOPV_170_0,1,1
679,0,SOLAR_170,SOPV8h_170_1,1,1
680,0,SOLAR_170,SOPV8h_170_0,1,1
681,0,SOLAR_170,SOPV12h_170_1,1,1
693,0,SOLAR_171,SOPV12h_171_0,1,1
683,0,KEEL2_170,TRLV_170_1,1,1
684,0,KEEL2_170,TRLV_170_0,1,1
685,0,EL2_171,TRLV_171_1,1,1
686,0,EL2_171,TRLV_171_0,1,1
687,0,KEEL2,KEEL00d_171,1,1
688,0,SOLAR_171,SOPV_171_1,1,1
689,0,SOLAR_171,SOPV_171_0,1,1
690,0,SOLAR_171,SOPV8h_171_1,1,1
691,0,SOLAR_171,SOPV8h_171_0,1,1
692,0,SOLAR_171,SOPV12h_171_1,1,1
704,0,SOLAR_172,SOPV12h_172_0,1,1
694,0,KEEL2_171,TRLV_171_1,1,1
695,0,KEEL2_171,TRLV_171_0,1,1
696,0,EL2_172,TRLV_172_1,1,1
697,0,EL2_172,TRLV_172_0,1,1
698,0,KEEL2,KEEL00d_172,1,1
699,0,SOLAR_172,SOPV_172_1,1,1
700,0,SOLAR_172,SOPV_172_0,1,1
701,0,SOLAR_172,SOPV8h_172_1,1,1
702,0,SOLAR_172,SOPV8h_172_0,1,1
703,0,SOLAR_172,SOPV12h_172_1,1,1
715,0,SOLAR_173,SOPV12h_173_0,1,1
705,0,KEEL2_172,TRLV_172_1,1,1
706,0,KEEL2_172,TRLV_172_0,1,1
707,0,EL2_173,TRLV_173_1,1,1
708,0,EL2_173,TRLV_173_0,1,1
709,0,KEEL2,KEEL00d_173,1,1
710,0,SOLAR_173,SOPV_173_1,1,1
711,0,SOLAR_173,SOPV_173_0,1,1
712,0,SOLAR_173,SOPV8h_173_1,1,1
713,0,SOLAR_173,SOPV8h_173_0,1,1
714,0,SOLAR_173,SOPV12h_173_1,1,1
726,0,SOLAR_174,SOPV12h_174_0,1,1
716,0,KEEL2_173,TRLV_173_1,1,1
717,0,KEEL2_173,TRLV_173_0,1,1
718,0,EL2_174,TRLV_174_1,1,1
719,0,EL2_174,TRLV_174_0,1,1
720,0,KEEL2,KEEL00d_174,1,1
721,0,SOLAR_174,SOPV_174_1,1,1
722,0,SOLAR_174,SOPV_174_0,1,1
723,0,SOLAR_174,SOPV8h_174_1,1,1
724,0,SOLAR_174,SOPV8h_174_0,1,1
725,0,SOLAR_174,SOPV12h_174_1,1,1
737,0,SOLAR_178,SOPV12h_178_0,1,1
727,0,KEEL2_174,TRLV_174_1,1,1
728,0,KEEL2_174,TRLV_174_0,1,1
729,0,EL2_178,TRLV_178_1,1,1
730,0,EL2_178,TRLV_178_0,1,1
731,0,KEEL2,KEEL00d_178,1,1
732,0,SOLAR_178,SOPV_178_1,1,1
733,0,SOLAR_178,SOPV_178_0,1,1
734,0,SOLAR_178,SOPV8h_178_1,1,1
735,0,SOLAR_178,SOPV8h_178_0,1,1
736,0,SOLAR_178,SOPV12h_178_1,1,1
748,0,SOLAR_179,SOPV12h_179_0,1,1
738,0,KEEL2_178,TRLV_178_1,1,1
739,0,KEEL2_178,TRLV_178_0,1,1
740,0,EL2_179,TRLV_179_1,1,1
741,0,EL2_179,TRLV_179_0,1,1
742,0,KEEL2,KEEL00d_179,1,1
743,0,SOLAR_179,SOPV_179_1,1,1
744,0,SOLAR_179,SOPV_179_0,1,1
745,0,SOLAR_179,SOPV8h_179_1,1,1
746,0,SOLAR_179,SOPV8h_179_0,1,1
747,0,SOLAR_179,SOPV12h_179_1,1,1
759,0,SOLAR_180,SOPV12h_180_0,1,1
749,0,KEEL2_179,TRLV_179_1,1,1
750,0,KEEL2_179,TRLV_179_0,1,1
751,0,EL2_180,TRLV_180_1,1,1
752,0,EL2_180,TRLV_180_0,1,1
753,0,KEEL2,KEEL00d_180,1,1
754,0,SOLAR_180,SOPV_180_1,1,1
755,0,SOLAR_180,SOPV_180_0,1,1
756,0,SOLAR_180,SOPV8h_180_1,1,1
757,0,SOLAR_180,SOPV8h_180_0,1,1
758,0,SOLAR_180,SOPV12h_180_1,1,1
770,0,SOLAR_181,SOPV12h_181_0,1,1
760,0,KEEL2_180,TRLV_180_1,1,1
761,0,KEEL2_180,TRLV_180_0,1,1
762,0,EL2_181,TRLV_181_1,1,1
763,0,EL2_181,TRLV_181_0,1,1
764,0,KEEL2,KEEL00d_181,1,1
765,0,SOLAR_181,SOPV_181_1,1,1
766,0,SOLAR_181,SOPV_181_0,1,1
767,0,SOLAR_181,SOPV8h_181_1,1,1
768,0,SOLAR_181,SOPV8h_181_0,1,1
769,0,SOLAR_181,SOPV12h_181_1,1,1
781,0,SOLAR_182,SOPV12h_182_0,1,1
771,0,KEEL2_181,TRLV_181_1,1,1
772,0,KEEL2_181,TRLV_181_0,1,1
773,0,EL2_182,TRLV_182_1,1,1
774,0,EL2_182,TRLV_182_0,1,1
775,0,KEEL2,KEEL00d_182,1,1
776,0,SOLAR_182,SOPV_182_1,1,1
777,0,SOLAR_182,SOPV_182_0,1,1
778,0,SOLAR_182,SOPV8h_182_1,1,1
779,0,SOLAR_182,SOPV8h_182_0,1,1
780,0,SOLAR_182,SOPV12h_182_1,1,1
792,0,SOLAR_183,SOPV12h_183_0,1,1
782,0,KEEL2_182,TRLV_182_1,1,1
783,0,KEEL2_182,TRLV_182_0,1,1
784,0,EL2_183,TRLV_183_1,1,1
785,0,EL2_183,TRLV_183_0,1,1
786,0,KEEL2,KEEL00d_183,1,1
787,0,SOLAR_183,SOPV_183_1,1,1
788,0,SOLAR_183,SOPV_183_0,1,1
789,0,SOLAR_183,SOPV8h_183_1,1,1
790,0,SOLAR_183,SOPV8h_183_0,1,1
791,0,SOLAR_183,SOPV12h_183_1,1,1
803,0,SOLAR_184,SOPV12h_184_0,1,1
793,0,KEEL2_183,TRLV_183_1,1,1
794,0,KEEL2_183,TRLV_183_0,1,1
795,0,EL2_184,TRLV_184_1,1,1
796,0,EL2_184,TRLV_184_0,1,1
797,0,KEEL2,KEEL00d_184,1,1
798,0,SOLAR_184,SOPV_184_1,1,1
799,0,SOLAR_184,SOPV_184_0,1,1
800,0,SOLAR_184,SOPV8h_184_1,1,1
801,0,SOLAR_184,SOPV8h_184_0,1,1
802,0,SOLAR_184,SOPV12h_184_1,1,1
814,0,SOLAR_185,SOPV12h_185_0,1,1
804,0,KEEL2_184,TRLV_184_1,1,1
805,0,KEEL2_184,TRLV_184_0,1,1
806,0,EL2_185,TRLV_185_1,1,1
807,0,EL2_185,TRLV_185_0,1,1
808,0,KEEL2,KEEL00d_185,1,1
809,0,SOLAR_185,SOPV_185_1,1,1
810,0,SOLAR_185,SOPV_185_0,1,1
811,0,SOLAR_185,SOPV8h_185_1,1,1
812,0,SOLAR_185,SOPV8h_185_0,1,1
813,0,SOLAR_185,SOPV12h_185_1,1,1
825,0,SOLAR_186,SOPV12h_186_0,1,1
815,0,KEEL2_185,TRLV_185_1,1,1
816,0,KEEL2_185,TRLV_185_0,1,1
817,0,EL2_186,TRLV_186_1,1,1
818,0,EL2_186,TRLV_186_0,1,1
819,0,KEEL2,KEEL00d_186,1,1
820,0,SOLAR_186,SOPV_186_1,1,1
821,0,SOLAR_186,SOPV_186_0,1,1
822,0,SOLAR_186,SOPV8h_186_1,1,1
823,0,SOLAR_186,SOPV8h_186_0,1,1
824,0,SOLAR_186,SOPV12h_186_1,1,1
836,0,SOLAR_187,SOPV12h_187_0,1,1
826,0,KEEL2_186,TRLV_186_1,1,1
827,0,KEEL2_186,TRLV_186_0,1,1
828,0,EL2_187,TRLV_187_1,1,1
829,0,EL2_187,TRLV_187_0,1,1
830,0,KEEL2,KEEL00d_187,1,1
831,0,SOLAR_187,SOPV_187_1,1,1
832,0,SOLAR_187,SOPV_187_0,1,1
833,0,SOLAR_187,SOPV8h_187_1,1,1
834,0,SOLAR_187,SOPV8h_187_0,1,1
835,0,SOLAR_187,SOPV12h_187_1,1,1
847,0,SOLAR_188,SOPV12h_188_0,1,1
837,0,KEEL2_187,TRLV_187_1,1,1
838,0,KEEL2_187,TRLV_187_0,1,1
839,0,EL2_188,TRLV_188_1,1,1
840,0,EL2_188,TRLV_188_0,1,1
841,0,KEEL2,KEEL00d_188,1,1
842,0,SOLAR_188,SOPV_188_1,1,1
843,0,SOLAR_188,SOPV_188_0,1,1
844,0,SOLAR_188,SOPV8h_188_1,1,1
845,0,SOLAR_188,SOPV8h_188_0,1,1
846,0,SOLAR_188,SOPV12h_188_1,1,1
858,0,SOLAR_189,SOPV12h_189_0,1,1
848,0,KEEL2_188,TRLV_188_1,1,1
849,0,KEEL2_188,TRLV_188_0,1,1
850,0,EL2_189,TRLV_189_1,1,1
851,0,EL2_189,TRLV_189_0,1,1
852,0,KEEL2,KEEL00d_189,1,1
853,0,SOLAR_189,SOPV_189_1,1,1
854,0,SOLAR_189,SOPV_189_0,1,1
855,0,SOLAR_189,SOPV8h_189_1,1,1
856,0,SOLAR_189,SOPV8h_189_0,1,1
857,0,SOLAR_189,SOPV12h_189_1,1,1
869,0,SOLAR_190,SOPV12h_190_0,1,1
859,0,KEEL2_189,TRLV_189_1,1,1
860,0,KEEL2_189,TRLV_189_0,1,1
861,0,EL2_190,TRLV_190_1,1,1
862,0,EL2_190,TRLV_190_0,1,1
863,0,KEEL2,KEEL00d_190,1,1
864,0,SOLAR_190,SOPV_190_1,1,1
865,0,SOLAR_190,SOPV_190_0,1,1
866,0,SOLAR_190,SOPV8h_190_1,1,1
867,0,SOLAR_190,SOPV8h_190_0,1,1
868,0,SOLAR_190,SOPV12h_190_1,1,1
880,0,SOLAR_191,SOPV12h_191_0,1,1
870,0,KEEL2_190,TRLV_190_1,1,1
871,0,KEEL2_190,TRLV_190_0,1,1
872,0,EL2_191,TRLV_191_1,1,1
873,0,EL2_191,TRLV_191_0,1,1
874,0,KEEL2,KEEL00d_191,1,1
875,0,SOLAR_191,SOPV_191_1,1,1
876,0,SOLAR_191,SOPV_191_0,1,1
877,0,SOLAR_191,SOPV8h_191_1,1,1
878,0,SOLAR_191,SOPV8h_191_0,1,1
879,0,SOLAR_191,SOPV12h_191_1,1,1
891,0,SOLAR_192,SOPV12h_192_0,1,1
881,0,KEEL2_191,TRLV_191_1,1,1
882,0,KEEL2_191,TRLV_191_0,1,1
883,0,EL2_192,TRLV_192_1,1,1
884,0,EL2_192,TRLV_192_0,1,1
885,0,KEEL2,KEEL00d_192,1,1
886,0,SOLAR_192,SOPV_192_1,1,1
887,0,SOLAR_192,SOPV_192_0,1,1
888,0,SOLAR_192,SOPV8h_192_1,1,1
889,0,SOLAR_192,SOPV8h_192_0,1,1
890,0,SOLAR_192,SOPV12h_192_1,1,1
902,0,SOLAR_193,SOPV12h_193_0,1,1
892,0,KEEL2_192,TRLV_192_1,1,1
893,0,KEEL2_192,TRLV_192_0,1,1
894,0,EL2_193,TRLV_193_1,1,1
895,0,EL2_193,TRLV_193_0,1,1
896,0,KEEL2,KEEL00d_193,1,1
897,0,SOLAR_193,SOPV_193_1,1,1
898,0,SOLAR_193,SOPV_193_0,1,1
899,0,SOLAR_193,SOPV8h_193_1,1,1
900,0,SOLAR_193,SOPV8h_193_0,1,1
901,0,SOLAR_193,SOPV12h_193_1,1,1
913,0,SOLAR_197,SOPV12h_197_0,1,1
903,0,KEEL2_193,TRLV_193_1,1,1
904,0,KEEL2_193,TRLV_193_0,1,1
905,0,EL2_197,TRLV_197_1,1,1
906,0,EL2_197,TRLV_197_0,1,1
907,0,KEEL2,KEEL00d_197,1,1
908,0,SOLAR_197,SOPV_197_1,1,1
909,0,SOLAR_197,SOPV_197_0,1,1
910,0,SOLAR_197,SOPV8h_197_1,1,1
911,0,SOLAR_197,SOPV8h_197_0,1,1
912,0,SOLAR_197,SOPV12h_197_1,1,1
924,0,SOLAR_198,SOPV12h_198_0,1,1
914,0,KEEL2_197,TRLV_197_1,1,1
915,0,KEEL2_197,TRLV_197_0,1,1
916,0,EL2_198,TRLV_198_1,1,1
917,0,EL2_198,TRLV_198_0,1,1
918,0,KEEL2,KEEL00d_198,1,1
919,0,SOLAR_198,SOPV_198_1,1,1
920,0,SOLAR_198,SOPV_198_0,1,1
921,0,SOLAR_198,SOPV8h_198_1,1,1
922,0,SOLAR_198,SOPV8h_198_0,1,1
923,0,SOLAR_198,SOPV12h_198_1,1,1
935,0,SOLAR_199,SOPV12h_199_0,1,1
925,0,KEEL2_198,TRLV_198_1,1,1
926,0,KEEL2_198,TRLV_198_0,1,1
927,0,EL2_199,TRLV_199_1,1,1
928,0,EL2_199,TRLV_199_0,1,1
929,0,KEEL2,KEEL00d_199,1,1
930,0,SOLAR_199,SOPV_199_1,1,1
931,0,SOLAR_199,SOPV_199_0,1,1
932,0,SOLAR_199,SOPV8h_199_1,1,1
933,0,SOLAR_199,SOPV8h_199_0,1,1
934,0,SOLAR_199,SOPV12h_199_1,1,1
946,0,SOLAR_200,SOPV12h_200_0,1,1
936,0,KEEL2_199,TRLV_199_1,1,1
937,0,KEEL2_199,TRLV_199_0,1,1
938,0,EL2_200,TRLV_200_1,1,1
939,0,EL2_200,TRLV_200_0,1,1
940,0,KEEL2,KEEL00d_200,1,1
941,0,SOLAR_200,SOPV_200_1,1,1
942,0,SOLAR_200,SOPV_200_0,1,1
943,0,SOLAR_200,SOPV8h_200_1,1,1
944,0,SOLAR_200,SOPV8h_200_0,1,1
945,0,SOLAR_200,SOPV12h_200_1,1,1
957,0,SOLAR_201,SOPV12h_201_0,1,1
947,0,KEEL2_200,TRLV_200_1,1,1
948,0,KEEL2_200,TRLV_200_0,1,1
949,0,EL2_201,TRLV_201_1,1,1
950,0,EL2_201,TRLV_201_0,1,1
951,0,KEEL2,KEEL00d_201,1,1
952,0,SOLAR_201,SOPV_201_1,1,1
953,0,SOLAR_201,SOPV_201_0,1,1
954,0,SOLAR_201,SOPV8h_201_1,1,1
955,0,SOLAR_201,SOPV8h_201_0,1,1
956,0,SOLAR_201,SOPV12h_201_1,1,1
968,0,SOLAR_202,SOPV12h_202_0,1,1
958,0,KEEL2_201,TRLV_201_1,1,1
959,0,KEEL2_201,TRLV_201_0,1,1
960,0,EL2_202,TRLV_202_1,1,1
961,0,EL2_202,TRLV_202_0,1,1
962,0,KEEL2,KEEL00d_202,1,1
963,0,SOLAR_202,SOPV_202_1,1,1
964,0,SOLAR_202,SOPV_202_0,1,1
965,0,SOLAR_202,SOPV8h_202_1,1,1
966,0,SOLAR_202,SOPV8h_202_0,1,1
967,0,SOLAR_202,SOPV12h_202_1,1,1
979,0,SOLAR_203,SOPV12h_203_0,1,1
969,0,KEEL2_202,TRLV_202_1,1,1
970,0,KEEL2_202,TRLV_202_0,1,1
971,0,EL2_203,TRLV_203_1,1,1
972,0,EL2_203,TRLV_203_0,1,1
973,0,KEEL2,KEEL00d_203,1,1
974,0,SOLAR_203,SOPV_203_1,1,1
975,0,SOLAR_203,SOPV_203_0,1,1
976,0,SOLAR_203,SOPV8h_203_1,1,1
977,0,SOLAR_203,SOPV8h_203_0,1,1
978,0,SOLAR_203,SOPV12h_203_1,1,1
990,0,SOLAR_204,SOPV12h_204_0,1,1
980,0,KEEL2_203,TRLV_203_1,1,1
981,0,KEEL2_203,TRLV_203_0,1,1
982,0,EL2_204,TRLV_204_1,1,1
983,0,EL2_204,TRLV_204_0,1,1
984,0,KEEL2,KEEL00d_204,1,1
985,0,SOLAR_204,SOPV_204_1,1,1
986,0,SOLAR_204,SOPV_204_0,1,1
987,0,SOLAR_204,SOPV8h_204_1,1,1
988,0,SOLAR_204,SOPV8h_204_0,1,1
989,0,SOLAR_204,SOPV12h_204_1,1,1
1001,0,SOLAR_205,SOPV12h_205_0,1,1
991,0,KEEL2_204,TRLV_204_1,1,1
992,0,KEEL2_204,TRLV_204_0,1,1
993,0,EL2_205,TRLV_205_1,1,1
994,0,EL2_205,TRLV_205_0,1,1
995,0,KEEL2,KEEL00d_205,1,1
996,0,SOLAR_205,SOPV_205_1,1,1
997,0,SOLAR_205,SOPV_205_0,1,1
998,0,SOLAR_205,SOPV8h_205_1,1,1
999,0,SOLAR_205,SOPV8h_205_0,1,1
1000,0,SOLAR_205,SOPV12h_205_1,1,1
1012,0,SOLAR_206,SOPV12h_206_0,1,1
1002,0,KEEL2_205,TRLV_205_1,1,1
1003,0,KEEL2_205,TRLV_205_0,1,1
1004,0,EL2_206,TRLV_206_1,1,1
1005,0,EL2_206,TRLV_206_0,1,1
1006,0,KEEL2,KEEL00d_206,1,1
1007,0,SOLAR_206,SOPV_206_1,1,1
1008,0,SOLAR_206,SOPV_206_0,1,1
1009,0,SOLAR_206,SOPV8h_206_1,1,1
1010,0,SOLAR_206,SOPV8h_206_0,1,1
1011,0,SOLAR_206,SOPV12h_206_1,1,1
1023,0,SOLAR_207,SOPV12h_207_0,1,1
1013,0,KEEL2_206,TRLV_206_1,1,1
1014,0,KEEL2_206,TRLV_206_0,1,1
1015,0,EL2_207,TRLV_207_1,1,1
1016,0,EL2_207,TRLV_207_0,1,1
1017,0,KEEL2,KEEL00d_207,1,1
1018,0,SOLAR_207,SOPV_207_1,1,1
1019,0,SOLAR_207,SOPV_207_0,1,1
1020,0,SOLAR_207,SOPV8h_207_1,1,1
1021,0,SOLAR_207,SOPV8h_207_0,1,1
1022,0,SOLAR_207,SOPV12h_207_1,1,1
1034,0,SOLAR_208,SOPV12h_208_0,1,1
1024,0,KEEL2_207,TRLV_207_1,1,1
1025,0,KEEL2_207,TRLV_207_0,1,1
1026,0,EL2_208,TRLV_208_1,1,1
1027,0,EL2_208,TRLV_208_0,1,1
1028,0,KEEL2,KEEL00d_208,1,1
1029,0,SOLAR_208,SOPV_208_1,1,1
1030,0,SOLAR_208,SOPV_208_0,1,1
1031,0,SOLAR_208,SOPV8h_208_1,1,1
1032,0,SOLAR_208,SOPV8h_208_0,1,1
1033,0,SOLAR_208,SOPV12h_208_1,1,1
1045,0,SOLAR_209,SOPV12h_209_0,1,1
1035,0,KEEL2_208,TRLV_208_1,1,1
1036,0,KEEL2_208,TRLV_208_0,1,1
1037,0,EL2_209,TRLV_209_1,1,1
1038,0,EL2_209,TRLV_209_0,1,1
1039,0,KEEL2,KEEL00d_209,1,1
1040,0,SOLAR_209,SOPV_209_1,1,1
1041,0,SOLAR_209,SOPV_209_0,1,1
1042,0,SOLAR_209,SOPV8h_209_1,1,1
1043,0,SOLAR_209,SOPV8h_209_0,1,1
1044,0,SOLAR_209,SOPV12h_209_1,1,1
1056,0,SOLAR_217,SOPV12h_217_0,1,1
1046,0,KEEL2_209,TRLV_209_1,1,1
1047,0,KEEL2_209,TRLV_209_0,1,1
1048,0,EL2_217,TRLV_217_1,1,1
1049,0,EL2_217,TRLV_217_0,1,1
1050,0,KEEL2,KEEL00d_217,1,1
1051,0,SOLAR_217,SOPV_217_1,1,1
1052,0,SOLAR_217,SOPV_217_0,1,1
1053,0,SOLAR_217,SOPV8h_217_1,1,1
1054,0,SOLAR_217,SOPV8h_217_0,1,1
1055,0,SOLAR_217,SOPV12h_217_1,1,1
1067,0,SOLAR_218,SOPV12h_218_0,1,1
1057,0,KEEL2_217,TRLV_217_1,1,1
1058,0,KEEL2_217,TRLV_217_0,1,1
1059,0,EL2_218,TRLV_218_1,1,1
1060,0,EL2_218,TRLV_218_0,1,1
1061,0,KEEL2,KEEL00d_218,1,1
1062,0,SOLAR_218,SOPV_218_1,1,1
1063,0,SOLAR_218,SOPV_218_0,1,1
1064,0,SOLAR_218,SOPV8h_218_1,1,1
1065,0,SOLAR_218,SOPV8h_218_0,1,1
1066,0,SOLAR_218,SOPV12h_218_1,1,1
1078,0,SOLAR_219,SOPV12h_219_0,1,1
1068,0,KEEL2_218,TRLV_218_1,1,1
1069,0,KEEL2_218,TRLV_218_0,1,1
1070,0,EL2_219,TRLV_219_1,1,1
1071,0,EL2_219,TRLV_219_0,1,1
1072,0,KEEL2,KEEL00d_219,1,1
1073,0,SOLAR_219,SOPV_219_1,1,1
1074,0,SOLAR_219,SOPV_219_0,1,1
1075,0,SOLAR_219,SOPV8h_219_1,1,1
1076,0,SOLAR_219,SOPV8h_219_0,1,1
1077,0,SOLAR_219,SOPV12h_219_1,1,1
1089,0,SOLAR_220,SOPV12h_220_0,1,1
1079,0,KEEL2_219,TRLV_219_1,1,1
1080,0,KEEL2_219,TRLV_219_0,1,1
1081,0,EL2_220,TRLV_220_1,1,1
1082,0,EL2_220,TRLV_220_0,1,1
1083,0,KEEL2,KEEL00d_220,1,1
1084,0,SOLAR_220,SOPV_220_1,1,1
1085,0,SOLAR_220,SOPV_220_0,1,1
1086,0,SOLAR_220,SOPV8h_220_1,1,1
1087,0,SOLAR_220,SOPV8h_220_0,1,1
1088,0,SOLAR_220,SOPV12h_220_1,1,1
1100,0,SOLAR_221,SOPV12h_221_0,1,1
1090,0,KEEL2_220,TRLV_220_1,1,1
1091,0,KEEL2_220,TRLV_220_0,1,1
1092,0,EL2_221,TRLV_221_1,1,1
1093,0,EL2_221,TRLV_221_0,1,1
1094,0,KEEL2,KEEL00d_221,1,1
1095,0,SOLAR_221,SOPV_221_1,1,1
1096,0,SOLAR_221,SOPV_221_0,1,1
1097,0,SOLAR_221,SOPV8h_221_1,1,1
1098,0,SOLAR_221,SOPV8h_221_0,1,1
1099,0,SOLAR_221,SOPV12h_221_1,1,1
1111,0,SOLAR_222,SOPV12h_222_0,1,1
1101,0,KEEL2_221,TRLV_221_1,1,1
1102,0,KEEL2_221,TRLV_221_0,1,1
1103,0,EL2_222,TRLV_222_1,1,1
1104,0,EL2_222,TRLV_222_0,1,1
1105,0,KEEL2,KEEL00d_222,1,1
1106,0,SOLAR_222,SOPV_222_1,1,1
1107,0,SOLAR_222,SOPV_222_0,1,1
1108,0,SOLAR_222,SOPV8h_222_1,1,1
1109,0,SOLAR_222,SOPV8h_222_0,1,1
1110,0,SOLAR_222,SOPV12h_222_1,1,1
1122,0,SOLAR_223,SOPV12h_223_0,1,1
1112,0,KEEL2_222,TRLV_222_1,1,1
1113,0,KEEL2_222,TRLV_222_0,1,1
1114,0,EL2_223,TRLV_223_1,1,1
1115,0,EL2_223,TRLV_223_0,1,1
1116,0,KEEL2,KEEL00d_223,1,1
1117,0,SOLAR_223,SOPV_223_1,1,1
1118,0,SOLAR_223,SOPV_223_0,1,1
1119,0,SOLAR_223,SOPV8h_223_1,1,1
1120,0,SOLAR_223,SOPV8h_223_0,1,1
1121,0,SOLAR_223,SOPV12h_223_1,1,1
1133,0,SOLAR_224,SOPV12h_224_0,1,1
1123,0,KEEL2_223,TRLV_223_1,1,1
1124,0,KEEL2_223,TRLV_223_0,1,1
1125,0,EL2_224,TRLV_224_1,1,1
1126,0,EL2_224,TRLV_224_0,1,1
1127,0,KEEL2,KEEL00d_224,1,1
1128,0,SOLAR_224,SOPV_224_1,1,1
1129,0,SOLAR_224,SOPV_224_0,1,1
1130,0,SOLAR_224,SOPV8h_224_1,1,1
1131,0,SOLAR_224,SOPV8h_224_0,1,1
1132,0,SOLAR_224,SOPV12h_224_1,1,1
1144,0,SOLAR_225,SOPV12h_225_0,1,1
1134,0,KEEL2_224,TRLV_224_1,1,1
1135,0,KEEL2_224,TRLV_224_0,1,1
1136,0,EL2_225,TRLV_225_1,1,1
1137,0,EL2_225,TRLV_225_0,1,1
1138,0,KEEL2,KEEL00d_225,1,1
1139,0,SOLAR_225,SOPV_225_1,1,1
1140,0,SOLAR_225,SOPV_225_0,1,1
1141,0,SOLAR_225,SOPV8h_225_1,1,1
1142,0,SOLAR_225,SOPV8h_225_0,1,1
1143,0,SOLAR_225,SOPV12h_225_1,1,1
1155,0,SOLAR_226,SOPV12h_226_0,1,1
1145,0,KEEL2_225,TRLV_225_1,1,1
1146,0,KEEL2_225,TRLV_225_0,1,1
1147,0,EL2_226,TRLV_226_1,1,1
1148,0,EL2_226,TRLV_226_0,1,1
1149,0,KEEL2,KEEL00d_226,1,1
1150,0,SOLAR_226,SOPV_226_1,1,1
1151,0,SOLAR_226,SOPV_226_0,1,1
1152,0,SOLAR_226,SOPV8h_226_1,1,1
1153,0,SOLAR_226,SOPV8h_226_0,1,1
1154,0,SOLAR_226,SOPV12h_226_1,1,1
1166,0,SOLAR_227,SOPV12h_227_0,1,1
1156,0,KEEL2_226,TRLV_226_1,1,1
1157,0,KEEL2_226,TRLV_226_0,1,1
1158,0,EL2_227,TRLV_227_1,1,1
1159,0,EL2_227,TRLV_227_0,1,1
1160,0,KEEL2,KEEL00d_227,1,1
1161,0,SOLAR_227,SOPV_227_1,1,1
1162,0,SOLAR_227,SOPV_227_0,1,1
1163,0,SOLAR_227,SOPV8h_227_1,1,1
1164,0,SOLAR_227,SOPV8h_227_0,1,1
1165,0,SOLAR_227,SOPV12h_227_1,1,1
1177,0,SOLAR_228,SOPV12h_228_0,1,1
1167,0,KEEL2_227,TRLV_227_1,1,1
1168,0,KEEL2_227,TRLV_227_0,1,1
1169,0,EL2_228,TRLV_228_1,1,1
1170,0,EL2_228,TRLV_228_0,1,1
1171,0,KEEL2,KEEL00d_228,1,1
1172,0,SOLAR_228,SOPV_228_1,1,1
1173,0,SOLAR_228,SOPV_228_0,1,1
1174,0,SOLAR_228,SOPV8h_228_1,1,1
1175,0,SOLAR_228,SOPV8h_228_0,1,1
1176,0,SOLAR_228,SOPV12h_228_1,1,1
1188,0,SOLAR_229,SOPV12h_229_0,1,1
1178,0,KEEL2_228,TRLV_228_1,1,1
1179,0,KEEL2_228,TRLV_228_0,1,1
1180,0,EL2_229,TRLV_229_1,1,1
1181,0,EL2_229,TRLV_229_0,1,1
1182,0,KEEL2,KEEL00d_229,1,1
1183,0,SOLAR_229,SOPV_229_1,1,1
1184,0,SOLAR_229,SOPV_229_0,1,1
1185,0,SOLAR_229,SOPV8h_229_1,1,1
1186,0,SOLAR_229,SOPV8h_229_0,1,1
1187,0,SOLAR_229,SOPV12h_229_1,1,1
1199,0,SOLAR_232,SOPV12h_232_0,1,1
1189,0,KEEL2_229,TRLV_229_1,1,1
1190,0,KEEL2_229,TRLV_229_0,1,1
1191,0,EL2_232,TRLV_232_1,1,1
1192,0,EL2_232,TRLV_232_0,1,1
1193,0,KEEL2,KEEL00d_232,1,1
1194,0,SOLAR_232,SOPV_232_1,1,1
1195,0,SOLAR_232,SOPV_232_0,1,1
1196,0,SOLAR_232,SOPV8h_232_1,1,1
1197,0,SOLAR_232,SOPV8h_232_0,1,1
1198,0,SOLAR_232,SOPV12h_232_1,1,1
1210,0,SOLAR_233,SOPV12h_233_0,1,1
1200,0,KEEL2_232,TRLV_232_1,1,1
1201,0,KEEL2_232,TRLV_232_0,1,1
1202,0,EL2_233,TRLV_233_1,1,1
1203,0,EL2_233,TRLV_233_0,1,1
1204,0,KEEL2,KEEL00d_233,1,1
1205,0,SOLAR_233,SOPV_233_1,1,1
1206,0,SOLAR_233,SOPV_233_0,1,1
1207,0,SOLAR_233,SOPV8h_233_1,1,1
1208,0,SOLAR_233,SOPV8h_233_0,1,1
1209,0,SOLAR_233,SOPV12h_233_1,1,1
1221,0,SOLAR_237,SOPV12h_237_0,1,1
1211,0,KEEL2_233,TRLV_233_1,1,1
1212,0,KEEL2_233,TRLV_233_0,1,1
1213,0,EL2_237,TRLV_237_1,1,1
1214,0,EL2_237,TRLV_237_0,1,1
1215,0,KEEL2,KEEL00d_237,1,1
1216,0,SOLAR_237,SOPV_237_1,1,1
1217,0,SOLAR_237,SOPV_237_0,1,1
1218,0,SOLAR_237,SOPV8h_237_1,1,1
1219,0,SOLAR_237,SOPV8h_237_0,1,1
1220,0,SOLAR_237,SOPV12h_237_1,1,1
1232,0,SOLAR_238,SOPV12h_238_0,1,1
1222,0,KEEL2_237,TRLV_237_1,1,1
1223,0,KEEL2_237,TRLV_237_0,1,1
1224,0,EL2_238,TRLV_238_1,1,1
1225,0,EL2_238,TRLV_238_0,1,1
1226,0,KEEL2,KEEL00d_238,1,1
1227,0,SOLAR_238,SOPV_238_1,1,1
1228,0,SOLAR_238,SOPV_238_0,1,1
1229,0,SOLAR_238,SOPV8h_238_1,1,1
1230,0,SOLAR_238,SOPV8h_238_0,1,1
1231,0,SOLAR_238,SOPV12h_238_1,1,1
1243,0,SOLAR_239,SOPV12h_239_0,1,1
1233,0,KEEL2_238,TRLV_238_1,1,1
1234,0,KEEL2_238,TRLV_238_0,1,1
1235,0,EL2_239,TRLV_239_1,1,1
1236,0,EL2_239,TRLV_239_0,1,1
1237,0,KEEL2,KEEL00d_239,1,1
1238,0,SOLAR_239,SOPV_239_1,1,1
1239,0,SOLAR_239,SOPV_239_0,1,1
1240,0,SOLAR_239,SOPV8h_239_1,1,1
1241,0,SOLAR_239,SOPV8h_239_0,1,1
1242,0,SOLAR_239,SOPV12h_239_1,1,1
1254,0,SOLAR_240,SOPV12h_240_0,1,1
1244,0,KEEL2_239,TRLV_239_1,1,1
1245,0,KEEL2_239,TRLV_239_0,1,1
1246,0,EL2_240,TRLV_240_1,1,1
1247,0,EL2_240,TRLV_240_0,1,1
1248,0,KEEL2,KEEL00d_240,1,1
1249,0,SOLAR_240,SOPV_240_1,1,1
1250,0,SOLAR_240,SOPV_240_0,1,1
1251,0,SOLAR_240,SOPV8h_240_1,1,1
1252,0,SOLAR_240,SOPV8h_240_0,1,1
1253,0,SOLAR_240,SOPV12h_240_1,1,1
1265,0,SOLAR_241,SOPV12h_241_0,1,1
1255,0,KEEL2_240,TRLV_240_1,1,1
1256,0,KEEL2_240,TRLV_240_0,1,1
1257,0,EL2_241,TRLV_241_1,1,1
1258,0,EL2_241,TRLV_241_0,1,1
1259,0,KEEL2,KEEL00d_241,1,1
1260,0,SOLAR_241,SOPV_241_1,1,1
1261,0,SOLAR_241,SOPV_241_0,1,1
1262,0,SOLAR_241,SOPV8h_241_1,1,1
1263,0,SOLAR_241,SOPV8h_241_0,1,1
1264,0,SOLAR_241,SOPV12h_241_1,1,1
1276,0,SOLAR_242,SOPV12h_242_0,1,1
1266,0,KEEL2_241,TRLV_241_1,1,1
1267,0,KEEL2_241,TRLV_241_0,1,1
1268,0,EL2_242,TRLV_242_1,1,1
1269,0,EL2_242,TRLV_242_0,1,1
1270,0,KEEL2,KEEL00d_242,1,1
1271,0,SOLAR_242,SOPV_242_1,1,1
1272,0,SOLAR_242,SOPV_242_0,1,1
1273,0,SOLAR_242,SOPV8h_242_1,1,1
1274,0,SOLAR_242,SOPV8h_242_0,1,1
1275,0,SOLAR_242,SOPV12h_242_1,1,1
1287,0,SOLAR_243,SOPV12h_243_0,1,1
1277,0,KEEL2_242,TRLV_242_1,1,1
1278,0,KEEL2_242,TRLV_242_0,1,1
1279,0,EL2_243,TRLV_243_1,1,1
1280,0,EL2_243,TRLV_243_0,1,1
1281,0,KEEL2,KEEL00d_243,1,1
1282,0,SOLAR_243,SOPV_243_1,1,1
1283,0,SOLAR_243,SOPV_243_0,1,1
1284,0,SOLAR_243,SOPV8h_243_1,1,1
1285,0,SOLAR_243,SOPV8h_243_0,1,1
1286,0,SOLAR_243,SOPV12h_243_1,1,1
1298,0,SOLAR_244,SOPV12h_244_0,1,1
1288,0,KEEL2_243,TRLV_243_1,1,1
1289,0,KEEL2_243,TRLV_243_0,1,1
1290,0,EL2_244,TRLV_244_1,1,1
1291,0,EL2_244,TRLV_244_0,1,1
1292,0,KEEL2,KEEL00d_244,1,1
1293,0,SOLAR_244,SOPV_244_1,1,1
1294,0,SOLAR_244,SOPV_244_0,1,1
1295,0,SOLAR_244,SOPV8h_244_1,1,1
1296,0,SOLAR_244,SOPV8h_244_0,1,1
1297,0,SOLAR_244,SOPV12h_244_1,1,1
1309,0,SOLAR_245,SOPV12h_245_0,1,1
1299,0,KEEL2_244,TRLV_244_1,1,1
1300,0,KEEL2_244,TRLV_244_0,1,1
1301,0,EL2_245,TRLV_245_1,1,1
1302,0,EL2_245,TRLV_245_0,1,1
1303,0,KEEL2,KEEL00d_245,1,1
1304,0,SOLAR_245,SOPV_245_1,1,1
1305,0,SOLAR_245,SOPV_245_0,1,1
1306,0,SOLAR_245,SOPV8h_245_1,1,1
1307,0,SOLAR_245,SOPV8h_245_0,1,1
1308,0,SOLAR_245,SOPV12h_245_1,1,1
1320,0,SOLAR_246,SOPV12h_246_0,1,1
1310,0,KEEL2_245,TRLV_245_1,1,1
1311,0,KEEL2_245,TRLV_245_0,1,1
1312,0,EL2_246,TRLV_246_1,1,1
1313,0,EL2_246,TRLV_246_0,1,1
1314,0,KEEL2,KEEL00d_246,1,1
1315,0,SOLAR_246,SOPV_246_1,1,1
1316,0,SOLAR_246,SOPV_246_0,1,1
1317,0,SOLAR_246,SOPV8h_246_1,1,1
1318,0,SOLAR_246,SOPV8h_246_0,1,1
1319,0,SOLAR_246,SOPV12h_246_1,1,1
1331,0,SOLAR_247,SOPV12h_247_0,1,1
1321,0,KEEL2_246,TRLV_246_1,1,1
1322,0,KEEL2_246,TRLV_246_0,1,1
1323,0,EL2_247,TRLV_247_1,1,1
1324,0,EL2_247,TRLV_247_0,1,1
1325,0,KEEL2,KEEL00d_247,1,1
1326,0,SOLAR_247,SOPV_247_1,1,1
1327,0,SOLAR_247,SOPV_247_0,1,1
1328,0,SOLAR_247,SOPV8h_247_1,1,1
1329,0,SOLAR_247,SOPV8h_247_0,1,1
1330,0,SOLAR_247,SOPV12h_247_1,1,1
1342,0,SOLAR_248,SOPV12h_248_0,1,1
1332,0,KEEL2_247,TRLV_247_1,1,1
1333,0,KEEL2_247,TRLV_247_0,1,1
1334,0,EL2_248,TRLV_248_1,1,1
1335,0,EL2_248,TRLV_248_0,1,1
1336,0,KEEL2,KEEL00d_248,1,1
1337,0,SOLAR_248,SOPV_248_1,1,1
1338,0,SOLAR_248,SOPV_248_0,1,1
1339,0,SOLAR_248,SOPV8h_248_1,1,1
1340,0,SOLAR_248,SOPV8h_248_0,1,1
1341,0,SOLAR_248,SOPV12h_248_1,1,1
1353,0,SOLAR_249,SOPV12h_249_0,1,1
1343,0,KEEL2_248,TRLV_248_1,1,1
1344,0,KEEL2_248,TRLV_248_0,1,1
1345,0,EL2_249,TRLV_249_1,1,1
1346,0,EL2_249,TRLV_249_0,1,1
1347,0,KEEL2,KEEL00d_249,1,1
1348,0,SOLAR_249,SOPV_249_1,1,1
1349,0,SOLAR_249,SOPV_249_0,1,1
1350,0,SOLAR_249,SOPV8h_249_1,1,1
1351,0,SOLAR_249,SOPV8h_249_0,1,1
1352,0,SOLAR_249,SOPV12h_249_1,1,1
1364,0,SOLAR_250,SOPV12h_250_0,1,1
1354,0,KEEL2_249,TRLV_249_1,1,1
1355,0,KEEL2_249,TRLV_249_0,1,1
1356,0,EL2_250,TRLV_250_1,1,1
1357,0,EL2_250,TRLV_250_0,1,1
1358,0,KEEL2,KEEL00d_250,1,1
1359,0,SOLAR_250,SOPV_250_1,1,1
1360,0,SOLAR_250,SOPV_250_0,1,1
1361,0,SOLAR_250,SOPV8h_250_1,1,1
1362,0,SOLAR_250,SOPV8h_250_0,1,1
1363,0,SOLAR_250,SOPV12h_250_1,1,1
1375,0,SOLAR_251,SOPV12h_251_0,1,1
1365,0,KEEL2_250,TRLV_250_1,1,1
1366,0,KEEL2_250,TRLV_250_0,1,1
1367,0,EL2_251,TRLV_251_1,1,1
1368,0,EL2_251,TRLV_251_0,1,1
1369,0,KEEL2,KEEL00d_251,1,1
1370,0,SOLAR_251,SOPV_251_1,1,1
1371,0,SOLAR_251,SOPV_251_0,1,1
1372,0,SOLAR_251,SOPV8h_251_1,1,1
1373,0,SOLAR_251,SOPV8h_251_0,1,1
1374,0,SOLAR_251,SOPV12h_251_1,1,1
1386,0,SOLAR_252,SOPV12h_252_0,1,1
1376,0,KEEL2_251,TRLV_251_1,1,1
1377,0,KEEL2_251,TRLV_251_0,1,1
1378,0,EL2_252,TRLV_252_1,1,1
1379,0,EL2_252,TRLV_252_0,1,1
1380,0,KEEL2,KEEL00d_252,1,1
1381,0,SOLAR_252,SOPV_252_1,1,1
1382,0,SOLAR_252,SOPV_252_0,1,1
1383,0,SOLAR_252,SOPV8h_252_1,1,1
1384,0,SOLAR_252,SOPV8h_252_0,1,1
1385,0,SOLAR_252,SOPV12h_252_1,1,1
1397,0,SOLAR_253,SOPV12h_253_0,1,1
1387,0,KEEL2_252,TRLV_252_1,1,1
1388,0,KEEL2_252,TRLV_252_0,1,1
1389,0,EL2_253,TRLV_253_1,1,1
1390,0,EL2_253,TRLV_253_0,1,1
1391,0,KEEL2,KEEL00d_253,1,1
1392,0,SOLAR_253,SOPV_253_1,1,1
1393,0,SOLAR_253,SOPV_253_0,1,1
1394,0,SOLAR_253,SOPV8h_253_1,1,1
1395,0,SOLAR_253,SOPV8h_253_0,1,1
1396,0,SOLAR_253,SOPV12h_253_1,1,1
1408,0,SOLAR_257,SOPV12h_257_0,1,1
1398,0,KEEL2_253,TRLV_253_1,1,1
1399,0,KEEL2_253,TRLV_253_0,1,1
1400,0,EL2_257,TRLV_257_1,1,1
1401,0,EL2_257,TRLV_257_0,1,1
1402,0,KEEL2,KEEL00d_257,1,1
1403,0,SOLAR_257,SOPV_257_1,1,1
1404,0,SOLAR_257,SOPV_257_0,1,1
1405,0,SOLAR_257,SOPV8h_257_1,1,1
1406,0,SOLAR_257,SOPV8h_257_0,1,1
1407,0,SOLAR_257,SOPV12h_257_1,1,1
1419,0,SOLAR_258,SOPV12h_258_0,1,1
1409,0,KEEL2_257,TRLV_257_1,1,1
1410,0,KEEL2_257,TRLV_257_0,1,1
1411,0,EL2_258,TRLV_258_1,1,1
1412,0,EL2_258,TRLV_258_0,1,1
1413,0,KEEL2,KEEL00d_258,1,1
1414,0,SOLAR_258,SOPV_258_1,1,1
1415,0,SOLAR_258,SOPV_258_0,1,1
1416,0,SOLAR_258,SOPV8h_258_1,1,1
1417,0,SOLAR_258,SOPV8h_258_0,1,1
1418,0,SOLAR_258,SOPV12h_258_1,1,1
1430,0,SOLAR_259,SOPV12h_259_0,1,1
1420,0,KEEL2_258,TRLV_258_1,1,1
1421,0,KEEL2_258,TRLV_258_0,1,1
1422,0,EL2_259,TRLV_259_1,1,1
1423,0,EL2_259,TRLV_259_0,1,1
1424,0,KEEL2,KEEL00d_259,1,1
1425,0,SOLAR_259,SOPV_259_1,1,1
1426,0,SOLAR_259,SOPV_259_0,1,1
1427,0,SOLAR_259,SOPV8h_259_1,1,1
1428,0,SOLAR_259,SOPV8h_259_0,1,1
1429,0,SOLAR_259,SOPV12h_259_1,1,1
1441,0,SOLAR_260,SOPV12h_260_0,1,1
1431,0,KEEL2_259,TRLV_259_1,1,1
1432,0,KEEL2_259,TRLV_259_0,1,1
1433,0,EL2_260,TRLV_260_1,1,1
1434,0,EL2_260,TRLV_260_0,1,1
1435,0,KEEL2,KEEL00d_260,1,1
1436,0,SOLAR_260,SOPV_260_1,1,1
1437,0,SOLAR_260,SOPV_260_0,1,1
1438,0,SOLAR_260,SOPV8h_260_1,1,1
1439,0,SOLAR_260,SOPV8h_260_0,1,1
1440,0,SOLAR_260,SOPV12h_260_1,1,1
1452,0,SOLAR_261,SOPV12h_261_0,1,1
1442,0,KEEL2_260,TRLV_260_1,1,1
1443,0,KEEL2_260,TRLV_260_0,1,1
1444,0,EL2_261,TRLV_261_1,1,1
1445,0,EL2_261,TRLV_261_0,1,1
1446,0,KEEL2,KEEL00d_261,1,1
1447,0,SOLAR_261,SOPV_261_1,1,1
1448,0,SOLAR_261,SOPV_261_0,1,1
1449,0,SOLAR_261,SOPV8h_261_1,1,1
1450,0,SOLAR_261,SOPV8h_261_0,1,1
1451,0,SOLAR_261,SOPV12h_261_1,1,1
1463,0,SOLAR_262,SOPV12h_262_0,1,1
1453,0,KEEL2_261,TRLV_261_1,1,1
1454,0,KEEL2_261,TRLV_261_0,1,1
1455,0,EL2_262,TRLV_262_1,1,1
1456,0,EL2_262,TRLV_262_0,1,1
1457,0,KEEL2,KEEL00d_262,1,1
1458,0,SOLAR_262,SOPV_262_1,1,1
1459,0,SOLAR_262,SOPV_262_0,1,1
1460,0,SOLAR_262,SOPV8h_262_1,1,1
1461,0,SOLAR_262,SOPV8h_262_0,1,1
1462,0,SOLAR_262,SOPV12h_262_1,1,1
1474,0,SOLAR_263,SOPV12h_263_0,1,1
1464,0,KEEL2_262,TRLV_262_1,1,1
1465,0,KEEL2_262,TRLV_262_0,1,1
1466,0,EL2_263,TRLV_263_1,1,1
1467,0,EL2_263,TRLV_263_0,1,1
1468,0,KEEL2,KEEL00d_263,1,1
1469,0,SOLAR_263,SOPV_263_1,1,1
1470,0,SOLAR_263,SOPV_263_0,1,1
1471,0,SOLAR_263,SOPV8h_263_1,1,1
1472,0,SOLAR_263,SOPV8h_263_0,1,1
1473,0,SOLAR_263,SOPV12h_263_1,1,1
1485,0,SOLAR_264,SOPV12h_264_0,1,1
1475,0,KEEL2_263,TRLV_263_1,1,1
1476,0,KEEL2_263,TRLV_263_0,1,1
1477,0,EL2_264,TRLV_264_1,1,1
1478,0,EL2_264,TRLV_264_0,1,1
1479,0,KEEL2,KEEL00d_264,1,1
1480,0,SOLAR_264,SOPV_264_1,1,1
1481,0,SOLAR_264,SOPV_264_0,1,1
1482,0,SOLAR_264,SOPV8h_264_1,1,1
1483,0,SOLAR_264,SOPV8h_264_0,1,1
1484,0,SOLAR_264,SOPV12h_264_1,1,1
1496,0,SOLAR_265,SOPV12h_265_0,1,1
1486,0,KEEL2_264,TRLV_264_1,1,1
1487,0,KEEL2_264,TRLV_264_0,1,1
1488,0,EL2_265,TRLV_265_1,1,1
1489,0,EL2_265,TRLV_265_0,1,1
1490,0,KEEL2,KEEL00d_265,1,1
1491,0,SOLAR_265,SOPV_265_1,1,1
1492,0,SOLAR_265,SOPV_265_0,1,1
1493,0,SOLAR_265,SOPV8h_265_1,1,1
1494,0,SOLAR_265,SOPV8h_265_0,1,1
1495,0,SOLAR_265,SOPV12h_265_1,1,1
1507,0,SOLAR_266,SOPV12h_266_0,1,1
1497,0,KEEL2_265,TRLV_265_1,1,1
1498,0,KEEL2_265,TRLV_265_0,1,1
1499,0,EL2_266,TRLV_266_1,1,1
1500,0,EL2_266,TRLV_266_0,1,1
1501,0,KEEL2,KEEL00d_266,1,1
1502,0,SOLAR_266,SOPV_266_1,1,1
1503,0,SOLAR_266,SOPV_266_0,1,1
1504,0,SOLAR_266,SOPV8h_266_1,1,1
1505,0,SOLAR_266,SOPV8h_266_0,1,1
1506,0,SOLAR_266,SOPV12h_266_1,1,1
1518,0,SOLAR_267,SOPV12h_267_0,1,1
1508,0,KEEL2_266,TRLV_266_1,1,1
1509,0,KEEL2_266,TRLV_266_0,1,1
1510,0,EL2_267,TRLV_267_1,1,1
1511,0,EL2_267,TRLV_267_0,1,1
1512,0,KEEL2,KEEL00d_267,1,1
1513,0,SOLAR_267,SOPV_267_1,1,1
1514,0,SOLAR_267,SOPV_267_0,1,1
1515,0,SOLAR_267,SOPV8h_267_1,1,1
1516,0,SOLAR_267,SOPV8h_267_0,1,1
1517,0,SOLAR_267,SOPV12h_267_1,1,1
1529,0,SOLAR_268,SOPV12h_268_0,1,1
1519,0,KEEL2_267,TRLV_267_1,1,1
1520,0,KEEL2_267,TRLV_267_0,1,1
1521,0,EL2_268,TRLV_268_1,1,1
1522,0,EL2_268,TRLV_268_0,1,1
1523,0,KEEL2,KEEL00d_268,1,1
1524,0,SOLAR_268,SOPV_268_1,1,1
1525,0,SOLAR_268,SOPV_268_0,1,1
1526,0,SOLAR_268,SOPV8h_268_1,1,1
1527,0,SOLAR_268,SOPV8h_268_0,1,1
1528,0,SOLAR_268,SOPV12h_268_1,1,1
1540,0,SOLAR_269,SOPV12h_269_0,1,1
1530,0,KEEL2_268,TRLV_268_1,1,1
1531,0,KEEL2_268,TRLV_268_0,1,1
1532,0,EL2_269,TRLV_269_1,1,1
1533,0,EL2_269,TRLV_269_0,1,1
1534,0,KEEL2,KEEL00d_269,1,1
1535,0,SOLAR_269,SOPV_269_1,1,1
1536,0,SOLAR_269,SOPV_269_0,1,1
1537,0,SOLAR_269,SOPV8h_269_1,1,1
1538,0,SOLAR_269,SOPV8h_269_0,1,1
1539,0,SOLAR_269,SOPV12h_269_1,1,1
1551,0,SOLAR_270,SOPV12h_270_0,1,1
1541,0,KEEL2_269,TRLV_269_1,1,1
1542,0,KEEL2_269,TRLV_269_0,1,1
1543,0,EL2_270,TRLV_270_1,1,1
1544,0,EL2_270,TRLV_270_0,1,1
1545,0,KEEL2,KEEL00d_270,1,1
1546,0,SOLAR_270,SOPV_270_1,1,1
1547,0,SOLAR_270,SOPV_270_0,1,1
1548,0,SOLAR_270,SOPV8h_270_1,1,1
1549,0,SOLAR_270,SOPV8h_270_0,1,1
1550,0,SOLAR_270,SOPV12h_270_1,1,1
1562,0,SOLAR_271,SOPV12h_271_0,1,1
1552,0,KEEL2_270,TRLV_270_1,1,1
1553,0,KEEL2_270,TRLV_270_0,1,1
1554,0,EL2_271,TRLV_271_1,1,1
1555,0,EL2_271,TRLV_271_0,1,1
1556,0,KEEL2,KEEL00d_271,1,1
1557,0,SOLAR_271,SOPV_271_1,1,1
1558,0,SOLAR_271,SOPV_271_0,1,1
1559,0,SOLAR_271,SOPV8h_271_1,1,1
1560,0,SOLAR_271,SOPV8h_271_0,1,1
1561,0,SOLAR_271,SOPV12h_271_1,1,1
1573,0,SOLAR_272,SOPV12h_272_0,1,1
1563,0,KEEL2_271,TRLV_271_1,1,1
1564,0,KEEL2_271,TRLV_271_0,1,1
1565,0,EL2_272,TRLV_272_1,1,1
1566,0,EL2_272,TRLV_272_0,1,1
1567,0,KEEL2,KEEL00d_272,1,1
1568,0,SOLAR_272,SOPV_272_1,1,1
1569,0,SOLAR_272,SOPV_272_0,1,1
1570,0,SOLAR_272,SOPV8h_272_1,1,1
1571,0,SOLAR_272,SOPV8h_272_0,1,1
1572,0,SOLAR_272,SOPV12h_272_1,1,1
1584,0,SOLAR_277,SOPV12h_277_0,1,1
1574,0,KEEL2_272,TRLV_272_1,1,1
1575,0,KEEL2_272,TRLV_272_0,1,1
1576,0,EL2_277,TRLV_277_1,1,1
1577,0,EL2_277,TRLV_277_0,1,1
1578,0,KEEL2,KEEL00d_277,1,1
1579,0,SOLAR_277,SOPV_277_1,1,1
1580,0,SOLAR_277,SOPV_277_0,1,1
1581,0,SOLAR_277,SOPV8h_277_1,1,1
1582,0,SOLAR_277,SOPV8h_277_0,1,1
1583,0,SOLAR_277,SOPV12h_277_1,1,1
1595,0,SOLAR_278,SOPV12h_278_0,1,1
1585,0,KEEL2_277,TRLV_277_1,1,1
1586,0,KEEL2_277,TRLV_277_0,1,1
1587,0,EL2_278,TRLV_278_1,1,1
1588,0,EL2_278,TRLV_278_0,1,1
1589,0,KEEL2,KEEL00d_278,1,1
1590,0,SOLAR_278,SOPV_278_1,1,1
1591,0,SOLAR_278,SOPV_278_0,1,1
1592,0,SOLAR_278,SOPV8h_278_1,1,1
1593,0,SOLAR_278,SOPV8h_278_0,1,1
1594,0,SOLAR_278,SOPV12h_278_1,1,1
1606,0,SOLAR_279,SOPV12h_279_0,1,1
1596,0,KEEL2_278,TRLV_278_1,1,1
1597,0,KEEL2_278,TRLV_278_0,1,1
1598,0,EL2_279,TRLV_279_1,1,1
1599,0,EL2_279,TRLV_279_0,1,1
1600,0,KEEL2,KEEL00d_279,1,1
1601,0,SOLAR_279,SOPV_279_1,1,1
1602,0,SOLAR_279,SOPV_279_0,1,1
1603,0,SOLAR_279,SOPV8h_279_1,1,1
1604,0,SOLAR_279,SOPV8h_279_0,1,1
1605,0,SOLAR_279,SOPV12h_279_1,1,1
1617,0,SOLAR_280,SOPV12h_280_0,1,1
1607,0,KEEL2_279,TRLV_279_1,1,1
1608,0,KEEL2_279,TRLV_279_0,1,1
1609,0,EL2_280,TRLV_280_1,1,1
1610,0,EL2_280,TRLV_280_0,1,1
1611,0,KEEL2,KEEL00d_280,1,1
1612,0,SOLAR_280,SOPV_280_1,1,1
1613,0,SOLAR_280,SOPV_280_0,1,1
1614,0,SOLAR_280,SOPV8h_280_1,1,1
1615,0,SOLAR_280,SOPV8h_280_0,1,1
1616,0,SOLAR_280,SOPV12h_280_1,1,1
1628,0,SOLAR_281,SOPV12h_281_0,1,1
1618,0,KEEL2_280,TRLV_280_1,1,1
1619,0,KEEL2_280,TRLV_280_0,1,1
1620,0,EL2_281,TRLV_281_1,1,1
1621,0,EL2_281,TRLV_281_0,1,1
1622,0,KEEL2,KEEL00d_281,1,1
1623,0,SOLAR_281,SOPV_281_1,1,1
1624,0,SOLAR_281,SOPV_281_0,1,1
1625,0,SOLAR_281,SOPV8h_281_1,1,1
1626,0,SOLAR_281,SOPV8h_281_0,1,1
1627,0,SOLAR_281,SOPV12h_281_1,1,1
1639,0,SOLAR_282,SOPV12h_282_0,1,1
1629,0,KEEL2_281,TRLV_281_1,1,1
1630,0,KEEL2_281,TRLV_281_0,1,1
1631,0,EL2_282,TRLV_282_1,1,1
1632,0,EL2_282,TRLV_282_0,1,1
1633,0,KEEL2,KEEL00d_282,1,1
1634,0,SOLAR_282,SOPV_282_1,1,1
1635,0,SOLAR_282,SOPV_282_0,1,1
1636,0,SOLAR_282,SOPV8h_282_1,1,1
1637,0,SOLAR_282,SOPV8h_282_0,1,1
1638,0,SOLAR_282,SOPV12h_282_1,1,1
1650,0,SOLAR_283,SOPV12h_283_0,1,1
1640,0,KEEL2_282,TRLV_282_1,1,1
1641,0,KEEL2_282,TRLV_282_0,1,1
1642,0,EL2_283,TRLV_283_1,1,1
1643,0,EL2_283,TRLV_283_0,1,1
1644,0,KEEL2,KEEL00d_283,1,1
1645,0,SOLAR_283,SOPV_283_1,1,1
1646,0,SOLAR_283,SOPV_283_0,1,1
1647,0,SOLAR_283,SOPV8h_283_1,1,1
1648,0,SOLAR_283,SOPV8h_283_0,1,1
1649,0,SOLAR_283,SOPV12h_283_1,1,1
1661,0,SOLAR_284,SOPV12h_284_0,1,1
1651,0,KEEL2_283,TRLV_283_1,1,1
1652,0,KEEL2_283,TRLV_283_0,1,1
1653,0,EL2_284,TRLV_284_1,1,1
1654,0,EL2_284,TRLV_284_0,1,1
1655,0,KEEL2,KEEL00d_284,1,1
1656,0,SOLAR_284,SOPV_284_1,1,1
1657,0,SOLAR_284,SOPV_284_0,1,1
1658,0,SOLAR_284,SOPV8h_284_1,1,1
1659,0,SOLAR_284,SOPV8h_284_0,1,1
1660,0,SOLAR_284,SOPV12h_284_1,1,1
1672,0,SOLAR_285,SOPV12h_285_0,1,1
1662,0,KEEL2_284,TRLV_284_1,1,1
1663,0,KEEL2_284,TRLV_284_0,1,1
1664,0,EL2_285,TRLV_285_1,1,1
1665,0,EL2_285,TRLV_285_0,1,1
1666,0,KEEL2,KEEL00d_285,1,1
1667,0,SOLAR_285,SOPV_285_1,1,1
1668,0,SOLAR_285,SOPV_285_0,1,1
1669,0,SOLAR_285,SOPV8h_285_1,1,1
1670,0,SOLAR_285,SOPV8h_285_0,1,1
1671,0,SOLAR_285,SOPV12h_285_1,1,1
1683,0,SOLAR_286,SOPV12h_286_0,1,1
1673,0,KEEL2_285,TRLV_285_1,1,1
1674,0,KEEL2_285,TRLV_285_0,1,1
1675,0,EL2_286,TRLV_286_1,1,1
1676,0,EL2_286,TRLV_286_0,1,1
1677,0,KEEL2,KEEL00d_286,1,1
1678,0,SOLAR_286,SOPV_286_1,1,1
1679,0,SOLAR_286,SOPV_286_0,1,1
1680,0,SOLAR_286,SOPV8h_286_1,1,1
1681,0,SOLAR_286,SOPV8h_286_0,1,1
1682,0,SOLAR_286,SOPV12h_286_1,1,1
1694,0,SOLAR_287,SOPV12h_287_0,1,1
1684,0,KEEL2_286,TRLV_286_1,1,1
1685,0,KEEL2_286,TRLV_286_0,1,1
1686,0,EL2_287,TRLV_287_1,1,1
1687,0,EL2_287,TRLV_287_0,1,1
1688,0,KEEL2,KEEL00d_287,1,1
1689,0,SOLAR_287,SOPV_287_1,1,1
1690,0,SOLAR_287,SOPV_287_0,1,1
1691,0,SOLAR_287,SOPV8h_287_1,1,1
1692,0,SOLAR_287,SOPV8h_287_0,1,1
1693,0,SOLAR_287,SOPV12h_287_1,1,1
1705,0,SOLAR_288,SOPV12h_288_0,1,1
1695,0,KEEL2_287,TRLV_287_1,1,1
1696,0,KEEL2_287,TRLV_287_0,1,1
1697,0,EL2_288,TRLV_288_1,1,1
1698,0,EL2_288,TRLV_288_0,1,1
1699,0,KEEL2,KEEL00d_288,1,1
1700,0,SOLAR_288,SOPV_288_1,1,1
1701,0,SOLAR_288,SOPV_288_0,1,1
1702,0,SOLAR_288,SOPV8h_288_1,1,1
1703,0,SOLAR_288,SOPV8h_288_0,1,1
1704,0,SOLAR_288,SOPV12h_288_1,1,1
1716,0,SOLAR_291,SOPV12h_291_0,1,1
1706,0,KEEL2_288,TRLV_288_1,1,1
1707,0,KEEL2_288,TRLV_288_0,1,1
1708,0,EL2_291,TRLV_291_1,1,1
1709,0,EL2_291,TRLV_291_0,1,1
1710,0,KEEL2,KEEL00d_291,1,1
1711,0,SOLAR_291,SOPV_291_1,1,1
1712,0,SOLAR_291,SOPV_291_0,1,1
1713,0,SOLAR_291,SOPV8h_291_1,1,1
1714,0,SOLAR_291,SOPV8h_291_0,1,1
1715,0,SOLAR_291,SOPV12h_291_1,1,1
1727,0,SOLAR_292,SOPV12h_292_0,1,1
1717,0,KEEL2_291,TRLV_291_1,1,1
1718,0,KEEL2_291,TRLV_291_0,1,1
1719,0,EL2_292,TRLV_292_1,1,1
1720,0,EL2_292,TRLV_292_0,1,1
1721,0,KEEL2,KEEL00d_292,1,1
1722,0,SOLAR_292,SOPV_292_1,1,1
1723,0,SOLAR_292,SOPV_292_0,1,1
1724,0,SOLAR_292,SOPV8h_292_1,1,1
1725,0,SOLAR_292,SOPV8h_292_0,1,1
1726,0,SOLAR_292,SOPV12h_292_1,1,1
1738,0,SOLAR_297,SOPV12h_297_0,1,1
1728,0,KEEL2_292,TRLV_292_1,1,1
1729,0,KEEL2_292,TRLV_292_0,1,1
1730,0,EL2_297,TRLV_297_1,1,1
1731,0,EL2_297,TRLV_297_0,1,1
1732,0,KEEL2,KEEL00d_297,1,1
1733,0,SOLAR_297,SOPV_297_1,1,1
1734,0,SOLAR_297,SOPV_297_0,1,1
1735,0,SOLAR_297,SOPV8h_297_1,1,1
1736,0,SOLAR_297,SOPV8h_297_0,1,1
1737,0,SOLAR_297,SOPV12h_297_1,1,1
1749,0,SOLAR_298,SOPV12h_298_0,1,1
1739,0,KEEL2_297,TRLV_297_1,1,1
1740,0,KEEL2_297,TRLV_297_0,1,1
1741,0,EL2_298,TRLV_298_1,1,1
1742,0,EL2_298,TRLV_298_0,1,1
1743,0,KEEL2,KEEL00d_298,1,1
1744,0,SOLAR_298,SOPV_298_1,1,1
1745,0,SOLAR_298,SOPV_298_0,1,1
1746,0,SOLAR_298,SOPV8h_298_1,1,1
1747,0,SOLAR_298,SOPV8h_298_0,1,1
1748,0,SOLAR_298,SOPV12h_298_1,1,1
1760,0,SOLAR_299,SOPV12h_299_0,1,1
1750,0,KEEL2_298,TRLV_298_1,1,1
1751,0,KEEL2_298,TRLV_298_0,1,1
1752,0,EL2_299,TRLV_299_1,1,1
1753,0,EL2_299,TRLV_299_0,1,1
1754,0,KEEL2,KEEL00d_299,1,1
1755,0,SOLAR_299,SOPV_299_1,1,1
1756,0,SOLAR_299,SOPV_299_0,1,1
1757,0,SOLAR_299,SOPV8h_299_1,1,1
1758,0,SOLAR_299,SOPV8h_299_0,1,1
1759,0,SOLAR_299,SOPV12h_299_1,1,1
1771,0,SOLAR_300,SOPV12h_300_0,1,1
1761,0,KEEL2_299,TRLV_299_1,1,1
1762,0,KEEL2_299,TRLV_299_0,1,1
1763,0,EL2_300,TRLV_300_1,1,1
1764,0,EL2_300,TRLV_300_0,1,1
1765,0,KEEL2,KEEL00d_300,1,1
1766,0,SOLAR_300,SOPV_300_1,1,1
1767,0,SOLAR_300,SOPV_300_0,1,1
1768,0,SOLAR_300,SOPV8h_300_1,1,1
1769,0,SOLAR_300,SOPV8h_300_0,1,1
1770,0,SOLAR_300,SOPV12h_300_1,1,1
1782,0,SOLAR_301,SOPV12h_301_0,1,1
1772,0,KEEL2_300,TRLV_300_1,1,1
1773,0,KEEL2_300,TRLV_300_0,1,1
1774,0,EL2_301,TRLV_301_1,1,1
1775,0,EL2_301,TRLV_301_0,1,1
1776,0,KEEL2,KEEL00d_301,1,1
1777,0,SOLAR_301,SOPV_301_1,1,1
1778,0,SOLAR_301,SOPV_301_0,1,1
1779,0,SOLAR_301,SOPV8h_301_1,1,1
1780,0,SOLAR_301,SOPV8h_301_0,1,1
1781,0,SOLAR_301,SOPV12h_301_1,1,1
1793,0,SOLAR_302,SOPV12h_302_0,1,1
1783,0,KEEL2_301,TRLV_301_1,1,1
1784,0,KEEL2_301,TRLV_301_0,1,1
1785,0,EL2_302,TRLV_302_1,1,1
1786,0,EL2_302,TRLV_302_0,1,1
1787,0,KEEL2,KEEL00d_302,1,1
1788,0,SOLAR_302,SOPV_302_1,1,1
1789,0,SOLAR_302,SOPV_302_0,1,1
1790,0,SOLAR_302,SOPV8h_302_1,1,1
1791,0,SOLAR_302,SOPV8h_302_0,1,1
1792,0,SOLAR_302,SOPV12h_302_1,1,1
1804,0,SOLAR_303,SOPV12h_303_0,1,1
1794,0,KEEL2_302,TRLV_302_1,1,1
1795,0,KEEL2_302,TRLV_302_0,1,1
1796,0,EL2_303,TRLV_303_1,1,1
1797,0,EL2_303,TRLV_303_0,1,1
1798,0,KEEL2,KEEL00d_303,1,1
1799,0,SOLAR_303,SOPV_303_1,1,1
1800,0,SOLAR_303,SOPV_303_0,1,1
1801,0,SOLAR_303,SOPV8h_303_1,1,1
1802,0,SOLAR_303,SOPV8h_303_0,1,1
1803,0,SOLAR_303,SOPV12h_303_1,1,1
1815,0,SOLAR_304,SOPV12h_304_0,1,1
1805,0,KEEL2_303,TRLV_303_1,1,1
1806,0,KEEL2_303,TRLV_303_0,1,1
1807,0,EL2_304,TRLV_304_1,1,1
1808,0,EL2_304,TRLV_304_0,1,1
1809,0,KEEL2,KEEL00d_304,1,1
1810,0,SOLAR_304,SOPV_304_1,1,1
1811,0,SOLAR_304,SOPV_304_0,1,1
1812,0,SOLAR_304,SOPV8h_304_1,1,1
1813,0,SOLAR_304,SOPV8h_304_0,1,1
1814,0,SOLAR_304,SOPV12h_304_1,1,1
1826,0,SOLAR_305,SOPV12h_305_0,1,1
1816,0,KEEL2_304,TRLV_304_1,1,1
1817,0,KEEL2_304,TRLV_304_0,1,1
1818,0,EL2_305,TRLV_305_1,1,1
1819,0,EL2_305,TRLV_305_0,1,1
1820,0,KEEL2,KEEL00d_305,1,1
1821,0,SOLAR_305,SOPV_305_1,1,1
1822,0,SOLAR_305,SOPV_305_0,1,1
1823,0,SOLAR_305,SOPV8h_305_1,1,1
1824,0,SOLAR_305,SOPV8h_305_0,1,1
1825,0,SOLAR_305,SOPV12h_305_1,1,1
1837,0,SOLAR_310,SOPV12h_310_0,1,1
1827,0,KEEL2_305,TRLV_305_1,1,1
1828,0,KEEL2_305,TRLV_305_0,1,1
1829,0,EL2_310,TRLV_310_1,1,1
1830,0,EL2_310,TRLV_310_0,1,1
1831,0,KEEL2,KEEL00d_310,1,1
1832,0,SOLAR_310,SOPV_310_1,1,1
1833,0,SOLAR_310,SOPV_310_0,1,1
1834,0,SOLAR_310,SOPV8h_310_1,1,1
1835,0,SOLAR_310,SOPV8h_310_0,1,1
1836,0,SOLAR_310,SOPV12h_310_1,1,1
1848,0,SOLAR_314,SOPV12h_314_0,1,1
1838,0,KEEL2_310,TRLV_310_1,1,1
1839,0,KEEL2_310,TRLV_310_0,1,1
1840,0,EL2_314,TRLV_314_1,1,1
1841,0,EL2_314,TRLV_314_0,1,1
1842,0,KEEL2,KEEL00d_314,1,1
1843,0,SOLAR_314,SOPV_314_1,1,1
1844,0,SOLAR_314,SOPV_314_0,1,1
1845,0,SOLAR_314,SOPV8h_314_1,1,1
1846,0,SOLAR_314,SOPV8h_314_0,1,1
1847,0,SOLAR_314,SOPV12h_314_1,1,1
1859,0,SOLAR_315,SOPV12h_315_0,1,1
1849,0,KEEL2_314,TRLV_314_1,1,1
1850,0,KEEL2_314,TRLV_314_0,1,1
1851,0,EL2_315,TRLV_315_1,1,1
1852,0,EL2_315,TRLV_315_0,1,1
1853,0,KEEL2,KEEL00d_315,1,1
1854,0,SOLAR_315,SOPV_315_1,1,1
1855,0,SOLAR_315,SOPV_315_0,1,1
1856,0,SOLAR_315,SOPV8h_315_1,1,1
1857,0,SOLAR_315,SOPV8h_315_0,1,1
1858,0,SOLAR_315,SOPV12h_315_1,1,1
1870,0,SOLAR_316,SOPV12h_316_0,1,1
1860,0,KEEL2_315,TRLV_315_1,1,1
1861,0,KEEL2_315,TRLV_315_0,1,1
1862,0,EL2_316,TRLV_316_1,1,1
1863,0,EL2_316,TRLV_316_0,1,1
1864,0,KEEL2,KEEL00d_316,1,1
1865,0,SOLAR_316,SOPV_316_1,1,1
1866,0,SOLAR_316,SOPV_316_0,1,1
1867,0,SOLAR_316,SOPV8h_316_1,1,1
1868,0,SOLAR_316,SOPV8h_316_0,1,1
1869,0,SOLAR_316,SOPV12h_316_1,1,1
1881,0,SOLAR_317,SOPV12h_317_0,1,1
1871,0,KEEL2_316,TRLV_316_1,1,1
1872,0,KEEL2_316,TRLV_316_0,1,1
1873,0,EL2_317,TRLV_317_1,1,1
1874,0,EL2_317,TRLV_317_0,1,1
1875,0,KEEL2,KEEL00d_317,1,1
1876,0,SOLAR_317,SOPV_317_1,1,1
1877,0,SOLAR_317,SOPV_317_0,1,1
1878,0,SOLAR_317,SOPV8h_317_1,1,1
1879,0,SOLAR_317,SOPV8h_317_0,1,1
1880,0,SOLAR_317,SOPV12h_317_1,1,1
1892,0,SOLAR_318,SOPV12h_318_0,1,1
1882,0,KEEL2_317,TRLV_317_1,1,1
1883,0,KEEL2_317,TRLV_317_0,1,1
1884,0,EL2_318,TRLV_318_1,1,1
1885,0,EL2_318,TRLV_318_0,1,1
1886,0,KEEL2,KEEL00d_318,1,1
1887,0,SOLAR_318,SOPV_318_1,1,1
1888,0,SOLAR_318,SOPV_318_0,1,1
1889,0,SOLAR_318,SOPV8h_318_1,1,1
1890,0,SOLAR_318,SOPV8h_318_0,1,1
1891,0,SOLAR_318,SOPV12h_318_1,1,1
1903,0,SOLAR_319,SOPV12h_319_0,1,1
1893,0,KEEL2_318,TRLV_318_1,1,1
1894,0,KEEL2_318,TRLV_318_0,1,1
1895,0,EL2_319,TRLV_319_1,1,1
1896,0,EL2_319,TRLV_319_0,1,1
1897,0,KEEL2,KEEL00d_319,1,1
1898,0,SOLAR_319,SOPV_319_1,1,1
1899,0,SOLAR_319,SOPV_319_0,1,1
1900,0,SOLAR_319,SOPV8h_319_1,1,1
1901,0,SOLAR_319,SOPV8h_319_0,1,1
1902,0,SOLAR_319,SOPV12h_319_1,1,1
1914,0,SOLAR_320,SOPV12h_320_0,1,1
1904,0,KEEL2_319,TRLV_319_1,1,1
1905,0,KEEL2_319,TRLV_319_0,1,1
1906,0,EL2_320,TRLV_320_1,1,1
1907,0,EL2_320,TRLV_320_0,1,1
1908,0,KEEL2,KEEL00d_320,1,1
1909,0,SOLAR_320,SOPV_320_1,1,1
1910,0,SOLAR_320,SOPV_320_0,1,1
1911,0,SOLAR_320,SOPV8h_320_1,1,1
1912,0,SOLAR_320,SOPV8h_320_0,1,1
1913,0,SOLAR_320,SOPV12h_320_1,1,1
1925,0,SOLAR_321,SOPV12h_321_0,1,1
1915,0,KEEL2_320,TRLV_320_1,1,1
1916,0,KEEL2_320,TRLV_320_0,1,1
1917,0,EL2_321,TRLV_321_1,1,1
1918,0,EL2_321,TRLV_321_0,1,1
1919,0,KEEL2,KEEL00d_321,1,1
1920,0,SOLAR_321,SOPV_321_1,1,1
1921,0,SOLAR_321,SOPV_321_0,1,1
1922,0,SOLAR_321,SOPV8h_321_1,1,1
1923,0,SOLAR_321,SOPV8h_321_0,1,1
1924,0,SOLAR_321,SOPV12h_321_1,1,1
1936,0,SOLAR_322,SOPV12h_322_0,1,1
1926,0,KEEL2_321,TRLV_321_1,1,1
1927,0,KEEL2_321,TRLV_321_0,1,1
1928,0,EL2_322,TRLV_322_1,1,1
1929,0,EL2_322,TRLV_322_0,1,1
1930,0,KEEL2,KEEL00d_322,1,1
1931,0,SOLAR_322,SOPV_322_1,1,1
1932,0,SOLAR_322,SOPV_322_0,1,1
1933,0,SOLAR_322,SOPV8h_322_1,1,1
1934,0,SOLAR_322,SOPV8h_322_0,1,1
1935,0,SOLAR_322,SOPV12h_322_1,1,1
1947,0,SOLAR_327,SOPV12h_327_0,1,1
1937,0,KEEL2_322,TRLV_322_1,1,1
1938,0,KEEL2_322,TRLV_322_0,1,1
1939,0,EL2_327,TRLV_327_1,1,1
1940,0,EL2_327,TRLV_327_0,1,1
1941,0,KEEL2,KEEL00d_327,1,1
1942,0,SOLAR_327,SOPV_327_1,1,1
1943,0,SOLAR_327,SOPV_327_0,1,1
1944,0,SOLAR_327,SOPV8h_327_1,1,1
1945,0,SOLAR_327,SOPV8h_327_0,1,1
1946,0,SOLAR_327,SOPV12h_327_1,1,1
1958,0,SOLAR_329,SOPV12h_329_0,1,1
1948,0,KEEL2_327,TRLV_327_1,1,1
1949,0,KEEL2_327,TRLV_327_0,1,1
1950,0,EL2_329,TRLV_329_1,1,1
1951,0,EL2_329,TRLV_329_0,1,1
1952,0,KEEL2,KEEL00d_329,1,1
1953,0,SOLAR_329,SOPV_329_1,1,1
1954,0,SOLAR_329,SOPV_329_0,1,1
1955,0,SOLAR_329,SOPV8h_329_1,1,1
1956,0,SOLAR_329,SOPV8h_329_0,1,1
1957,0,SOLAR_329,SOPV12h_329_1,1,1
1969,0,SOLAR_330,SOPV12h_330_0,1,1
1959,0,KEEL2_329,TRLV_329_1,1,1
1960,0,KEEL2_329,TRLV_329_0,1,1
1961,0,EL2_330,TRLV_330_1,1,1
1962,0,EL2_330,TRLV_330_0,1,1
1963,0,KEEL2,KEEL00d_330,1,1
1964,0,SOLAR_330,SOPV_330_1,1,1
1965,0,SOLAR_330,SOPV_330_0,1,1
1966,0,SOLAR_330,SOPV8h_330_1,1,1
1967,0,SOLAR_330,SOPV8h_330_0,1,1
1968,0,SOLAR_330,SOPV12h_330_1,1,1
1980,0,SOLAR_331,SOPV12h_331_0,1,1
1970,0,KEEL2_330,TRLV_330_1,1,1
1971,0,KEEL2_330,TRLV_330_0,1,1
1972,0,EL2_331,TRLV_331_1,1,1
1973,0,EL2_331,TRLV_331_0,1,1
1974,0,KEEL2,KEEL00d_331,1,1
1975,0,SOLAR_331,SOPV_331_1,1,1
1976,0,SOLAR_331,SOPV_331_0,1,1
1977,0,SOLAR_331,SOPV8h_331_1,1,1
1978,0,SOLAR_331,SOPV8h_331_0,1,1
1979,0,SOLAR_331,SOPV12h_331_1,1,1
1991,0,SOLAR_332,SOPV12h_332_0,1,1
1981,0,KEEL2_331,TRLV_331_1,1,1
1982,0,KEEL2_331,TRLV_331_0,1,1
1983,0,EL2_332,TRLV_332_1,1,1
1984,0,EL2_332,TRLV_332_0,1,1
1985,0,KEEL2,KEEL00d_332,1,1
1986,0,SOLAR_332,SOPV_332_1,1,1
1987,0,SOLAR_332,SOPV_332_0,1,1
1988,0,SOLAR_332,SOPV8h_332_1,1,1
1989,0,SOLAR_332,SOPV8h_332_0,1,1
1990,0,SOLAR_332,SOPV12h_332_1,1,1
2002,0,SOLAR_333,SOPV12h_333_0,1,1
1992,0,KEEL2_332,TRLV_332_1,1,1
1993,0,KEEL2_332,TRLV_332_0,1,1
1994,0,EL2_333,TRLV_333_1,1,1
1995,0,EL2_333,TRLV_333_0,1,1
1996,0,KEEL2,KEEL00d_333,1,1
1997,0,SOLAR_333,SOPV_333_1,1,1
1998,0,SOLAR_333,SOPV_333_0,1,1
1999,0,SOLAR_333,SOPV8h_333_1,1,1
2000,0,SOLAR_333,SOPV8h_333_0,1,1
2001,0,SOLAR_333,SOPV12h_333_1,1,1
2013,0,SOLAR_334,SOPV12h_334_0,1,1
2003,0,KEEL2_333,TRLV_333_1,1,1
2004,0,KEEL2_333,TRLV_333_0,1,1
2005,0,EL2_334,TRLV_334_1,1,1
2006,0,EL2_334,TRLV_334_0,1,1
2007,0,KEEL2,KEEL00d_334,1,1
2008,0,SOLAR_334,SOPV_334_1,1,1
2009,0,SOLAR_334,SOPV_334_0,1,1
2010,0,SOLAR_334,SOPV8h_334_1,1,1
2011,0,SOLAR_334,SOPV8h_334_0,1,1
2012,0,SOLAR_334,SOPV12h_334_1,1,1
2024,0,SOLAR_335,SOPV12h_335_0,1,1
2014,0,KEEL2_334,TRLV_334_1,1,1
2015,0,KEEL2_334,TRLV_334_0,1,1
2016,0,EL2_335,TRLV_335_1,1,1
2017,0,EL2_335,TRLV_335_0,1,1
2018,0,KEEL2,KEEL00d_335,1,1
2019,0,SOLAR_335,SOPV_335_1,1,1
2020,0,SOLAR_335,SOPV_335_0,1,1
2021,0,SOLAR_335,SOPV8h_335_1,1,1
2022,0,SOLAR_335,SOPV8h_335_0,1,1
2023,0,SOLAR_335,SOPV12h_335_1,1,1
2035,0,SOLAR_336,SOPV12h_336_0,1,1
2025,0,KEEL2_335,TRLV_335_1,1,1
2026,0,KEEL2_335,TRLV_335_0,1,1
2027,0,EL2_336,TRLV_336_1,1,1
2028,0,EL2_336,TRLV_336_0,1,1
2029,0,KEEL2,KEEL00d_336,1,1
2030,0,SOLAR_336,SOPV_336_1,1,1
2031,0,SOLAR_336,SOPV_336_0,1,1
2032,0,SOLAR_336,SOPV8h_336_1,1,1
2033,0,SOLAR_336,SOPV8h_336_0,1,1
2034,0,SOLAR_336,SOPV12h_336_1,1,1
2046,0,SOLAR_337,SOPV12h_337_0,1,1
2036,0,KEEL2_336,TRLV_336_1,1,1
2037,0,KEEL2_336,TRLV_336_0,1,1
2038,0,EL2_337,TRLV_337_1,1,1
2039,0,EL2_337,TRLV_337_0,1,1
2040,0,KEEL2,KEEL00d_337,1,1
2041,0,SOLAR_337,SOPV_337_1,1,1
2042,0,SOLAR_337,SOPV_337_0,1,1
2043,0,SOLAR_337,SOPV8h_337_1,1,1
2044,0,SOLAR_337,SOPV8h_337_0,1,1
2045,0,SOLAR_337,SOPV12h_337_1,1,1
2057,0,SOLAR_341,SOPV12h_341_0,1,1
2047,0,KEEL2_337,TRLV_337_1,1,1
2048,0,KEEL2_337,TRLV_337_0,1,1
2049,0,EL2_341,TRLV_341_1,1,1
2050,0,EL2_341,TRLV_341_0,1,1
2051,0,KEEL2,KEEL00d_341,1,1
2052,0,SOLAR_341,SOPV_341_1,1,1
2053,0,SOLAR_341,SOPV_341_0,1,1
2054,0,SOLAR_341,SOPV8h_341_1,1,1
2055,0,SOLAR_341,SOPV8h_341_0,1,1
2056,0,SOLAR_341,SOPV12h_341_1,1,1
2068,0,SOLAR_342,SOPV12h_342_0,1,1
2058,0,KEEL2_341,TRLV_341_1,1,1
2059,0,KEEL2_341,TRLV_341_0,1,1
2060,0,EL2_342,TRLV_342_1,1,1
2061,0,EL2_342,TRLV_342_0,1,1
2062,0,KEEL2,KEEL00d_342,1,1
2063,0,SOLAR_342,SOPV_342_1,1,1
2064,0,SOLAR_342,SOPV_342_0,1,1
2065,0,SOLAR_342,SOPV8h_342_1,1,1
2066,0,SOLAR_342,SOPV8h_342_0,1,1
2067,0,SOLAR_342,SOPV12h_342_1,1,1
2079,0,SOLAR_343,SOPV12h_343_0,1,1
2069,0,KEEL2_342,TRLV_342_1,1,1
2070,0,KEEL2_342,TRLV_342_0,1,1
2071,0,EL2_343,TRLV_343_1,1,1
2072,0,EL2_343,TRLV_343_0,1,1
2073,0,KEEL2,KEEL00d_343,1,1
2074,0,SOLAR_343,SOPV_343_1,1,1
2075,0,SOLAR_343,SOPV_343_0,1,1
2076,0,SOLAR_343,SOPV8h_343_1,1,1
2077,0,SOLAR_343,SOPV8h_343_0,1,1
2078,0,SOLAR_343,SOPV12h_343_1,1,1
2090,0,SOLAR_344,SOPV12h_344_0,1,1
2080,0,KEEL2_343,TRLV_343_1,1,1
2081,0,KEEL2_343,TRLV_343_0,1,1
2082,0,EL2_344,TRLV_344_1,1,1
2083,0,EL2_344,TRLV_344_0,1,1
2084,0,KEEL2,KEEL00d_344,1,1
2085,0,SOLAR_344,SOPV_344_1,1,1
2086,0,SOLAR_344,SOPV_344_0,1,1
2087,0,SOLAR_344,SOPV8h_344_1,1,1
2088,0,SOLAR_344,SOPV8h_344_0,1,1
2089,0,SOLAR_344,SOPV12h_344_1,1,1
2101,0,SOLAR_345,SOPV12h_345_0,1,1
2091,0,KEEL2_344,TRLV_344_1,1,1
2092,0,KEEL2_344,TRLV_344_0,1,1
2093,0,EL2_345,TRLV_345_1,1,1
2094,0,EL2_345,TRLV_345_0,1,1
2095,0,KEEL2,KEEL00d_345,1,1
2096,0,SOLAR_345,SOPV_345_1,1,1
2097,0,SOLAR_345,SOPV_345_0,1,1
2098,0,SOLAR_345,SOPV8h_345_1,1,1
2099,0,SOLAR_345,SOPV8h_345_0,1,1
2100,0,SOLAR_345,SOPV12h_345_1,1,1
2112,0,SOLAR_346,SOPV12h_346_0,1,1
2102,0,KEEL2_345,TRLV_345_1,1,1
2103,0,KEEL2_345,TRLV_345_0,1,1
2104,0,EL2_346,TRLV_346_1,1,1
2105,0,EL2_346,TRLV_346_0,1,1
2106,0,KEEL2,KEEL00d_346,1,1
2107,0,SOLAR_346,SOPV_346_1,1,1
2108,0,SOLAR_346,SOPV_346_0,1,1
2109,0,SOLAR_346,SOPV8h_346_1,1,1
2110,0,SOLAR_346,SOPV8h_346_0,1,1
2111,0,SOLAR_346,SOPV12h_346_1,1,1
2123,0,SOLAR_347,SOPV12h_347_0,1,1
2113,0,KEEL2_346,TRLV_346_1,1,1
2114,0,KEEL2_346,TRLV_346_0,1,1
2115,0,EL2_347,TRLV_347_1,1,1
2116,0,EL2_347,TRLV_347_0,1,1
2117,0,KEEL2,KEEL00d_347,1,1
2118,0,SOLAR_347,SOPV_347_1,1,1
2119,0,SOLAR_347,SOPV_347_0,1,1
2120,0,SOLAR_347,SOPV8h_347_1,1,1
2121,0,SOLAR_347,SOPV8h_347_0,1,1
2122,0,SOLAR_347,SOPV12h_347_1,1,1
2134,0,SOLAR_348,SOPV12h_348_0,1,1
2124,0,KEEL2_347,TRLV_347_1,1,1
2125,0,KEEL2_347,TRLV_347_0,1,1
2126,0,EL2_348,TRLV_348_1,1,1
2127,0,EL2_348,TRLV_348_0,1,1
2128,0,KEEL2,KEEL00d_348,1,1
2129,0,SOLAR_348,SOPV_348_1,1,1
2130,0,SOLAR_348,SOPV_348_0,1,1
2131,0,SOLAR_348,SOPV8h_348_1,1,1
2132,0,SOLAR_348,SOPV8h_348_0,1,1
2133,0,SOLAR_348,SOPV12h_348_1,1,1
2145,0,SOLAR_352,SOPV12h_352_0,1,1
2135,0,KEEL2_348,TRLV_348_1,1,1
2136,0,KEEL2_348,TRLV_348_0,1,1
2137,0,EL2_352,TRLV_352_1,1,1
2138,0,EL2_352,TRLV_352_0,1,1
2139,0,KEEL2,KEEL00d_352,1,1
2140,0,SOLAR_352,SOPV_352_1,1,1
2141,0,SOLAR_352,SOPV_352_0,1,1
2142,0,SOLAR_352,SOPV8h_352_1,1,1
2143,0,SOLAR_352,SOPV8h_352_0,1,1
2144,0,SOLAR_352,SOPV12h_352_1,1,1
2156,0,SOLAR_353,SOPV12h_353_0,1,1
2146,0,KEEL2_352,TRLV_352_1,1,1
2147,0,KEEL2_352,TRLV_352_0,1,1
2148,0,EL2_353,TRLV_353_1,1,1
2149,0,EL2_353,TRLV_353_0,1,1
2150,0,KEEL2,KEEL00d_353,1,1
2151,0,SOLAR_353,SOPV_353_1,1,1
2152,0,SOLAR_353,SOPV_353_0,1,1
2153,0,SOLAR_353,SOPV8h_353_1,1,1
2154,0,SOLAR_353,SOPV8h_353_0,1,1
2155,0,SOLAR_353,SOPV12h_353_1,1,1
2167,0,SOLAR_354,SOPV12h_354_0,1,1
2157,0,KEEL2_353,TRLV_353_1,1,1
2158,0,KEEL2_353,TRLV_353_0,1,1
2159,0,EL2_354,TRLV_354_1,1,1
2160,0,EL2_354,TRLV_354_0,1,1
2161,0,KEEL2,KEEL00d_354,1,1
2162,0,SOLAR_354,SOPV_354_1,1,1
2163,0,SOLAR_354,SOPV_354_0,1,1
2164,0,SOLAR_354,SOPV8h_354_1,1,1
2165,0,SOLAR_354,SOPV8h_354_0,1,1
2166,0,SOLAR_354,SOPV12h_354_1,1,1
2178,0,SOLAR_355,SOPV12h_355_0,1,1
2168,0,KEEL2_354,TRLV_354_1,1,1
2169,0,KEEL2_354,TRLV_354_0,1,1
2170,0,EL2_355,TRLV_355_1,1,1
2171,0,EL2_355,TRLV_355_0,1,1
2172,0,KEEL2,KEEL00d_355,1,1
2173,0,SOLAR_355,SOPV_355_1,1,1
2174,0,SOLAR_355,SOPV_355_0,1,1
2175,0,SOLAR_355,SOPV8h_355_1,1,1
2176,0,SOLAR_355,SOPV8h_355_0,1,1
2177,0,SOLAR_355,SOPV12h_355_1,1,1
2189,0,SOLAR_356,SOPV12h_356_0,1,1
2179,0,KEEL2_355,TRLV_355_1,1,1
2180,0,KEEL2_355,TRLV_355_0,1,1
2181,0,EL2_356,TRLV_356_1,1,1
2182,0,EL2_356,TRLV_356_0,1,1
2183,0,KEEL2,KEEL00d_356,1,1
2184,0,SOLAR_356,SOPV_356_1,1,1
2185,0,SOLAR_356,SOPV_356_0,1,1
2186,0,SOLAR_356,SOPV8h_356_1,1,1
2187,0,SOLAR_356,SOPV8h_356_0,1,1
2188,0,SOLAR_356,SOPV12h_356_1,1,1
2200,0,SOLAR_358,SOPV12h_358_0,1,1
2190,0,KEEL2_356,TRLV_356_1,1,1
2191,0,KEEL2_356,TRLV_356_0,1,1
2192,0,EL2_358,TRLV_358_1,1,1
2193,0,EL2_358,TRLV_358_0,1,1
2194,0,KEEL2,KEEL00d_358,1,1
2195,0,SOLAR_358,SOPV_358_1,1,1
2196,0,SOLAR_358,SOPV_358_0,1,1
2197,0,SOLAR_358,SOPV8h_358_1,1,1
2198,0,SOLAR_358,SOPV8h_358_0,1,1
2199,0,SOLAR_358,SOPV12h_358_1,1,1
2211,0,SOLAR_359,SOPV12h_359_0,1,1
2201,0,KEEL2_358,TRLV_358_1,1,1
2202,0,KEEL2_358,TRLV_358_0,1,1
2203,0,EL2_359,TRLV_359_1,1,1
2204,0,EL2_359,TRLV_359_0,1,1
2205,0,KEEL2,KEEL00d_359,1,1
2206,0,SOLAR_359,SOPV_359_1,1,1
2207,0,SOLAR_359,SOPV_359_0,1,1
2208,0,SOLAR_359,SOPV8h_359_1,1,1
2209,0,SOLAR_359,SOPV8h_359_0,1,1
2210,0,SOLAR_359,SOPV12h_359_1,1,1
2222,0,SOLAR_360,SOPV12h_360_0,1,1
2212,0,KEEL2_359,TRLV_359_1,1,1
2213,0,KEEL2_359,TRLV_359_0,1,1
2214,0,EL2_360,TRLV_360_1,1,1
2215,0,EL2_360,TRLV_360_0,1,1
2216,0,KEEL2,KEEL00d_360,1,1
2217,0,SOLAR_360,SOPV_360_1,1,1
2218,0,SOLAR_360,SOPV_360_0,1,1
2219,0,SOLAR_360,SOPV8h_360_1,1,1
2220,0,SOLAR_360,SOPV8h_360_0,1,1
2221,0,SOLAR_360,SOPV12h_360_1,1,1
2233,0,SOLAR_361,SOPV12h_361_0,1,1
2223,0,KEEL2_360,TRLV_360_1,1,1
2224,0,KEEL2_360,TRLV_360_0,1,1
2225,0,EL2_361,TRLV_361_1,1,1
2226,0,EL2_361,TRLV_361_0,1,1
2227,0,KEEL2,KEEL00d_361,1,1
2228,0,SOLAR_361,SOPV_361_1,1,1
2229,0,SOLAR_361,SOPV_361_0,1,1
2230,0,SOLAR_361,SOPV8h_361_1,1,1
2231,0,SOLAR_361,SOPV8h_361_0,1,1
2232,0,SOLAR_361,SOPV12h_361_1,1,1
2244,0,SOLAR_362,SOPV12h_362_0,1,1
2234,0,KEEL2_361,TRLV_361_1,1,1
2235,0,KEEL2_361,TRLV_361_0,1,1
2236,0,EL2_362,TRLV_362_1,1,1
2237,0,EL2_362,TRLV_362_0,1,1
2238,0,KEEL2,KEEL00d_362,1,1
2239,0,SOLAR_362,SOPV_362_1,1,1
2240,0,SOLAR_362,SOPV_362_0,1,1
2241,0,SOLAR_362,SOPV8h_362_1,1,1
2242,0,SOLAR_362,SOPV8h_362_0,1,1
2243,0,SOLAR_362,SOPV12h_362_1,1,1
2255,0,SOLAR_363,SOPV12h_363_0,1,1
2245,0,KEEL2_362,TRLV_362_1,1,1
2246,0,KEEL2_362,TRLV_362_0,1,1
2247,0,EL2_363,TRLV_363_1,1,1
2248,0,EL2_363,TRLV_363_0,1,1
2249,0,KEEL2,KEEL00d_363,1,1
2250,0,SOLAR_363,SOPV_363_1,1,1
2251,0,SOLAR_363,SOPV_363_0,1,1
2252,0,SOLAR_363,SOPV8h_363_1,1,1
2253,0,SOLAR_363,SOPV8h_363_0,1,1
2254,0,SOLAR_363,SOPV12h_363_1,1,1
2266,0,SOLAR_364,SOPV12h_364_0,1,1
2256,0,KEEL2_363,TRLV_363_1,1,1
2257,0,KEEL2_363,TRLV_363_0,1,1
2258,0,EL2_364,TRLV_364_1,1,1
2259,0,EL2_364,TRLV_364_0,1,1
2260,0,KEEL2,KEEL00d_364,1,1
2261,0,SOLAR_364,SOPV_364_1,1,1
2262,0,SOLAR_364,SOPV_364_0,1,1
2263,0,SOLAR_364,SOPV8h_364_1,1,1
2264,0,SOLAR_364,SOPV8h_364_0,1,1
2265,0,SOLAR_364,SOPV12h_364_1,1,1
2277,0,SOLAR_365,SOPV12h_365_0,1,1
2267,0,KEEL2_364,TRLV_364_1,1,1
2268,0,KEEL2_364,TRLV_364_0,1,1
2269,0,EL2_365,TRLV_365_1,1,1
2270,0,EL2_365,TRLV_365_0,1,1
2271,0,KEEL2,KEEL00d_365,1,1
2272,0,SOLAR_365,SOPV_365_1,1,1
2273,0,SOLAR_365,SOPV_365_0,1,1
2274,0,SOLAR_365,SOPV8h_365_1,1,1
2275,0,SOLAR_365,SOPV8h_365_0,1,1
2276,0,SOLAR_365,SOPV12h_365_1,1,1
2288,0,SOLAR_366,SOPV12h_366_0,1,1
2278,0,KEEL2_365,TRLV_365_1,1,1
2279,0,KEEL2_365,TRLV_365_0,1,1
2280,0,EL2_366,TRLV_366_1,1,1
2281,0,EL2_366,TRLV_366_0,1,1
2282,0,KEEL2,KEEL00d_366,1,1
2283,0,SOLAR_366,SOPV_366_1,1,1
2284,0,SOLAR_366,SOPV_366_0,1,1
2285,0,SOLAR_366,SOPV8h_366_1,1,1
2286,0,SOLAR_366,SOPV8h_366_0,1,1
2287,0,SOLAR_366,SOPV12h_366_1,1,1
2299,0,SOLAR_367,SOPV12h_367_0,1,1
2289,0,KEEL2_366,TRLV_366_1,1,1
2290,0,KEEL2_366,TRLV_366_0,1,1
2291,0,EL2_367,TRLV_367_1,1,1
2292,0,EL2_367,TRLV_367_0,1,1
2293,0,KEEL2,KEEL00d_367,1,1
2294,0,SOLAR_367,SOPV_367_1,1,1
2295,0,SOLAR_367,SOPV_367_0,1,1
2296,0,SOLAR_367,SOPV8h_367_1,1,1
2297,0,SOLAR_367,SOPV8h_367_0,1,1
2298,0,SOLAR_367,SOPV12h_367_1,1,1
2310,0,SOLAR_368,SOPV12h_368_0,1,1
2300,0,KEEL2_367,TRLV_367_1,1,1
2301,0,KEEL2_367,TRLV_367_0,1,1
2302,0,EL2_368,TRLV_368_1,1,1
2303,0,EL2_368,TRLV_368_0,1,1
2304,0,KEEL2,KEEL00d_368,1,1
2305,0,SOLAR_368,SOPV_368_1,1,1
2306,0,SOLAR_368,SOPV_368_0,1,1
2307,0,SOLAR_368,SOPV8h_368_1,1,1
2308,0,SOLAR_368,SOPV8h_368_0,1,1
2309,0,SOLAR_368,SOPV12h_368_1,1,1
2321,0,SOLAR_369,SOPV12h_369_0,1,1
2311,0,KEEL2_368,TRLV_368_1,1,1
2312,0,KEEL2_368,TRLV_368_0,1,1
2313,0,EL2_369,TRLV_369_1,1,1
2314,0,EL2_369,TRLV_369_0,1,1
2315,0,KEEL2,KEEL00d_369,1,1
2316,0,SOLAR_369,SOPV_369_1,1,1
2317,0,SOLAR_369,SOPV_369_0,1,1
2318,0,SOLAR_369,SOPV8h_369_1,1,1
2319,0,SOLAR_369,SOPV8h_369_0,1,1
2320,0,SOLAR_369,SOPV12h_369_1,1,1
2332,0,SOLAR_370,SOPV12h_370_0,1,1
2322,0,KEEL2_369,TRLV_369_1,1,1
2323,0,KEEL2_369,TRLV_369_0,1,1
2324,0,EL2_370,TRLV_370_1,1,1
2325,0,EL2_370,TRLV_370_0,1,1
2326,0,KEEL2,KEEL00d_370,1,1
2327,0,SOLAR_370,SOPV_370_1,1,1
2328,0,SOLAR_370,SOPV_370_0,1,1
2329,0,SOLAR_370,SOPV8h_370_1,1,1
2330,0,SOLAR_370,SOPV8h_370_0,1,1
2331,0,SOLAR_370,SOPV12h_370_1,1,1
2343,0,SOLAR_371,SOPV12h_371_0,1,1
2333,0,KEEL2_370,TRLV_370_1,1,1
2334,0,KEEL2_370,TRLV_370_0,1,1
2335,0,EL2_371,TRLV_371_1,1,1
2336,0,EL2_371,TRLV_371_0,1,1
2337,0,KEEL2,KEEL00d_371,1,1
2338,0,SOLAR_371,SOPV_371_1,1,1
2339,0,SOLAR_371,SOPV_371_0,1,1
2340,0,SOLAR_371,SOPV8h_371_1,1,1
2341,0,SOLAR_371,SOPV8h_371_0,1,1
2342,0,SOLAR_371,SOPV12h_371_1,1,1
2354,0,SOLAR_373,SOPV12h_373_0,1,1
2344,0,KEEL2_371,TRLV_371_1,1,1
2345,0,KEEL2_371,TRLV_371_0,1,1
2346,0,EL2_373,TRLV_373_1,1,1
2347,0,EL2_373,TRLV_373_0,1,1
2348,0,KEEL2,KEEL00d_373,1,1
2349,0,SOLAR_373,SOPV_373_1,1,1
2350,0,SOLAR_373,SOPV_373_0,1,1
2351,0,SOLAR_373,SOPV8h_373_1,1,1
2352,0,SOLAR_373,SOPV8h_373_0,1,1
2353,0,SOLAR_373,SOPV12h_373_1,1,1
2365,0,SOLAR_374,SOPV12h_374_0,1,1
2355,0,KEEL2_373,TRLV_373_1,1,1
2356,0,KEEL2_373,TRLV_373_0,1,1
2357,0,EL2_374,TRLV_374_1,1,1
2358,0,EL2_374,TRLV_374_0,1,1
2359,0,KEEL2,KEEL00d_374,1,1
2360,0,SOLAR_374,SOPV_374_1,1,1
2361,0,SOLAR_374,SOPV_374_0,1,1
2362,0,SOLAR_374,SOPV8h_374_1,1,1
2363,0,SOLAR_374,SOPV8h_374_0,1,1
2364,0,SOLAR_374,SOPV12h_374_1,1,1
2376,0,SOLAR_375,SOPV12h_375_0,1,1
2366,0,KEEL2_374,TRLV_374_1,1,1
2367,0,KEEL2_374,TRLV_374_0,1,1
2368,0,EL2_375,TRLV_375_1,1,1
2369,0,EL2_375,TRLV_375_0,1,1
2370,0,KEEL2,KEEL00d_375,1,1
2371,0,SOLAR_375,SOPV_375_1,1,1
2372,0,SOLAR_375,SOPV_375_0,1,1
2373,0,SOLAR_375,SOPV8h_375_1,1,1
2374,0,SOLAR_375,SOPV8h_375_0,1,1
2375,0,SOLAR_375,SOPV12h_375_1,1,1
2387,0,SOLAR_376,SOPV12h_376_0,1,1
2377,0,KEEL2_375,TRLV_375_1,1,1
2378,0,KEEL2_375,TRLV_375_0,1,1
2379,0,EL2_376,TRLV_376_1,1,1
2380,0,EL2_376,TRLV_376_0,1,1
2381,0,KEEL2,KEEL00d_376,1,1
2382,0,SOLAR_376,SOPV_376_1,1,1
2383,0,SOLAR_376,SOPV_376_0,1,1
2384,0,SOLAR_376,SOPV8h_376_1,1,1
2385,0,SOLAR_376,SOPV8h_376_0,1,1
2386,0,SOLAR_376,SOPV12h_376_1,1,1
2398,0,KEEL2_3,TRHV_3,1,1
2388,0,KEEL2_376,TRLV_376_1,1,1
2389,0,KEEL2_376,TRLV_376_0,1,1
2390,0,EL2_2,TRLV_2_0,1,1
2391,0,SOLAR_2,SOPV_2_0,1,1
2392,0,SOLAR_2,SOPV8h_2_0,1,1
2393,0,SOLAR_2,SOPV12h_2_0,1,1
2394,0,KEEL2_2,TRHV_2,1,1
2395,0,EL2_3,TRLV_3_0,1,1
2396,0,SOLAR_3,SOPV_3_0,1,1
2397,0,SOLAR_3,SOPV8h_3_0,1,1
2405,0,KEEL2_7,TRHV_7,1,1
2399,0,EL2_4,TRLV_4_0,1,1
2400,0,SOLAR_4,SOPV_4_0,1,1
2401,0,SOLAR_4,SOPV8h_4_0,1,1
2402,0,SOLAR_4,SOPV12h_4_0,1,1
2403,0,KEEL2_4,TRHV_4,1,1
2412,0,KEEL2_10,TRHV_10,1,1
2419,0,KEEL2_12,TRHV_12,1,1
2406,0,EL2_9,TRLV_9_0,1,1
2407,0,SOLAR_9,SOPV_9_0,1,1
2408,0,SOLAR_9,SOPV8h_9_0,1,1
2409,0,SOLAR_9,SOPV12h_9_0,1,1
2410,0,KEEL2_9,TRHV_9,1,1
2426,0,KEEL2_14,TRHV_14,1,1
2433,0,KEEL2_16,TRHV_16,1,1
2413,0,EL2_11,TRLV_11_0,1,1
2414,0,SOLAR_11,SOPV_11_0,1,1
2415,0,SOLAR_11,SOPV8h_11_0,1,1
2416,0,SOLAR_11,SOPV12h_11_0,1,1
2417,0,KEEL2_11,TRHV_11,1,1
2440,0,KEEL2_19,TRHV_19,1,1
2447,0,KEEL2_21,TRHV_21,1,1
2420,0,EL2_13,TRLV_13_0,1,1
2421,0,SOLAR_13,SOPV_13_0,1,1
2422,0,SOLAR_13,SOPV8h_13_0,1,1
2423,0,SOLAR_13,SOPV12h_13_0,1,1
2424,0,KEEL2_13,TRHV_13,1,1
2454,0,KEEL2_23,TRHV_23,1,1
2461,0,KEEL2_25,TRHV_25,1,1
2427,0,EL2_15,TRLV_15_0,1,1
2428,0,SOLAR_15,SOPV_15_0,1,1
2429,0,SOLAR_15,SOPV8h_15_0,1,1
2430,0,SOLAR_15,SOPV12h_15_0,1,1
2431,0,KEEL2_15,TRHV_15,1,1
2468,0,KEEL2_27,TRHV_27,1,1
2475,0,KEEL2_29,TRHV_29,1,1
2434,0,EL2_18,TRLV_18_0,1,1
2435,0,SOLAR_18,SOPV_18_0,1,1
2436,0,SOLAR_18,SOPV8h_18_0,1,1
2437,0,SOLAR_18,SOPV12h_18_0,1,1
2438,0,KEEL2_18,TRHV_18,1,1
2482,0,KEEL2_32,TRHV_32,1,1
2489,0,KEEL2_36,TRHV_36,1,1
2441,0,EL2_20,TRLV_20_0,1,1
2442,0,SOLAR_20,SOPV_20_0,1,1
2443,0,SOLAR_20,SOPV8h_20_0,1,1
2444,0,SOLAR_20,SOPV12h_20_0,1,1
2445,0,KEEL2_20,TRHV_20,1,1
2496,0,KEEL2_40,TRHV_40,1,1
2503,0,KEEL2_44,TRHV_44,1,1
2448,0,EL2_22,TRLV_22_0,1,1
2449,0,SOLAR_22,SOPV_22_0,1,1
2450,0,SOLAR_22,SOPV8h_22_0,1,1
2451,0,SOLAR_22,SOPV12h_22_0,1,1
2452,0,KEEL2_22,TRHV_22,1,1
2510,0,KEEL2_46,TRHV_46,1,1
2517,0,KEEL2_54,TRHV_54,1,1
2455,0,EL2_24,TRLV_24_0,1,1
2456,0,SOLAR_24,SOPV_24_0,1,1
2457,0,SOLAR_24,SOPV8h_24_0,1,1
2458,0,SOLAR_24,SOPV12h_24_0,1,1
2459,0,KEEL2_24,TRHV_24,1,1
2524,0,KEEL2_56,TRHV_56,1,1
2531,0,KEEL2_60,TRHV_60,1,1
2462,0,EL2_26,TRLV_26_0,1,1
2463,0,SOLAR_26,SOPV_26_0,1,1
2464,0,SOLAR_26,SOPV8h_26_0,1,1
2465,0,SOLAR_26,SOPV12h_26_0,1,1
2466,0,KEEL2_26,TRHV_26,1,1
2538,0,KEEL2_62,TRHV_62,1,1
2545,0,KEEL2_64,TRHV_64,1,1
2469,0,EL2_28,TRLV_28_0,1,1
2470,0,SOLAR_28,SOPV_28_0,1,1
2471,0,SOLAR_28,SOPV8h_28_0,1,1
2472,0,SOLAR_28,SOPV12h_28_0,1,1
2473,0,KEEL2_28,TRHV_28,1,1
2552,0,KEEL2_66,TRHV_66,1,1
2559,0,KEEL2_68,TRHV_68,1,1
2476,0,EL2_31,TRLV_31_0,1,1
2477,0,SOLAR_31,SOPV_31_0,1,1
2478,0,SOLAR_31,SOPV8h_31_0,1,1
2479,0,SOLAR_31,SOPV12h_31_0,1,1
2480,0,KEEL2_31,TRHV_31,1,1
2566,0,KEEL2_70,TRHV_70,1,1
2573,0,KEEL2_75,TRHV_75,1,1
2483,0,EL2_35,TRLV_35_0,1,1
2484,0,SOLAR_35,SOPV_35_0,1,1
2485,0,SOLAR_35,SOPV8h_35_0,1,1
2486,0,SOLAR_35,SOPV12h_35_0,1,1
2487,0,KEEL2_35,TRHV_35,1,1
2580,0,KEEL2_77,TRHV_77,1,1
2587,0,KEEL2_79,TRHV_79,1,1
2490,0,EL2_38,TRLV_38_0,1,1
2491,0,SOLAR_38,SOPV_38_0,1,1
2492,0,SOLAR_38,SOPV8h_38_0,1,1
2493,0,SOLAR_38,SOPV12h_38_0,1,1
2494,0,KEEL2_38,TRHV_38,1,1
2594,0,KEEL2_81,TRHV_81,1,1
2601,0,KEEL2_83,TRHV_83,1,1
2497,0,EL2_41,TRLV_41_0,1,1
2498,0,SOLAR_41,SOPV_41_0,1,1
2499,0,SOLAR_41,SOPV8h_41_0,1,1
2500,0,SOLAR_41,SOPV12h_41_0,1,1
2501,0,KEEL2_41,TRHV_41,1,1
2608,0,KEEL2_85,TRHV_85,1,1
2615,0,KEEL2_89,TRHV_89,1,1
2504,0,EL2_45,TRLV_45_0,1,1
2505,0,SOLAR_45,SOPV_45_0,1,1
2506,0,SOLAR_45,SOPV8h_45_0,1,1
2507,0,SOLAR_45,SOPV12h_45_0,1,1
2508,0,KEEL2_45,TRHV_45,1,1
2622,0,KEEL2_93,TRHV_93,1,1
2629,0,KEEL2_95,TRHV_95,1,1
2511,0,EL2_47,TRLV_47_0,1,1
2512,0,SOLAR_47,SOPV_47_0,1,1
2513,0,SOLAR_47,SOPV8h_47_0,1,1
2514,0,SOLAR_47,SOPV12h_47_0,1,1
2515,0,KEEL2_47,TRHV_47,1,1
2636,0,KEEL2_97,TRHV_97,1,1
2643,0,KEEL2_99,TRHV_99,1,1
2518,0,EL2_55,TRLV_55_0,1,1
2519,0,SOLAR_55,SOPV_55_0,1,1
2520,0,SOLAR_55,SOPV8h_55_0,1,1
2521,0,SOLAR_55,SOPV12h_55_0,1,1
2522,0,KEEL2_55,TRHV_55,1,1
2650,0,KEEL2_102,TRHV_102,1,1
2657,0,KEEL2_107,TRHV_107,1,1
2525,0,EL2_57,TRLV_57_0,1,1
2526,0,SOLAR_57,SOPV_57_0,1,1
2527,0,SOLAR_57,SOPV8h_57_0,1,1
2528,0,SOLAR_57,SOPV12h_57_0,1,1
2529,0,KEEL2_57,TRHV_57,1,1
2664,0,KEEL2_111,TRHV_111,1,1
2671,0,KEEL2_115,TRHV_115,1,1
2532,0,EL2_61,TRLV_61_0,1,1
2533,0,SOLAR_61,SOPV_61_0,1,1
2534,0,SOLAR_61,SOPV8h_61_0,1,1
2535,0,SOLAR_61,SOPV12h_61_0,1,1
2536,0,KEEL2_61,TRHV_61,1,1
2678,0,KEEL2_118,TRHV_118,1,1
2685,0,KEEL2_121,TRHV_121,1,1
2539,0,EL2_63,TRLV_63_0,1,1
2540,0,SOLAR_63,SOPV_63_0,1,1
2541,0,SOLAR_63,SOPV8h_63_0,1,1
2542,0,SOLAR_63,SOPV12h_63_0,1,1
2543,0,KEEL2_63,TRHV_63,1,1
2692,0,KEEL2_125,TRHV_125,1,1
2699,0,KEEL2_130,TRHV_130,1,1
2546,0,EL2_65,TRLV_65_0,1,1
2547,0,SOLAR_65,SOPV_65_0,1,1
2548,0,SOLAR_65,SOPV8h_65_0,1,1
2549,0,SOLAR_65,SOPV12h_65_0,1,1
2550,0,KEEL2_65,TRHV_65,1,1
2706,0,KEEL2_133,TRHV_133,1,1
2713,0,KEEL2_136,TRHV_136,1,1
2553,0,EL2_67,TRLV_67_0,1,1
2554,0,SOLAR_67,SOPV_67_0,1,1
2555,0,SOLAR_67,SOPV8h_67_0,1,1
2556,0,SOLAR_67,SOPV12h_67_0,1,1
2557,0,KEEL2_67,TRHV_67,1,1
2720,0,KEEL2_138,TRHV_138,1,1
2727,0,KEEL2_142,TRHV_142,1,1
2560,0,EL2_69,TRLV_69_0,1,1
2561,0,SOLAR_69,SOPV_69_0,1,1
2562,0,SOLAR_69,SOPV8h_69_0,1,1
2563,0,SOLAR_69,SOPV12h_69_0,1,1
2564,0,KEEL2_69,TRHV_69,1,1
2734,0,KEEL2_150,TRHV_150,1,1
2741,0,KEEL2_152,TRHV_152,1,1
2567,0,EL2_71,TRLV_71_0,1,1
2568,0,SOLAR_71,SOPV_71_0,1,1
2569,0,SOLAR_71,SOPV8h_71_0,1,1
2570,0,SOLAR_71,SOPV12h_71_0,1,1
2571,0,KEEL2_71,TRHV_71,1,1
2748,0,KEEL2_155,TRHV_155,1,1
2755,0,KEEL2_157,TRHV_157,1,1
2574,0,EL2_76,TRLV_76_0,1,1
2575,0,SOLAR_76,SOPV_76_0,1,1
2576,0,SOLAR_76,SOPV8h_76_0,1,1
2577,0,SOLAR_76,SOPV12h_76_0,1,1
2578,0,KEEL2_76,TRHV_76,1,1
2762,0,KEEL2_159,TRHV_159,1,1
2769,0,KEEL2_175,TRHV_175,1,1
2581,0,EL2_78,TRLV_78_0,1,1
2582,0,SOLAR_78,SOPV_78_0,1,1
2583,0,SOLAR_78,SOPV8h_78_0,1,1
2584,0,SOLAR_78,SOPV12h_78_0,1,1
2585,0,KEEL2_78,TRHV_78,1,1
2776,0,KEEL2_177,TRHV_177,1,1
2783,0,KEEL2_195,TRHV_195,1,1
2588,0,EL2_80,TRLV_80_0,1,1
2589,0,SOLAR_80,SOPV_80_0,1,1
2590,0,SOLAR_80,SOPV8h_80_0,1,1
2591,0,SOLAR_80,SOPV12h_80_0,1,1
2592,0,KEEL2_80,TRHV_80,1,1
2790,0,KEEL2_210,TRHV_210,1,1
2797,0,KEEL2_212,TRHV_212,1,1
2595,0,EL2_82,TRLV_82_0,1,1
2596,0,SOLAR_82,SOPV_82_0,1,1
2597,0,SOLAR_82,SOPV8h_82_0,1,1
2598,0,SOLAR_82,SOPV12h_82_0,1,1
2599,0,KEEL2_82,TRHV_82,1,1
2804,0,KEEL2_214,TRHV_214,1,1
2811,0,KEEL2_216,TRHV_216,1,1
2602,0,EL2_84,TRLV_84_0,1,1
2603,0,SOLAR_84,SOPV_84_0,1,1
2604,0,SOLAR_84,SOPV8h_84_0,1,1
2605,0,SOLAR_84,SOPV12h_84_0,1,1
2606,0,KEEL2_84,TRHV_84,1,1
2818,0,KEEL2_231,TRHV_231,1,1
2825,0,KEEL2_235,TRHV_235,1,1
2609,0,EL2_86,TRLV_86_0,1,1
2610,0,SOLAR_86,SOPV_86_0,1,1
2611,0,SOLAR_86,SOPV8h_86_0,1,1
2612,0,SOLAR_86,SOPV12h_86_0,1,1
2613,0,KEEL2_86,TRHV_86,1,1
2832,0,KEEL2_254,TRHV_254,1,1
2839,0,KEEL2_256,TRHV_256,1,1
2616,0,EL2_90,TRLV_90_0,1,1
2617,0,SOLAR_90,SOPV_90_0,1,1
2618,0,SOLAR_90,SOPV8h_90_0,1,1
2619,0,SOLAR_90,SOPV12h_90_0,1,1
2620,0,KEEL2_90,TRHV_90,1,1
2846,0,KEEL2_274,TRHV_274,1,1
2853,0,KEEL2_276,TRHV_276,1,1
2623,0,EL2_94,TRLV_94_0,1,1
2624,0,SOLAR_94,SOPV_94_0,1,1
2625,0,SOLAR_94,SOPV8h_94_0,1,1
2626,0,SOLAR_94,SOPV12h_94_0,1,1
2627,0,KEEL2_94,TRHV_94,1,1
2860,0,KEEL2_290,TRHV_290,1,1
2867,0,KEEL2_294,TRHV_294,1,1
2630,0,EL2_96,TRLV_96_0,1,1
2631,0,SOLAR_96,SOPV_96_0,1,1
2632,0,SOLAR_96,SOPV8h_96_0,1,1
2633,0,SOLAR_96,SOPV12h_96_0,1,1
2634,0,KEEL2_96,TRHV_96,1,1
2874,0,KEEL2_296,TRHV_296,1,1
2881,0,KEEL2_307,TRHV_307,1,1
2637,0,EL2_98,TRLV_98_0,1,1
2638,0,SOLAR_98,SOPV_98_0,1,1
2639,0,SOLAR_98,SOPV8h_98_0,1,1
2640,0,SOLAR_98,SOPV12h_98_0,1,1
2641,0,KEEL2_98,TRHV_98,1,1
2888,0,KEEL2_309,TRHV_309,1,1
2895,0,KEEL2_312,TRHV_312,1,1
2644,0,EL2_101,TRLV_101_0,1,1
2645,0,SOLAR_101,SOPV_101_0,1,1
2646,0,SOLAR_101,SOPV8h_101_0,1,1
2647,0,SOLAR_101,SOPV12h_101_0,1,1
2648,0,KEEL2_101,TRHV_101,1,1
2902,0,KEEL2_323,TRHV_323,1,1
2909,0,KEEL2_325,TRHV_325,1,1
2651,0,EL2_103,TRLV_103_0,1,1
2652,0,SOLAR_103,SOPV_103_0,1,1
2653,0,SOLAR_103,SOPV8h_103_0,1,1
2654,0,SOLAR_103,SOPV12h_103_0,1,1
2655,0,KEEL2_103,TRHV_103,1,1
2916,0,KEEL2_328,TRHV_328,1,1
2923,0,KEEL2_339,TRHV_339,1,1
2658,0,EL2_108,TRLV_108_0,1,1
2659,0,SOLAR_108,SOPV_108_0,1,1
2660,0,SOLAR_108,SOPV8h_108_0,1,1
2661,0,SOLAR_108,SOPV12h_108_0,1,1
2662,0,KEEL2_108,TRHV_108,1,1
2930,0,KEEL2_349,TRHV_349,1,1
2937,0,KEEL2_351,TRHV_351,1,1
2665,0,EL2_113,TRLV_113_0,1,1
2666,0,SOLAR_113,SOPV_113_0,1,1
2667,0,SOLAR_113,SOPV8h_113_0,1,1
2668,0,SOLAR_113,SOPV12h_113_0,1,1
2669,0,KEEL2_113,TRHV_113,1,1
2944,0,KEEL2_372,TRHV_372,1,1
2951,0,KEEL2_378,TRHV_378,1,1
2672,0,EL2_116,TRLV_116_0,1,1
2673,0,SOLAR_116,SOPV_116_0,1,1
2674,0,SOLAR_116,SOPV8h_116_0,1,1
2675,0,SOLAR_116,SOPV12h_116_0,1,1
2676,0,KEEL2_116,TRHV_116,1,1
2958,0,KEDS,KEDSGEN_378,4,1
2965,0,KEEL2_118,KEEL00t00,0.95,1
2679,0,EL2_119,TRLV_119_0,1,1
2680,0,SOLAR_119,SOPV_119_0,1,1
2681,0,SOLAR_119,SOPV8h_119_0,1,1
2682,0,SOLAR_119,SOPV12h_119_0,1,1
2683,0,KEEL2_119,TRHV_119,1,1
2972,0,KEEL2_119,KEEL00t00,0.95,1
2979,0,KEEL2_121,KEEL00t00,0.95,1
2686,0,EL2_124,TRLV_124_0,1,1
2687,0,SOLAR_124,SOPV_124_0,1,1
2688,0,SOLAR_124,SOPV8h_124_0,1,1
2689,0,SOLAR_124,SOPV12h_124_0,1,1
2690,0,KEEL2_124,TRHV_124,1,1
2986,0,KEEL2_124,KEEL00t00,0.95,1
2993,0,KEEL2_125,KEEL00t00,0.95,1
2693,0,EL2_129,TRLV_129_0,1,1
2694,0,SOLAR_129,SOPV_129_0,1,1
2695,0,SOLAR_129,SOPV8h_129_0,1,1
2696,0,SOLAR_129,SOPV12h_129_0,1,1
2697,0,KEEL2_129,TRHV_129,1,1
3000,0,KEEL2_129,KEEL00t00,0.95,1
3007,0,KEEL2_130,KEEL00t00,0.95,1
2700,0,EL2_132,TRLV_132_0,1,1
2701,0,SOLAR_132,SOPV_132_0,1,1
2702,0,SOLAR_132,SOPV8h_132_0,1,1
2703,0,SOLAR_132,SOPV12h_132_0,1,1
2704,0,KEEL2_132,TRHV_132,1,1
3014,0,KEEL2_132,KEEL00t00,0.95,1
3021,0,KEEL2_133,KEEL00t00,0.95,1
2707,0,EL2_135,TRLV_135_0,1,1
2708,0,SOLAR_135,SOPV_135_0,1,1
2709,0,SOLAR_135,SOPV8h_135_0,1,1
2710,0,SOLAR_135,SOPV12h_135_0,1,1
2711,0,KEEL2_135,TRHV_135,1,1
3028,0,KEEL2_135,KEEL00t00,0.95,1
3035,0,KEEL2_136,KEEL00t00,0.95,1
2714,0,EL2_137,TRLV_137_0,1,1
2715,0,SOLAR_137,SOPV_137_0,1,1
2716,0,SOLAR_137,SOPV8h_137_0,1,1
2717,0,SOLAR_137,SOPV12h_137_0,1,1
2718,0,KEEL2_137,TRHV_137,1,1
3042,0,KEEL2_137,KEEL00t00,0.95,1
3049,0,KEEL2_138,KEEL00t00,0.95,1
2721,0,EL2_141,TRLV_141_0,1,1
2722,0,SOLAR_141,SOPV_141_0,1,1
2723,0,SOLAR_141,SOPV8h_141_0,1,1
2724,0,SOLAR_141,SOPV12h_141_0,1,1
2725,0,KEEL2_141,TRHV_141,1,1
3056,0,KEEL2_141,KEEL00t00,0.95,1
3063,0,KEEL2_142,KEEL00t00,0.95,1
2728,0,EL2_146,TRLV_146_0,1,1
2729,0,SOLAR_146,SOPV_146_0,1,1
2730,0,SOLAR_146,SOPV8h_146_0,1,1
2731,0,SOLAR_146,SOPV12h_146_0,1,1
2732,0,KEEL2_146,TRHV_146,1,1
3070,0,KEEL2_146,KEEL00t00,0.95,1
3077,0,KEEL2_150,KEEL00t00,0.95,1
2735,0,EL2_151,TRLV_151_0,1,1
2736,0,SOLAR_151,SOPV_151_0,1,1
2737,0,SOLAR_151,SOPV8h_151_0,1,1
2738,0,SOLAR_151,SOPV12h_151_0,1,1
2739,0,KEEL2_151,TRHV_151,1,1
3084,0,KEEL2_151,KEEL00t00,0.95,1
3091,0,KEEL2_152,KEEL00t00,0.95,1
2742,0,EL2_154,TRLV_154_0,1,1
2743,0,SOLAR_154,SOPV_154_0,1,1
2744,0,SOLAR_154,SOPV8h_154_0,1,1
2745,0,SOLAR_154,SOPV12h_154_0,1,1
2746,0,KEEL2_154,TRHV_154,1,1
3098,0,KEEL2_154,KEEL00t00,0.95,1
3105,0,KEEL2_155,KEEL00t00,0.95,1
2749,0,EL2_156,TRLV_156_0,1,1
2750,0,SOLAR_156,SOPV_156_0,1,1
2751,0,SOLAR_156,SOPV8h_156_0,1,1
2752,0,SOLAR_156,SOPV12h_156_0,1,1
2753,0,KEEL2_156,TRHV_156,1,1
3112,0,KEEL2_156,KEEL00t00,0.95,1
3119,0,KEEL2_157,KEEL00t00,0.95,1
2756,0,EL2_158,TRLV_158_0,1,1
2757,0,SOLAR_158,SOPV_158_0,1,1
2758,0,SOLAR_158,SOPV8h_158_0,1,1
2759,0,SOLAR_158,SOPV12h_158_0,1,1
2760,0,KEEL2_158,TRHV_158,1,1
3126,0,KEEL2_158,KEEL00t00,0.95,1
3133,0,KEEL2_159,KEEL00t00,0.95,1
2763,0,EL2_169,TRLV_169_0,1,1
2764,0,SOLAR_169,SOPV_169_0,1,1
2765,0,SOLAR_169,SOPV8h_169_0,1,1
2766,0,SOLAR_169,SOPV12h_169_0,1,1
2767,0,KEEL2_169,TRHV_169,1,1
3140,0,KEEL2_169,KEEL00t00,0.95,1
3147,0,KEEL2_175,KEEL00t00,0.95,1
2770,0,EL2_176,TRLV_176_0,1,1
2771,0,SOLAR_176,SOPV_176_0,1,1
2772,0,SOLAR_176,SOPV8h_176_0,1,1
2773,0,SOLAR_176,SOPV12h_176_0,1,1
2774,0,KEEL2_176,TRHV_176,1,1
3154,0,KEEL2_176,KEEL00t00,0.95,1
3161,0,KEEL2_177,KEEL00t00,0.95,1
2777,0,EL2_194,TRLV_194_0,1,1
2778,0,SOLAR_194,SOPV_194_0,1,1
2779,0,SOLAR_194,SOPV8h_194_0,1,1
2780,0,SOLAR_194,SOPV12h_194_0,1,1
2781,0,KEEL2_194,TRHV_194,1,1
3168,0,KEEL2_194,KEEL00t00,0.95,1
3175,0,KEEL2_195,KEEL00t00,0.95,1
2784,0,EL2_196,TRLV_196_0,1,1
2785,0,SOLAR_196,SOPV_196_0,1,1
2786,0,SOLAR_196,SOPV8h_196_0,1,1
2787,0,SOLAR_196,SOPV12h_196_0,1,1
2788,0,KEEL2_196,TRHV_196,1,1
3182,0,KEEL2_196,KEEL00t00,0.95,1
3189,0,KEEL2_210,KEEL00t00,0.95,1
2791,0,EL2_211,TRLV_211_0,1,1
2792,0,SOLAR_211,SOPV_211_0,1,1
2793,0,SOLAR_211,SOPV8h_211_0,1,1
2794,0,SOLAR_211,SOPV12h_211_0,1,1
2795,0,KEEL2_211,TRHV_211,1,1
3196,0,KEEL2_211,KEEL00t00,0.95,1
3203,0,KEEL2_212,KEEL00t00,0.95,1
2798,0,EL2_213,TRLV_213_0,1,1
2799,0,SOLAR_213,SOPV_213_0,1,1
2800,0,SOLAR_213,SOPV8h_213_0,1,1
2801,0,SOLAR_213,SOPV12h_213_0,1,1
2802,0,KEEL2_213,TRHV_213,1,1
3210,0,KEEL2_213,KEEL00t00,0.95,1
3217,0,KEEL2_214,KEEL00t00,0.95,1
2805,0,EL2_215,TRLV_215_0,1,1
2806,0,SOLAR_215,SOPV_215_0,1,1
2807,0,SOLAR_215,SOPV8h_215_0,1,1
2808,0,SOLAR_215,SOPV12h_215_0,1,1
2809,0,KEEL2_215,TRHV_215,1,1
3224,0,KEEL2_215,KEEL00t00,0.95,1
3231,0,KEEL2_216,KEEL00t00,0.95,1
2812,0,EL2_230,TRLV_230_0,1,1
2813,0,SOLAR_230,SOPV_230_0,1,1
2814,0,SOLAR_230,SOPV8h_230_0,1,1
2815,0,SOLAR_230,SOPV12h_230_0,1,1
2816,0,KEEL2_230,TRHV_230,1,1
3238,0,KEEL2_230,KEEL00t00,0.95,1
3245,0,KEEL2_231,KEEL00t00,0.95,1
2819,0,EL2_234,TRLV_234_0,1,1
2820,0,SOLAR_234,SOPV_234_0,1,1
2821,0,SOLAR_234,SOPV8h_234_0,1,1
2822,0,SOLAR_234,SOPV12h_234_0,1,1
2823,0,KEEL2_234,TRHV_234,1,1
3252,0,KEEL2_234,KEEL00t00,0.95,1
3259,0,KEEL2_235,KEEL00t00,0.95,1
2826,0,EL2_236,TRLV_236_0,1,1
2827,0,SOLAR_236,SOPV_236_0,1,1
2828,0,SOLAR_236,SOPV8h_236_0,1,1
2829,0,SOLAR_236,SOPV12h_236_0,1,1
2830,0,KEEL2_236,TRHV_236,1,1
3266,0,KEEL2_236,KEEL00t00,0.95,1
3273,0,KEEL2_254,KEEL00t00,0.95,1
2833,0,EL2_255,TRLV_255_0,1,1
2834,0,SOLAR_255,SOPV_255_0,1,1
2835,0,SOLAR_255,SOPV8h_255_0,1,1
2836,0,SOLAR_255,SOPV12h_255_0,1,1
2837,0,KEEL2_255,TRHV_255,1,1
3280,0,KEEL2_255,KEEL00t00,0.95,1
3287,0,KEEL2_256,KEEL00t00,0.95,1
2840,0,EL2_273,TRLV_273_0,1,1
2841,0,SOLAR_273,SOPV_273_0,1,1
2842,0,SOLAR_273,SOPV8h_273_0,1,1
2843,0,SOLAR_273,SOPV12h_273_0,1,1
2844,0,KEEL2_273,TRHV_273,1,1
3294,0,KEEL2_273,KEEL00t00,0.95,1
3301,0,KEEL2_274,KEEL00t00,0.95,1
2847,0,EL2_275,TRLV_275_0,1,1
2848,0,SOLAR_275,SOPV_275_0,1,1
2849,0,SOLAR_275,SOPV8h_275_0,1,1
2850,0,SOLAR_275,SOPV12h_275_0,1,1
2851,0,KEEL2_275,TRHV_275,1,1
3308,0,KEEL2_275,KEEL00t00,0.95,1
3315,0,KEEL2_276,KEEL00t00,0.95,1
2854,0,EL2_289,TRLV_289_0,1,1
2855,0,SOLAR_289,SOPV_289_0,1,1
2856,0,SOLAR_289,SOPV8h_289_0,1,1
2857,0,SOLAR_289,SOPV12h_289_0,1,1
2858,0,KEEL2_289,TRHV_289,1,1
3322,0,KEEL2_289,KEEL00t00,0.95,1
3329,0,KEEL2_290,KEEL00t00,0.95,1
2861,0,EL2_293,TRLV_293_0,1,1
2862,0,SOLAR_293,SOPV_293_0,1,1
2863,0,SOLAR_293,SOPV8h_293_0,1,1
2864,0,SOLAR_293,SOPV12h_293_0,1,1
2865,0,KEEL2_293,TRHV_293,1,1
3336,0,KEEL2_293,KEEL00t00,0.95,1
3343,0,KEEL2_294,KEEL00t00,0.95,1
2868,0,EL2_295,TRLV_295_0,1,1
2869,0,SOLAR_295,SOPV_295_0,1,1
2870,0,SOLAR_295,SOPV8h_295_0,1,1
2871,0,SOLAR_295,SOPV12h_295_0,1,1
2872,0,KEEL2_295,TRHV_295,1,1
3350,0,KEEL2_295,KEEL00t00,0.95,1
3357,0,KEEL2_296,KEEL00t00,0.95,1
2875,0,EL2_306,TRLV_306_0,1,1
2876,0,SOLAR_306,SOPV_306_0,1,1
2877,0,SOLAR_306,SOPV8h_306_0,1,1
2878,0,SOLAR_306,SOPV12h_306_0,1,1
2879,0,KEEL2_306,TRHV_306,1,1
3364,0,KEEL2_306,KEEL00t00,0.95,1
3371,0,KEEL2_307,KEEL00t00,0.95,1
2882,0,EL2_308,TRLV_308_0,1,1
2883,0,SOLAR_308,SOPV_308_0,1,1
2884,0,SOLAR_308,SOPV8h_308_0,1,1
2885,0,SOLAR_308,SOPV12h_308_0,1,1
2886,0,KEEL2_308,TRHV_308,1,1
3378,0,KEEL2_308,KEEL00t00,0.95,1
3385,0,KEEL2_309,KEEL00t00,0.95,1
2889,0,EL2_311,TRLV_311_0,1,1
2890,0,SOLAR_311,SOPV_311_0,1,1
2891,0,SOLAR_311,SOPV8h_311_0,1,1
2892,0,SOLAR_311,SOPV12h_311_0,1,1
2893,0,KEEL2_311,TRHV_311,1,1
3392,0,KEEL2_311,KEEL00t00,0.95,1
3399,0,KEEL2_312,KEEL00t00,0.95,1
2896,0,EL2_313,TRLV_313_0,1,1
2897,0,SOLAR_313,SOPV_313_0,1,1
2898,0,SOLAR_313,SOPV8h_313_0,1,1
2899,0,SOLAR_313,SOPV12h_313_0,1,1
2900,0,KEEL2_313,TRHV_313,1,1
3406,0,KEEL2_313,KEEL00t00,0.95,1
3413,0,KEEL2_323,KEEL00t00,0.95,1
2903,0,EL2_324,TRLV_324_0,1,1
2904,0,SOLAR_324,SOPV_324_0,1,1
2905,0,SOLAR_324,SOPV8h_324_0,1,1
2906,0,SOLAR_324,SOPV12h_324_0,1,1
2907,0,KEEL2_324,TRHV_324,1,1
3420,0,KEEL2_324,KEEL00t00,0.95,1
3427,0,KEEL2_325,KEEL00t00,0.95,1
2910,0,EL2_326,TRLV_326_0,1,1
2911,0,SOLAR_326,SOPV_326_0,1,1
2912,0,SOLAR_326,SOPV8h_326_0,1,1
2913,0,SOLAR_326,SOPV12h_326_0,1,1
2914,0,KEEL2_326,TRHV_326,1,1
3434,0,KEEL2_326,KEEL00t00,0.95,1
3441,0,KEEL2_328,KEEL00t00,0.95,1
2917,0,EL2_338,TRLV_338_0,1,1
2918,0,SOLAR_338,SOPV_338_0,1,1
2919,0,SOLAR_338,SOPV8h_338_0,1,1
2920,0,SOLAR_338,SOPV12h_338_0,1,1
2921,0,KEEL2_338,TRHV_338,1,1
3448,0,KEEL2_338,KEEL00t00,0.95,1
3455,0,KEEL2_339,KEEL00t00,0.95,1
2924,0,EL2_340,TRLV_340_0,1,1
2925,0,SOLAR_340,SOPV_340_0,1,1
2926,0,SOLAR_340,SOPV8h_340_0,1,1
2927,0,SOLAR_340,SOPV12h_340_0,1,1
2928,0,KEEL2_340,TRHV_340,1,1
3462,0,KEEL2_340,KEEL00t00,0.95,1
3469,0,KEEL2_349,KEEL00t00,0.95,1
2931,0,EL2_350,TRLV_350_0,1,1
2932,0,SOLAR_350,SOPV_350_0,1,1
2933,0,SOLAR_350,SOPV8h_350_0,1,1
2934,0,SOLAR_350,SOPV12h_350_0,1,1
2935,0,KEEL2_350,TRHV_350,1,1
3476,0,KEEL2_350,KEEL00t00,0.95,1
3483,0,KEEL2_351,KEEL00t00,0.95,1
2938,0,EL2_357,TRLV_357_0,1,1
2939,0,SOLAR_357,SOPV_357_0,1,1
2940,0,SOLAR_357,SOPV8h_357_0,1,1
2941,0,SOLAR_357,SOPV12h_357_0,1,1
2942,0,KEEL2_357,TRHV_357,1,1
3490,0,KEEL2_357,KEEL00t00,0.95,1
3497,0,KEEL2_372,KEEL00t00,0.95,1
2945,0,EL2_377,TRLV_377_0,1,1
2946,0,SOLAR_377,SOPV_377_0,1,1
2947,0,SOLAR_377,SOPV8h_377_0,1,1
2948,0,SOLAR_377,SOPV12h_377_0,1,1
2949,0,KEEL2_377,TRHV_377,1,1
3504,0,KEEL2_377,KEEL00t00,0.95,1
3511,0,KEEL2_378,KEEL00t00,0.95,1
2952,0,SOLAR_1,SOMG_1,1,1
2953,0,KEDS,KEDSGEN_1,4,1
2954,0,SOLAR_2,SOMG_2,1,1
2955,0,KEDS,KEDSGEN_2,4,1
2956,0,SOLAR_3,SOMG_3,1,1
2957,0,KEDS,KEDSGEN_3,4,1
