Technology,Life
BACKSTOP,15
KEDSGEN_1,15
KEDSGEN_10,15
KEDSGEN_100,15
KEDSGEN_101,15
KEDSGEN_102,15
KEDSGEN_103,15
KEDSGEN_104,15
KEDSGEN_105,15
KEDSGEN_106,15
KEDSGEN_107,15
KEDSGEN_108,15
KEDSGEN_109,15
KEDSGEN_11,15
KEDSGEN_110,15
KEDSGEN_111,15
KEDSGEN_112,15
KEDSGEN_113,15
KEDSGEN_114,15
KEDSGEN_115,15
KEDSGEN_116,15
KEDSGEN_117,15
KEDSGEN_118,15
KEDSGEN_119,15
KEDSGEN_12,15
KEDSGEN_120,15
KEDSGEN_121,15
KEDSGEN_122,15
KEDSGEN_123,15
KEDSGEN_124,15
KEDSGEN_125,15
KEDSGEN_126,15
KEDSGEN_127,15
KEDSGEN_128,15
KEDSGEN_129,15
KEDSGEN_13,15
KEDSGEN_130,15
KEDSGEN_131,15
KEDSGEN_132,15
KEDSGEN_133,15
KEDSGEN_134,15
KEDSGEN_135,15
KEDSGEN_136,15
KEDSGEN_137,15
KEDSGEN_138,15
KEDSGEN_139,15
KEDSGEN_14,15
KEDSGEN_140,15
KEDSGEN_141,15
KEDSGEN_142,15
KEDSGEN_143,15
KEDSGEN_144,15
KEDSGEN_145,15
KEDSGEN_146,15
KEDSGEN_147,15
KEDSGEN_148,15
KEDSGEN_149,15
KEDSGEN_15,15
KEDSGEN_150,15
KEDSGEN_151,15
KEDSGEN_152,15
KEDSGEN_153,15
KEDSGEN_154,15
KEDSGEN_155,15
KEDSGEN_156,15
KEDSGEN_157,15
KEDSGEN_158,15
KEDSGEN_159,15
KEDSGEN_16,15
KEDSGEN_160,15
KEDSGEN_161,15
KEDSGEN_162,15
KEDSGEN_163,15
KEDSGEN_164,15
KEDSGEN_165,15
KEDSGEN_166,15
KEDSGEN_167,15
KEDSGEN_168,15
KEDSGEN_169,15
KEDSGEN_17,15
KEDSGEN_170,15
KEDSGEN_171,15
KEDSGEN_172,15
KEDSGEN_173,15
KEDSGEN_174,15
KEDSGEN_175,15
KEDSGEN_176,15
KEDSGEN_177,15
KEDSGEN_178,15
KEDSGEN_179,15
KEDSGEN_18,15
KEDSGEN_180,15
KEDSGEN_181,15
KEDSGEN_182,15
KEDSGEN_183,15
KEDSGEN_184,15
KEDSGEN_185,15
KEDSGEN_186,15
KEDSGEN_187,15
KEDSGEN_188,15
KEDSGEN_189,15
KEDSGEN_19,15
KEDSGEN_190,15
KEDSGEN_191,15
KEDSGEN_192,15
KEDSGEN_193,15
KEDSGEN_194,15
KEDSGEN_195,15
KEDSGEN_196,15
KEDSGEN_197,15
KEDSGEN_198,15
KEDSGEN_199,15
KEDSGEN_2,15
KEDSGEN_20,15
KEDSGEN_200,15
KEDSGEN_201,15
KEDSGEN_202,15
KEDSGEN_203,15
KEDSGEN_204,15
KEDSGEN_205,15
KEDSGEN_206,15
KEDSGEN_207,15
KEDSGEN_208,15
KEDSGEN_209,15
KEDSGEN_21,15
KEDSGEN_210,15
KEDSGEN_211,15
KEDSGEN_212,15
KEDSGEN_213,15
KEDSGEN_214,15
KEDSGEN_215,15
KEDSGEN_216,15
KEDSGEN_217,15
KEDSGEN_218,15
KEDSGEN_219,15
KEDSGEN_22,15
KEDSGEN_220,15
KEDSGEN_221,15
KEDSGEN_222,15
KEDSGEN_223,15
KEDSGEN_224,15
KEDSGEN_225,15
KEDSGEN_226,15
KEDSGEN_227,15
KEDSGEN_228,15
KEDSGEN_229,15
KEDSGEN_23,15
KEDSGEN_230,15
KEDSGEN_231,15
KEDSGEN_232,15
KEDSGEN_233,15
KEDSGEN_234,15
KEDSGEN_235,15
KEDSGEN_236,15
KEDSGEN_237,15
KEDSGEN_238,15
KEDSGEN_239,15
KEDSGEN_24,15
KEDSGEN_240,15
KEDSGEN_241,15
KEDSGEN_242,15
KEDSGEN_243,15
KEDSGEN_244,15
KEDSGEN_245,15
KEDSGEN_246,15
KEDSGEN_247,15
KEDSGEN_248,15
KEDSGEN_249,15
KEDSGEN_25,15
KEDSGEN_250,15
KEDSGEN_251,15
KEDSGEN_252,15
KEDSGEN_253,15
KEDSGEN_254,15
KEDSGEN_255,15
KEDSGEN_256,15
KEDSGEN_257,15
KEDSGEN_258,15
KEDSGEN_259,15
KEDSGEN_26,15
KEDSGEN_260,15
KEDSGEN_261,15
KEDSGEN_262,15
KEDSGEN_263,15
KEDSGEN_264,15
KEDSGEN_265,15
KEDSGEN_266,15
KEDSGEN_267,15
KEDSGEN_268,15
KEDSGEN_269,15
KEDSGEN_27,15
KEDSGEN_270,15
KEDSGEN_271,15
KEDSGEN_272,15
KEDSGEN_273,15
KEDSGEN_274,15
KEDSGEN_275,15
KEDSGEN_276,15
KEDSGEN_277,15
KEDSGEN_278,15
KEDSGEN_279,15
KEDSGEN_28,15
KEDSGEN_280,15
KEDSGEN_281,15
KEDSGEN_282,15
KEDSGEN_283,15
KEDSGEN_284,15
KEDSGEN_285,15
KEDSGEN_286,15
KEDSGEN_287,15
KEDSGEN_288,15
KEDSGEN_289,15
KEDSGEN_29,15
KEDSGEN_290,15
KEDSGEN_291,15
KEDSGEN_292,15
KEDSGEN_293,15
KEDSGEN_294,15
KEDSGEN_295,15
KEDSGEN_296,15
KEDSGEN_297,15
KEDSGEN_298,15
KEDSGEN_299,15
KEDSGEN_3,15
KEDSGEN_30,15
KEDSGEN_300,15
KEDSGEN_301,15
KEDSGEN_302,15
KEDSGEN_303,15
KEDSGEN_304,15
KEDSGEN_305,15
KEDSGEN_306,15
KEDSGEN_307,15
KEDSGEN_308,15
KEDSGEN_309,15
KEDSGEN_31,15
KEDSGEN_310,15
KEDSGEN_311,15
KEDSGEN_312,15
KEDSGEN_313,15
KEDSGEN_314,15
KEDSGEN_315,15
KEDSGEN_316,15
KEDSGEN_317,15
KEDSGEN_318,15
KEDSGEN_319,15
KEDSGEN_32,15
KEDSGEN_320,15
KEDSGEN_321,15
KEDSGEN_322,15
KEDSGEN_323,15
KEDSGEN_324,15
KEDSGEN_325,15
KEDSGEN_326,15
KEDSGEN_327,15
KEDSGEN_328,15
KEDSGEN_329,15
KEDSGEN_33,15
KEDSGEN_330,15
KEDSGEN_331,15
KEDSGEN_332,15
KEDSGEN_333,15
KEDSGEN_334,15
KEDSGEN_335,15
KEDSGEN_336,15
KEDSGEN_337,15
KEDSGEN_338,15
KEDSGEN_339,15
KEDSGEN_34,15
KEDSGEN_340,15
KEDSGEN_341,15
KEDSGEN_342,15
KEDSGEN_343,15
KEDSGEN_344,15
KEDSGEN_345,15
KEDSGEN_346,15
KEDSGEN_347,15
KEDSGEN_348,15
KEDSGEN_349,15
KEDSGEN_35,15
KEDSGEN_350,15
KEDSGEN_351,15
KEDSGEN_352,15
KEDSGEN_353,15
KEDSGEN_354,15
KEDSGEN_355,15
KEDSGEN_356,15
KEDSGEN_357,15
KEDSGEN_358,15
KEDSGEN_359,15
KEDSGEN_36,15
KEDSGEN_360,15
KEDSGEN_361,15
KEDSGEN_362,15
KEDSGEN_363,15
KEDSGEN_364,15
KEDSGEN_365,15
KEDSGEN_366,15
KEDSGEN_367,15
KEDSGEN_368,15
KEDSGEN_369,15
KEDSGEN_37,15
KEDSGEN_370,15
KEDSGEN_371,15
KEDSGEN_372,15
KEDSGEN_373,15
KEDSGEN_374,15
KEDSGEN_375,15
KEDSGEN_376,15
KEDSGEN_377,15
KEDSGEN_378,15
KEDSGEN_38,15
KEDSGEN_39,15
KEDSGEN_4,15
KEDSGEN_40,15
KEDSGEN_41,15
KEDSGEN_42,15
KEDSGEN_43,15
KEDSGEN_44,15
KEDSGEN_45,15
KEDSGEN_46,15
KEDSGEN_47,15
KEDSGEN_48,15
KEDSGEN_49,15
KEDSGEN_5,15
KEDSGEN_50,15
KEDSGEN_51,15
KEDSGEN_52,15
KEDSGEN_53,15
KEDSGEN_54,15
KEDSGEN_55,15
KEDSGEN_56,15
KEDSGEN_57,15
KEDSGEN_58,15
KEDSGEN_59,15
KEDSGEN_6,15
KEDSGEN_60,15
KEDSGEN_61,15
KEDSGEN_62,15
KEDSGEN_63,15
KEDSGEN_64,15
KEDSGEN_65,15
KEDSGEN_66,15
KEDSGEN_67,15
KEDSGEN_68,15
KEDSGEN_69,15
KEDSGEN_7,15
KEDSGEN_70,15
KEDSGEN_71,15
KEDSGEN_72,15
KEDSGEN_73,15
KEDSGEN_74,15
KEDSGEN_75,15
KEDSGEN_76,15
KEDSGEN_77,15
KEDSGEN_78,15
KEDSGEN_79,15
KEDSGEN_8,15
KEDSGEN_80,15
KEDSGEN_81,15
KEDSGEN_82,15
KEDSGEN_83,15
KEDSGEN_84,15
KEDSGEN_85,15
KEDSGEN_86,15
KEDSGEN_87,15
KEDSGEN_88,15
KEDSGEN_89,15
KEDSGEN_9,15
KEDSGEN_90,15
KEDSGEN_91,15
KEDSGEN_92,15
KEDSGEN_93,15
KEDSGEN_94,15
KEDSGEN_95,15
KEDSGEN_96,15
KEDSGEN_97,15
KEDSGEN_98,15
KEDSGEN_99,15
KEEL00d_1,60
KEEL00d_100,60
KEEL00d_104,60
KEEL00d_105,60
KEEL00d_106,60
KEEL00d_109,60
KEEL00d_110,60
KEEL00d_112,60
KEEL00d_114,60
KEEL00d_117,60
KEEL00d_120,60
KEEL00d_122,60
KEEL00d_123,60
KEEL00d_126,60
KEEL00d_127,60
KEEL00d_128,60
KEEL00d_131,60
KEEL00d_134,60
KEEL00d_139,60
KEEL00d_140,60
KEEL00d_143,60
KEEL00d_144,60
KEEL00d_145,60
KEEL00d_147,60
KEEL00d_148,60
KEEL00d_149,60
KEEL00d_153,60
KEEL00d_160,60
KEEL00d_161,60
KEEL00d_162,60
KEEL00d_163,60
KEEL00d_164,60
KEEL00d_165,60
KEEL00d_166,60
KEEL00d_167,60
KEEL00d_168,60
KEEL00d_17,60
KEEL00d_170,60
KEEL00d_171,60
KEEL00d_172,60
KEEL00d_173,60
KEEL00d_174,60
KEEL00d_178,60
KEEL00d_179,60
KEEL00d_180,60
KEEL00d_181,60
KEEL00d_182,60
KEEL00d_183,60
KEEL00d_184,60
KEEL00d_185,60
KEEL00d_186,60
KEEL00d_187,60
KEEL00d_188,60
KEEL00d_189,60
KEEL00d_190,60
KEEL00d_191,60
KEEL00d_192,60
KEEL00d_193,60
KEEL00d_197,60
KEEL00d_198,60
KEEL00d_199,60
KEEL00d_200,60
KEEL00d_201,60
KEEL00d_202,60
KEEL00d_203,60
KEEL00d_204,60
KEEL00d_205,60
KEEL00d_206,60
KEEL00d_207,60
KEEL00d_208,60
KEEL00d_209,60
KEEL00d_217,60
KEEL00d_218,60
KEEL00d_219,60
KEEL00d_220,60
KEEL00d_221,60
KEEL00d_222,60
KEEL00d_223,60
KEEL00d_224,60
KEEL00d_225,60
KEEL00d_226,60
KEEL00d_227,60
KEEL00d_228,60
KEEL00d_229,60
KEEL00d_232,60
KEEL00d_233,60
KEEL00d_237,60
KEEL00d_238,60
KEEL00d_239,60
KEEL00d_240,60
KEEL00d_241,60
KEEL00d_242,60
KEEL00d_243,60
KEEL00d_244,60
KEEL00d_245,60
KEEL00d_246,60
KEEL00d_247,60
KEEL00d_248,60
KEEL00d_249,60
KEEL00d_250,60
KEEL00d_251,60
KEEL00d_252,60
KEEL00d_253,60
KEEL00d_257,60
KEEL00d_258,60
KEEL00d_259,60
KEEL00d_260,60
KEEL00d_261,60
KEEL00d_262,60
KEEL00d_263,60
KEEL00d_264,60
KEEL00d_265,60
KEEL00d_266,60
KEEL00d_267,60
KEEL00d_268,60
KEEL00d_269,60
KEEL00d_270,60
KEEL00d_271,60
KEEL00d_272,60
KEEL00d_277,60
KEEL00d_278,60
KEEL00d_279,60
KEEL00d_280,60
KEEL00d_281,60
KEEL00d_282,60
KEEL00d_283,60
KEEL00d_284,60
KEEL00d_285,60
KEEL00d_286,60
KEEL00d_287,60
KEEL00d_288,60
KEEL00d_291,60
KEEL00d_292,60
KEEL00d_297,60
KEEL00d_298,60
KEEL00d_299,60
KEEL00d_30,60
KEEL00d_300,60
KEEL00d_301,60
KEEL00d_302,60
KEEL00d_303,60
KEEL00d_304,60
KEEL00d_305,60
KEEL00d_310,60
KEEL00d_314,60
KEEL00d_315,60
KEEL00d_316,60
KEEL00d_317,60
KEEL00d_318,60
KEEL00d_319,60
KEEL00d_320,60
KEEL00d_321,60
KEEL00d_322,60
KEEL00d_327,60
KEEL00d_329,60
KEEL00d_33,60
KEEL00d_330,60
KEEL00d_331,60
KEEL00d_332,60
KEEL00d_333,60
KEEL00d_334,60
KEEL00d_335,60
KEEL00d_336,60
KEEL00d_337,60
KEEL00d_34,60
KEEL00d_341,60
KEEL00d_342,60
KEEL00d_343,60
KEEL00d_344,60
KEEL00d_345,60
KEEL00d_346,60
KEEL00d_347,60
KEEL00d_348,60
KEEL00d_352,60
KEEL00d_353,60
KEEL00d_354,60
KEEL00d_355,60
KEEL00d_356,60
KEEL00d_358,60
KEEL00d_359,60
KEEL00d_360,60
KEEL00d_361,60
KEEL00d_362,60
KEEL00d_363,60
KEEL00d_364,60
KEEL00d_365,60
KEEL00d_366,60
KEEL00d_367,60
KEEL00d_368,60
KEEL00d_369,60
KEEL00d_37,60
KEEL00d_370,60
KEEL00d_371,60
KEEL00d_373,60
KEEL00d_374,60
KEEL00d_375,60
KEEL00d_376,60
KEEL00d_39,60
KEEL00d_42,60
KEEL00d_43,60
KEEL00d_48,60
KEEL00d_49,60
KEEL00d_5,60
KEEL00d_50,60
KEEL00d_51,60
KEEL00d_52,60
KEEL00d_53,60
KEEL00d_58,60
KEEL00d_59,60
KEEL00d_6,60
KEEL00d_72,60
KEEL00d_73,60
KEEL00d_74,60
KEEL00d_8,60
KEEL00d_87,60
KEEL00d_88,60
KEEL00d_91,60
KEEL00d_92,60
SO_1,60
SO_10,60
SO_100,60
SO_101,60
SO_102,60
SO_103,60
SO_104,60
SO_105,60
SO_106,60
SO_107,60
SO_108,60
SO_109,60
SO_11,60
SO_110,60
SO_111,60
SO_112,60
SO_113,60
SO_114,60
SO_115,60
SO_116,60
SO_117,60
SO_118,60
SO_119,60
SO_12,60
SO_120,60
SO_121,60
SO_122,60
SO_123,60
SO_124,60
SO_125,60
SO_126,60
SO_127,60
SO_128,60
SO_129,60
SO_13,60
SO_130,60
SO_131,60
SO_132,60
SO_133,60
SO_134,60
SO_135,60
SO_136,60
SO_137,60
SO_138,60
SO_139,60
SO_14,60
SO_140,60
SO_141,60
SO_142,60
SO_143,60
SO_144,60
SO_145,60
SO_146,60
SO_147,60
SO_148,60
SO_149,60
SO_15,60
SO_150,60
SO_151,60
SO_152,60
SO_153,60
SO_154,60
SO_155,60
SO_156,60
SO_157,60
SO_158,60
SO_159,60
SO_16,60
SO_160,60
SO_161,60
SO_162,60
SO_163,60
SO_164,60
SO_165,60
SO_166,60
SO_167,60
SO_168,60
SO_169,60
SO_17,60
SO_170,60
SO_171,60
SO_172,60
SO_173,60
SO_174,60
SO_175,60
SO_176,60
SO_177,60
SO_178,60
SO_179,60
SO_18,60
SO_180,60
SO_181,60
SO_182,60
SO_183,60
SO_184,60
SO_185,60
SO_186,60
SO_187,60
SO_188,60
SO_189,60
SO_19,60
SO_190,60
SO_191,60
SO_192,60
SO_193,60
SO_194,60
SO_195,60
SO_196,60
SO_197,60
SO_198,60
SO_199,60
SO_2,60
SO_20,60
SO_200,60
SO_201,60
SO_202,60
SO_203,60
SO_204,60
SO_205,60
SO_206,60
SO_207,60
SO_208,60
SO_209,60
SO_21,60
SO_210,60
SO_211,60
SO_212,60
SO_213,60
SO_214,60
SO_215,60
SO_216,60
SO_217,60
SO_218,60
SO_219,60
SO_22,60
SO_220,60
SO_221,60
SO_222,60
SO_223,60
SO_224,60
SO_225,60
SO_226,60
SO_227,60
SO_228,60
SO_229,60
SO_23,60
SO_230,60
SO_231,60
SO_232,60
SO_233,60
SO_234,60
SO_235,60
SO_236,60
SO_237,60
SO_238,60
SO_239,60
SO_24,60
SO_240,60
SO_241,60
SO_242,60
SO_243,60
SO_244,60
SO_245,60
SO_246,60
SO_247,60
SO_248,60
SO_249,60
SO_25,60
SO_250,60
SO_251,60
SO_252,60
SO_253,60
SO_254,60
SO_255,60
SO_256,60
SO_257,60
SO_258,60
SO_259,60
SO_26,60
SO_260,60
SO_261,60
SO_262,60
SO_263,60
SO_264,60
SO_265,60
SO_266,60
SO_267,60
SO_268,60
SO_269,60
SO_27,60
SO_270,60
SO_271,60
SO_272,60
SO_273,60
SO_274,60
SO_275,60
SO_276,60
SO_277,60
SO_278,60
SO_279,60
SO_28,60
SO_280,60
SO_281,60
SO_282,60
SO_283,60
SO_284,60
SO_285,60
SO_286,60
SO_287,60
SO_288,60
SO_289,60
SO_29,60
SO_290,60
SO_291,60
SO_292,60
SO_293,60
SO_294,60
SO_295,60
SO_296,60
SO_297,60
SO_298,60
SO_299,60
SO_3,60
SO_30,60
SO_300,60
SO_301,60
SO_302,60
SO_303,60
SO_304,60
SO_305,60
SO_306,60
SO_307,60
SO_308,60
SO_309,60
SO_31,60
SO_310,60
SO_311,60
SO_312,60
SO_313,60
SO_314,60
SO_315,60
SO_316,60
SO_317,60
SO_318,60
SO_319,60
SO_32,60
SO_320,60
SO_321,60
SO_322,60
SO_323,60
SO_324,60
SO_325,60
SO_326,60
SO_327,60
SO_328,60
SO_329,60
SO_33,60
SO_330,60
SO_331,60
SO_332,60
SO_333,60
SO_334,60
SO_335,60
SO_336,60
SO_337,60
SO_338,60
SO_339,60
SO_34,60
SO_340,60
SO_341,60
SO_342,60
SO_343,60
SO_344,60
SO_345,60
SO_346,60
SO_347,60
SO_348,60
SO_349,60
SO_35,60
SO_350,60
SO_351,60
SO_352,60
SO_353,60
SO_354,60
SO_355,60
SO_356,60
SO_357,60
SO_358,60
SO_359,60
SO_36,60
SO_360,60
SO_361,60
SO_362,60
SO_363,60
SO_364,60
SO_365,60
SO_366,60
SO_367,60
SO_368,60
SO_369,60
SO_37,60
SO_370,60
SO_371,60
SO_372,60
SO_373,60
SO_374,60
SO_375,60
SO_376,60
SO_377,60
SO_378,60
SO_38,60
SO_39,60
SO_4,60
SO_40,60
SO_41,60
SO_42,60
SO_43,60
SO_44,60
SO_45,60
SO_46,60
SO_47,60
SO_48,60
SO_49,60
SO_5,60
SO_50,60
SO_51,60
SO_52,60
SO_53,60
SO_54,60
SO_55,60
SO_56,60
SO_57,60
SO_58,60
SO_59,60
SO_6,60
SO_60,60
SO_61,60
SO_62,60
SO_63,60
SO_64,60
SO_65,60
SO_66,60
SO_67,60
SO_68,60
SO_69,60
SO_7,60
SO_70,60
SO_71,60
SO_72,60
SO_73,60
SO_74,60
SO_75,60
SO_76,60
SO_77,60
SO_78,60
SO_79,60
SO_8,60
SO_80,60
SO_81,60
SO_82,60
SO_83,60
SO_84,60
SO_85,60
SO_86,60
SO_87,60
SO_88,60
SO_89,60
SO_9,60
SO_90,60
SO_91,60
SO_92,60
SO_93,60
SO_94,60
SO_95,60
SO_96,60
SO_97,60
SO_98,60
SO_99,60
SOMG_1,30
SOMG_10,30
SOMG_100,30
SOMG_101,30
SOMG_102,30
SOMG_103,30
SOMG_104,30
SOMG_105,30
SOMG_106,30
SOMG_107,30
SOMG_108,30
SOMG_109,30
SOMG_11,30
SOMG_110,30
SOMG_111,30
SOMG_112,30
SOMG_113,30
SOMG_114,30
SOMG_115,30
SOMG_116,30
SOMG_117,30
SOMG_118,30
SOMG_119,30
SOMG_12,30
SOMG_120,30
SOMG_121,30
SOMG_122,30
SOMG_123,30
SOMG_124,30
SOMG_125,30
SOMG_126,30
SOMG_127,30
SOMG_128,30
SOMG_129,30
SOMG_13,30
SOMG_130,30
SOMG_131,30
SOMG_132,30
SOMG_133,30
SOMG_134,30
SOMG_135,30
SOMG_136,30
SOMG_137,30
SOMG_138,30
SOMG_139,30
SOMG_14,30
SOMG_140,30
SOMG_141,30
SOMG_142,30
SOMG_143,30
SOMG_144,30
SOMG_145,30
SOMG_146,30
SOMG_147,30
SOMG_148,30
SOMG_149,30
SOMG_15,30
SOMG_150,30
SOMG_151,30
SOMG_152,30
SOMG_153,30
SOMG_154,30
SOMG_155,30
SOMG_156,30
SOMG_157,30
SOMG_158,30
SOMG_159,30
SOMG_16,30
SOMG_160,30
SOMG_161,30
SOMG_162,30
SOMG_163,30
SOMG_164,30
SOMG_165,30
SOMG_166,30
SOMG_167,30
SOMG_168,30
SOMG_169,30
SOMG_17,30
SOMG_170,30
SOMG_171,30
SOMG_172,30
SOMG_173,30
SOMG_174,30
SOMG_175,30
SOMG_176,30
SOMG_177,30
SOMG_178,30
SOMG_179,30
SOMG_18,30
SOMG_180,30
SOMG_181,30
SOMG_182,30
SOMG_183,30
SOMG_184,30
SOMG_185,30
SOMG_186,30
SOMG_187,30
SOMG_188,30
SOMG_189,30
SOMG_19,30
SOMG_190,30
SOMG_191,30
SOMG_192,30
SOMG_193,30
SOMG_194,30
SOMG_195,30
SOMG_196,30
SOMG_197,30
SOMG_198,30
SOMG_199,30
SOMG_2,30
SOMG_20,30
SOMG_200,30
SOMG_201,30
SOMG_202,30
SOMG_203,30
SOMG_204,30
SOMG_205,30
SOMG_206,30
SOMG_207,30
SOMG_208,30
SOMG_209,30
SOMG_21,30
SOMG_210,30
SOMG_211,30
SOMG_212,30
SOMG_213,30
SOMG_214,30
SOMG_215,30
SOMG_216,30
SOMG_217,30
SOMG_218,30
SOMG_219,30
SOMG_22,30
SOMG_220,30
SOMG_221,30
SOMG_222,30
SOMG_223,30
SOMG_224,30
SOMG_225,30
SOMG_226,30
SOMG_227,30
SOMG_228,30
SOMG_229,30
SOMG_23,30
SOMG_230,30
SOMG_231,30
SOMG_232,30
SOMG_233,30
SOMG_234,30
SOMG_235,30
SOMG_236,30
SOMG_237,30
SOMG_238,30
SOMG_239,30
SOMG_24,30
SOMG_240,30
SOMG_241,30
SOMG_242,30
SOMG_243,30
SOMG_244,30
SOMG_245,30
SOMG_246,30
SOMG_247,30
SOMG_248,30
SOMG_249,30
SOMG_25,30
SOMG_250,30
SOMG_251,30
SOMG_252,30
SOMG_253,30
SOMG_254,30
SOMG_255,30
SOMG_256,30
SOMG_257,30
SOMG_258,30
SOMG_259,30
SOMG_26,30
SOMG_260,30
SOMG_261,30
SOMG_262,30
SOMG_263,30
SOMG_264,30
SOMG_265,30
SOMG_266,30
SOMG_267,30
SOMG_268,30
SOMG_269,30
SOMG_27,30
SOMG_270,30
SOMG_271,30
SOMG_272,30
SOMG_273,30
SOMG_274,30
SOMG_275,30
SOMG_276,30
SOMG_277,30
SOMG_278,30
SOMG_279,30
SOMG_28,30
SOMG_280,30
SOMG_281,30
SOMG_282,30
SOMG_283,30
SOMG_284,30
SOMG_285,30
SOMG_286,30
SOMG_287,30
SOMG_288,30
SOMG_289,30
SOMG_29,30
SOMG_290,30
SOMG_291,30
SOMG_292,30
SOMG_293,30
SOMG_294,30
SOMG_295,30
SOMG_296,30
SOMG_297,30
SOMG_298,30
SOMG_299,30
SOMG_3,30
SOMG_30,30
SOMG_300,30
SOMG_301,30
SOMG_302,30
SOMG_303,30
SOMG_304,30
SOMG_305,30
SOMG_306,30
SOMG_307,30
SOMG_308,30
SOMG_309,30
SOMG_31,30
SOMG_310,30
SOMG_311,30
SOMG_312,30
SOMG_313,30
SOMG_314,30
SOMG_315,30
SOMG_316,30
SOMG_317,30
SOMG_318,30
SOMG_319,30
SOMG_32,30
SOMG_320,30
SOMG_321,30
SOMG_322,30
SOMG_323,30
SOMG_324,30
SOMG_325,30
SOMG_326,30
SOMG_327,30
SOMG_328,30
SOMG_329,30
SOMG_33,30
SOMG_330,30
SOMG_331,30
SOMG_332,30
SOMG_333,30
SOMG_334,30
SOMG_335,30
SOMG_336,30
SOMG_337,30
SOMG_338,30
SOMG_339,30
SOMG_34,30
SOMG_340,30
SOMG_341,30
SOMG_342,30
SOMG_343,30
SOMG_344,30
SOMG_345,30
SOMG_346,30
SOMG_347,30
SOMG_348,30
SOMG_349,30
SOMG_35,30
SOMG_350,30
SOMG_351,30
SOMG_352,30
SOMG_353,30
SOMG_354,30
SOMG_355,30
SOMG_356,30
SOMG_357,30
SOMG_358,30
SOMG_359,30
SOMG_36,30
SOMG_360,30
SOMG_361,30
SOMG_362,30
SOMG_363,30
SOMG_364,30
SOMG_365,30
SOMG_366,30
SOMG_367,30
SOMG_368,30
SOMG_369,30
SOMG_37,30
SOMG_370,30
SOMG_371,30
SOMG_372,30
SOMG_373,30
SOMG_374,30
SOMG_375,30
SOMG_376,30
SOMG_377,30
SOMG_378,30
SOMG_38,30
SOMG_39,30
SOMG_4,30
SOMG_40,30
SOMG_41,30
SOMG_42,30
SOMG_43,30
SOMG_44,30
SOMG_45,30
SOMG_46,30
SOMG_47,30
SOMG_48,30
SOMG_49,30
SOMG_5,30
SOMG_50,30
SOMG_51,30
SOMG_52,30
SOMG_53,30
SOMG_54,30
SOMG_55,30
SOMG_56,30
SOMG_57,30
SOMG_58,30
SOMG_59,30
SOMG_6,30
SOMG_60,30
SOMG_61,30
SOMG_62,30
SOMG_63,30
SOMG_64,30
SOMG_65,30
SOMG_66,30
SOMG_67,30
SOMG_68,30
SOMG_69,30
SOMG_7,30
SOMG_70,30
SOMG_71,30
SOMG_72,30
SOMG_73,30
SOMG_74,30
SOMG_75,30
SOMG_76,30
SOMG_77,30
SOMG_78,30
SOMG_79,30
SOMG_8,30
SOMG_80,30
SOMG_81,30
SOMG_82,30
SOMG_83,30
SOMG_84,30
SOMG_85,30
SOMG_86,30
SOMG_87,30
SOMG_88,30
SOMG_89,30
SOMG_9,30
SOMG_90,30
SOMG_91,30
SOMG_92,30
SOMG_93,30
SOMG_94,30
SOMG_95,30
SOMG_96,30
SOMG_97,30
SOMG_98,30
SOMG_99,30
SOMG12h_1,30
SOMG12h_10,30
SOMG12h_100,30
SOMG12h_101,30
SOMG12h_102,30
SOMG12h_103,30
SOMG12h_104,30
SOMG12h_105,30
SOMG12h_106,30
SOMG12h_107,30
SOMG12h_108,30
SOMG12h_109,30
SOMG12h_11,30
SOMG12h_110,30
SOMG12h_111,30
SOMG12h_112,30
SOMG12h_113,30
SOMG12h_114,30
SOMG12h_115,30
SOMG12h_116,30
SOMG12h_117,30
SOMG12h_118,30
SOMG12h_119,30
SOMG12h_12,30
SOMG12h_120,30
SOMG12h_121,30
SOMG12h_122,30
SOMG12h_123,30
SOMG12h_124,30
SOMG12h_125,30
SOMG12h_126,30
SOMG12h_127,30
SOMG12h_128,30
SOMG12h_129,30
SOMG12h_13,30
SOMG12h_130,30
SOMG12h_131,30
SOMG12h_132,30
SOMG12h_133,30
SOMG12h_134,30
SOMG12h_135,30
SOMG12h_136,30
SOMG12h_137,30
SOMG12h_138,30
SOMG12h_139,30
SOMG12h_14,30
SOMG12h_140,30
SOMG12h_141,30
SOMG12h_142,30
SOMG12h_143,30
SOMG12h_144,30
SOMG12h_145,30
SOMG12h_146,30
SOMG12h_147,30
SOMG12h_148,30
SOMG12h_149,30
SOMG12h_15,30
SOMG12h_150,30
SOMG12h_151,30
SOMG12h_152,30
SOMG12h_153,30
SOMG12h_154,30
SOMG12h_155,30
SOMG12h_156,30
SOMG12h_157,30
SOMG12h_158,30
SOMG12h_159,30
SOMG12h_16,30
SOMG12h_160,30
SOMG12h_161,30
SOMG12h_162,30
SOMG12h_163,30
SOMG12h_164,30
SOMG12h_165,30
SOMG12h_166,30
SOMG12h_167,30
SOMG12h_168,30
SOMG12h_169,30
SOMG12h_17,30
SOMG12h_170,30
SOMG12h_171,30
SOMG12h_172,30
SOMG12h_173,30
SOMG12h_174,30
SOMG12h_175,30
SOMG12h_176,30
SOMG12h_177,30
SOMG12h_178,30
SOMG12h_179,30
SOMG12h_18,30
SOMG12h_180,30
SOMG12h_181,30
SOMG12h_182,30
SOMG12h_183,30
SOMG12h_184,30
SOMG12h_185,30
SOMG12h_186,30
SOMG12h_187,30
SOMG12h_188,30
SOMG12h_189,30
SOMG12h_19,30
SOMG12h_190,30
SOMG12h_191,30
SOMG12h_192,30
SOMG12h_193,30
SOMG12h_194,30
SOMG12h_195,30
SOMG12h_196,30
SOMG12h_197,30
SOMG12h_198,30
SOMG12h_199,30
SOMG12h_2,30
SOMG12h_20,30
SOMG12h_200,30
SOMG12h_201,30
SOMG12h_202,30
SOMG12h_203,30
SOMG12h_204,30
SOMG12h_205,30
SOMG12h_206,30
SOMG12h_207,30
SOMG12h_208,30
SOMG12h_209,30
SOMG12h_21,30
SOMG12h_210,30
SOMG12h_211,30
SOMG12h_212,30
SOMG12h_213,30
SOMG12h_214,30
SOMG12h_215,30
SOMG12h_216,30
SOMG12h_217,30
SOMG12h_218,30
SOMG12h_219,30
SOMG12h_22,30
SOMG12h_220,30
SOMG12h_221,30
SOMG12h_222,30
SOMG12h_223,30
SOMG12h_224,30
SOMG12h_225,30
SOMG12h_226,30
SOMG12h_227,30
SOMG12h_228,30
SOMG12h_229,30
SOMG12h_23,30
SOMG12h_230,30
SOMG12h_231,30
SOMG12h_232,30
SOMG12h_233,30
SOMG12h_234,30
SOMG12h_235,30
SOMG12h_236,30
SOMG12h_237,30
SOMG12h_238,30
SOMG12h_239,30
SOMG12h_24,30
SOMG12h_240,30
SOMG12h_241,30
SOMG12h_242,30
SOMG12h_243,30
SOMG12h_244,30
SOMG12h_245,30
SOMG12h_246,30
SOMG12h_247,30
SOMG12h_248,30
SOMG12h_249,30
SOMG12h_25,30
SOMG12h_250,30
SOMG12h_251,30
SOMG12h_252,30
SOMG12h_253,30
SOMG12h_254,30
SOMG12h_255,30
SOMG12h_256,30
SOMG12h_257,30
SOMG12h_258,30
SOMG12h_259,30
SOMG12h_26,30
SOMG12h_260,30
SOMG12h_261,30
SOMG12h_262,30
SOMG12h_263,30
SOMG12h_264,30
SOMG12h_265,30
SOMG12h_266,30
SOMG12h_267,30
SOMG12h_268,30
SOMG12h_269,30
SOMG12h_27,30
SOMG12h_270,30
SOMG12h_271,30
SOMG12h_272,30
SOMG12h_273,30
SOMG12h_274,30
SOMG12h_275,30
SOMG12h_276,30
SOMG12h_277,30
SOMG12h_278,30
SOMG12h_279,30
SOMG12h_28,30
SOMG12h_280,30
SOMG12h_281,30
SOMG12h_282,30
SOMG12h_283,30
SOMG12h_284,30
SOMG12h_285,30
SOMG12h_286,30
SOMG12h_287,30
SOMG12h_288,30
SOMG12h_289,30
SOMG12h_29,30
SOMG12h_290,30
SOMG12h_291,30
SOMG12h_292,30
SOMG12h_293,30
SOMG12h_294,30
SOMG12h_295,30
SOMG12h_296,30
SOMG12h_297,30
SOMG12h_298,30
SOMG12h_299,30
SOMG12h_3,30
SOMG12h_30,30
SOMG12h_300,30
SOMG12h_301,30
SOMG12h_302,30
SOMG12h_303,30
SOMG12h_304,30
SOMG12h_305,30
SOMG12h_306,30
SOMG12h_307,30
SOMG12h_308,30
SOMG12h_309,30
SOMG12h_31,30
SOMG12h_310,30
SOMG12h_311,30
SOMG12h_312,30
SOMG12h_313,30
SOMG12h_314,30
SOMG12h_315,30
SOMG12h_316,30
SOMG12h_317,30
SOMG12h_318,30
SOMG12h_319,30
SOMG12h_32,30
SOMG12h_320,30
SOMG12h_321,30
SOMG12h_322,30
SOMG12h_323,30
SOMG12h_324,30
SOMG12h_325,30
SOMG12h_326,30
SOMG12h_327,30
SOMG12h_328,30
SOMG12h_329,30
SOMG12h_33,30
SOMG12h_330,30
SOMG12h_331,30
SOMG12h_332,30
SOMG12h_333,30
SOMG12h_334,30
SOMG12h_335,30
SOMG12h_336,30
SOMG12h_337,30
SOMG12h_338,30
SOMG12h_339,30
SOMG12h_34,30
SOMG12h_340,30
SOMG12h_341,30
SOMG12h_342,30
SOMG12h_343,30
SOMG12h_344,30
SOMG12h_345,30
SOMG12h_346,30
SOMG12h_347,30
SOMG12h_348,30
SOMG12h_349,30
SOMG12h_35,30
SOMG12h_350,30
SOMG12h_351,30
SOMG12h_352,30
SOMG12h_353,30
SOMG12h_354,30
SOMG12h_355,30
SOMG12h_356,30
SOMG12h_357,30
SOMG12h_358,30
SOMG12h_359,30
SOMG12h_36,30
SOMG12h_360,30
SOMG12h_361,30
SOMG12h_362,30
SOMG12h_363,30
SOMG12h_364,30
SOMG12h_365,30
SOMG12h_366,30
SOMG12h_367,30
SOMG12h_368,30
SOMG12h_369,30
SOMG12h_37,30
SOMG12h_370,30
SOMG12h_371,30
SOMG12h_372,30
SOMG12h_373,30
SOMG12h_374,30
SOMG12h_375,30
SOMG12h_376,30
SOMG12h_377,30
SOMG12h_378,30
SOMG12h_38,30
SOMG12h_39,30
SOMG12h_4,30
SOMG12h_40,30
SOMG12h_41,30
SOMG12h_42,30
SOMG12h_43,30
SOMG12h_44,30
SOMG12h_45,30
SOMG12h_46,30
SOMG12h_47,30
SOMG12h_48,30
SOMG12h_49,30
SOMG12h_5,30
SOMG12h_50,30
SOMG12h_51,30
SOMG12h_52,30
SOMG12h_53,30
SOMG12h_54,30
SOMG12h_55,30
SOMG12h_56,30
SOMG12h_57,30
SOMG12h_58,30
SOMG12h_59,30
SOMG12h_6,30
SOMG12h_60,30
SOMG12h_61,30
SOMG12h_62,30
SOMG12h_63,30
SOMG12h_64,30
SOMG12h_65,30
SOMG12h_66,30
SOMG12h_67,30
SOMG12h_68,30
SOMG12h_69,30
SOMG12h_7,30
SOMG12h_70,30
SOMG12h_71,30
SOMG12h_72,30
SOMG12h_73,30
SOMG12h_74,30
SOMG12h_75,30
SOMG12h_76,30
SOMG12h_77,30
SOMG12h_78,30
SOMG12h_79,30
SOMG12h_8,30
SOMG12h_80,30
SOMG12h_81,30
SOMG12h_82,30
SOMG12h_83,30
SOMG12h_84,30
SOMG12h_85,30
SOMG12h_86,30
SOMG12h_87,30
SOMG12h_88,30
SOMG12h_89,30
SOMG12h_9,30
SOMG12h_90,30
SOMG12h_91,30
SOMG12h_92,30
SOMG12h_93,30
SOMG12h_94,30
SOMG12h_95,30
SOMG12h_96,30
SOMG12h_97,30
SOMG12h_98,30
SOMG12h_99,30
SOPV_1_0,30
SOPV_1_1,30
SOPV_10_0,30
SOPV_100_0,30
SOPV_100_1,30
SOPV_101_0,30
SOPV_102_0,30
SOPV_103_0,30
SOPV_104_0,30
SOPV_104_1,30
SOPV_105_0,30
SOPV_105_1,30
SOPV_106_0,30
SOPV_106_1,30
SOPV_107_0,30
SOPV_108_0,30
SOPV_109_0,30
SOPV_109_1,30
SOPV_11_0,30
SOPV_110_0,30
SOPV_110_1,30
SOPV_111_0,30
SOPV_112_0,30
SOPV_112_1,30
SOPV_113_0,30
SOPV_114_0,30
SOPV_114_1,30
SOPV_115_0,30
SOPV_116_0,30
SOPV_117_0,30
SOPV_117_1,30
SOPV_118_0,30
SOPV_119_0,30
SOPV_12_0,30
SOPV_120_0,30
SOPV_120_1,30
SOPV_121_0,30
SOPV_122_0,30
SOPV_122_1,30
SOPV_123_0,30
SOPV_123_1,30
SOPV_124_0,30
SOPV_125_0,30
SOPV_126_0,30
SOPV_126_1,30
SOPV_127_0,30
SOPV_127_1,30
SOPV_128_0,30
SOPV_128_1,30
SOPV_129_0,30
SOPV_13_0,30
SOPV_130_0,30
SOPV_131_0,30
SOPV_131_1,30
SOPV_132_0,30
SOPV_133_0,30
SOPV_134_0,30
SOPV_134_1,30
SOPV_135_0,30
SOPV_136_0,30
SOPV_137_0,30
SOPV_138_0,30
SOPV_139_0,30
SOPV_139_1,30
SOPV_14_0,30
SOPV_140_0,30
SOPV_140_1,30
SOPV_141_0,30
SOPV_142_0,30
SOPV_143_0,30
SOPV_143_1,30
SOPV_144_0,30
SOPV_144_1,30
SOPV_145_0,30
SOPV_145_1,30
SOPV_146_0,30
SOPV_147_0,30
SOPV_147_1,30
SOPV_148_0,30
SOPV_148_1,30
SOPV_149_0,30
SOPV_149_1,30
SOPV_15_0,30
SOPV_150_0,30
SOPV_151_0,30
SOPV_152_0,30
SOPV_153_0,30
SOPV_153_1,30
SOPV_154_0,30
SOPV_155_0,30
SOPV_156_0,30
SOPV_157_0,30
SOPV_158_0,30
SOPV_159_0,30
SOPV_16_0,30
SOPV_160_0,30
SOPV_160_1,30
SOPV_161_0,30
SOPV_161_1,30
SOPV_162_0,30
SOPV_162_1,30
SOPV_163_0,30
SOPV_163_1,30
SOPV_164_0,30
SOPV_164_1,30
SOPV_165_0,30
SOPV_165_1,30
SOPV_166_0,30
SOPV_166_1,30
SOPV_167_0,30
SOPV_167_1,30
SOPV_168_0,30
SOPV_168_1,30
SOPV_169_0,30
SOPV_17_0,30
SOPV_17_1,30
SOPV_170_0,30
SOPV_170_1,30
SOPV_171_0,30
SOPV_171_1,30
SOPV_172_0,30
SOPV_172_1,30
SOPV_173_0,30
SOPV_173_1,30
SOPV_174_0,30
SOPV_174_1,30
SOPV_175_0,30
SOPV_176_0,30
SOPV_177_0,30
SOPV_178_0,30
SOPV_178_1,30
SOPV_179_0,30
SOPV_179_1,30
SOPV_18_0,30
SOPV_180_0,30
SOPV_180_1,30
SOPV_181_0,30
SOPV_181_1,30
SOPV_182_0,30
SOPV_182_1,30
SOPV_183_0,30
SOPV_183_1,30
SOPV_184_0,30
SOPV_184_1,30
SOPV_185_0,30
SOPV_185_1,30
SOPV_186_0,30
SOPV_186_1,30
SOPV_187_0,30
SOPV_187_1,30
SOPV_188_0,30
SOPV_188_1,30
SOPV_189_0,30
SOPV_189_1,30
SOPV_19_0,30
SOPV_190_0,30
SOPV_190_1,30
SOPV_191_0,30
SOPV_191_1,30
SOPV_192_0,30
SOPV_192_1,30
SOPV_193_0,30
SOPV_193_1,30
SOPV_194_0,30
SOPV_195_0,30
SOPV_196_0,30
SOPV_197_0,30
SOPV_197_1,30
SOPV_198_0,30
SOPV_198_1,30
SOPV_199_0,30
SOPV_199_1,30
SOPV_2_0,30
SOPV_20_0,30
SOPV_200_0,30
SOPV_200_1,30
SOPV_201_0,30
SOPV_201_1,30
SOPV_202_0,30
SOPV_202_1,30
SOPV_203_0,30
SOPV_203_1,30
SOPV_204_0,30
SOPV_204_1,30
SOPV_205_0,30
SOPV_205_1,30
SOPV_206_0,30
SOPV_206_1,30
SOPV_207_0,30
SOPV_207_1,30
SOPV_208_0,30
SOPV_208_1,30
SOPV_209_0,30
SOPV_209_1,30
SOPV_21_0,30
SOPV_210_0,30
SOPV_211_0,30
SOPV_212_0,30
SOPV_213_0,30
SOPV_214_0,30
SOPV_215_0,30
SOPV_216_0,30
SOPV_217_0,30
SOPV_217_1,30
SOPV_218_0,30
SOPV_218_1,30
SOPV_219_0,30
SOPV_219_1,30
SOPV_22_0,30
SOPV_220_0,30
SOPV_220_1,30
SOPV_221_0,30
SOPV_221_1,30
SOPV_222_0,30
SOPV_222_1,30
SOPV_223_0,30
SOPV_223_1,30
SOPV_224_0,30
SOPV_224_1,30
SOPV_225_0,30
SOPV_225_1,30
SOPV_226_0,30
SOPV_226_1,30
SOPV_227_0,30
SOPV_227_1,30
SOPV_228_0,30
SOPV_228_1,30
SOPV_229_0,30
SOPV_229_1,30
SOPV_23_0,30
SOPV_230_0,30
SOPV_231_0,30
SOPV_232_0,30
SOPV_232_1,30
SOPV_233_0,30
SOPV_233_1,30
SOPV_234_0,30
SOPV_235_0,30
SOPV_236_0,30
SOPV_237_0,30
SOPV_237_1,30
SOPV_238_0,30
SOPV_238_1,30
SOPV_239_0,30
SOPV_239_1,30
SOPV_24_0,30
SOPV_240_0,30
SOPV_240_1,30
SOPV_241_0,30
SOPV_241_1,30
SOPV_242_0,30
SOPV_242_1,30
SOPV_243_0,30
SOPV_243_1,30
SOPV_244_0,30
SOPV_244_1,30
SOPV_245_0,30
SOPV_245_1,30
SOPV_246_0,30
SOPV_246_1,30
SOPV_247_0,30
SOPV_247_1,30
SOPV_248_0,30
SOPV_248_1,30
SOPV_249_0,30
SOPV_249_1,30
SOPV_25_0,30
SOPV_250_0,30
SOPV_250_1,30
SOPV_251_0,30
SOPV_251_1,30
SOPV_252_0,30
SOPV_252_1,30
SOPV_253_0,30
SOPV_253_1,30
SOPV_254_0,30
SOPV_255_0,30
SOPV_256_0,30
SOPV_257_0,30
SOPV_257_1,30
SOPV_258_0,30
SOPV_258_1,30
SOPV_259_0,30
SOPV_259_1,30
SOPV_26_0,30
SOPV_260_0,30
SOPV_260_1,30
SOPV_261_0,30
SOPV_261_1,30
SOPV_262_0,30
SOPV_262_1,30
SOPV_263_0,30
SOPV_263_1,30
SOPV_264_0,30
SOPV_264_1,30
SOPV_265_0,30
SOPV_265_1,30
SOPV_266_0,30
SOPV_266_1,30
SOPV_267_0,30
SOPV_267_1,30
SOPV_268_0,30
SOPV_268_1,30
SOPV_269_0,30
SOPV_269_1,30
SOPV_27_0,30
SOPV_270_0,30
SOPV_270_1,30
SOPV_271_0,30
SOPV_271_1,30
SOPV_272_0,30
SOPV_272_1,30
SOPV_273_0,30
SOPV_274_0,30
SOPV_275_0,30
SOPV_276_0,30
SOPV_277_0,30
SOPV_277_1,30
SOPV_278_0,30
SOPV_278_1,30
SOPV_279_0,30
SOPV_279_1,30
SOPV_28_0,30
SOPV_280_0,30
SOPV_280_1,30
SOPV_281_0,30
SOPV_281_1,30
SOPV_282_0,30
SOPV_282_1,30
SOPV_283_0,30
SOPV_283_1,30
SOPV_284_0,30
SOPV_284_1,30
SOPV_285_0,30
SOPV_285_1,30
SOPV_286_0,30
SOPV_286_1,30
SOPV_287_0,30
SOPV_287_1,30
SOPV_288_0,30
SOPV_288_1,30
SOPV_289_0,30
SOPV_29_0,30
SOPV_290_0,30
SOPV_291_0,30
SOPV_291_1,30
SOPV_292_0,30
SOPV_292_1,30
SOPV_293_0,30
SOPV_294_0,30
SOPV_295_0,30
SOPV_296_0,30
SOPV_297_0,30
SOPV_297_1,30
SOPV_298_0,30
SOPV_298_1,30
SOPV_299_0,30
SOPV_299_1,30
SOPV_3_0,30
SOPV_30_0,30
SOPV_30_1,30
SOPV_300_0,30
SOPV_300_1,30
SOPV_301_0,30
SOPV_301_1,30
SOPV_302_0,30
SOPV_302_1,30
SOPV_303_0,30
SOPV_303_1,30
SOPV_304_0,30
SOPV_304_1,30
SOPV_305_0,30
SOPV_305_1,30
SOPV_306_0,30
SOPV_307_0,30
SOPV_308_0,30
SOPV_309_0,30
SOPV_31_0,30
SOPV_310_0,30
SOPV_310_1,30
SOPV_311_0,30
SOPV_312_0,30
SOPV_313_0,30
SOPV_314_0,30
SOPV_314_1,30
SOPV_315_0,30
SOPV_315_1,30
SOPV_316_0,30
SOPV_316_1,30
SOPV_317_0,30
SOPV_317_1,30
SOPV_318_0,30
SOPV_318_1,30
SOPV_319_0,30
SOPV_319_1,30
SOPV_32_0,30
SOPV_320_0,30
SOPV_320_1,30
SOPV_321_0,30
SOPV_321_1,30
SOPV_322_0,30
SOPV_322_1,30
SOPV_323_0,30
SOPV_324_0,30
SOPV_325_0,30
SOPV_326_0,30
SOPV_327_0,30
SOPV_327_1,30
SOPV_328_0,30
SOPV_329_0,30
SOPV_329_1,30
SOPV_33_0,30
SOPV_33_1,30
SOPV_330_0,30
SOPV_330_1,30
SOPV_331_0,30
SOPV_331_1,30
SOPV_332_0,30
SOPV_332_1,30
SOPV_333_0,30
SOPV_333_1,30
SOPV_334_0,30
SOPV_334_1,30
SOPV_335_0,30
SOPV_335_1,30
SOPV_336_0,30
SOPV_336_1,30
SOPV_337_0,30
SOPV_337_1,30
SOPV_338_0,30
SOPV_339_0,30
SOPV_34_0,30
SOPV_34_1,30
SOPV_340_0,30
SOPV_341_0,30
SOPV_341_1,30
SOPV_342_0,30
SOPV_342_1,30
SOPV_343_0,30
SOPV_343_1,30
SOPV_344_0,30
SOPV_344_1,30
SOPV_345_0,30
SOPV_345_1,30
SOPV_346_0,30
SOPV_346_1,30
SOPV_347_0,30
SOPV_347_1,30
SOPV_348_0,30
SOPV_348_1,30
SOPV_349_0,30
SOPV_35_0,30
SOPV_350_0,30
SOPV_351_0,30
SOPV_352_0,30
SOPV_352_1,30
SOPV_353_0,30
SOPV_353_1,30
SOPV_354_0,30
SOPV_354_1,30
SOPV_355_0,30
SOPV_355_1,30
SOPV_356_0,30
SOPV_356_1,30
SOPV_357_0,30
SOPV_358_0,30
SOPV_358_1,30
SOPV_359_0,30
SOPV_359_1,30
SOPV_36_0,30
SOPV_360_0,30
SOPV_360_1,30
SOPV_361_0,30
SOPV_361_1,30
SOPV_362_0,30
SOPV_362_1,30
SOPV_363_0,30
SOPV_363_1,30
SOPV_364_0,30
SOPV_364_1,30
SOPV_365_0,30
SOPV_365_1,30
SOPV_366_0,30
SOPV_366_1,30
SOPV_367_0,30
SOPV_367_1,30
SOPV_368_0,30
SOPV_368_1,30
SOPV_369_0,30
SOPV_369_1,30
SOPV_37_0,30
SOPV_37_1,30
SOPV_370_0,30
SOPV_370_1,30
SOPV_371_0,30
SOPV_371_1,30
SOPV_372_0,30
SOPV_373_0,30
SOPV_373_1,30
SOPV_374_0,30
SOPV_374_1,30
SOPV_375_0,30
SOPV_375_1,30
SOPV_376_0,30
SOPV_376_1,30
SOPV_377_0,30
SOPV_378_0,30
SOPV_38_0,30
SOPV_39_0,30
SOPV_39_1,30
SOPV_4_0,30
SOPV_40_0,30
SOPV_41_0,30
SOPV_42_0,30
SOPV_42_1,30
SOPV_43_0,30
SOPV_43_1,30
SOPV_44_0,30
SOPV_45_0,30
SOPV_46_0,30
SOPV_47_0,30
SOPV_48_0,30
SOPV_48_1,30
SOPV_49_0,30
SOPV_49_1,30
SOPV_5_0,30
SOPV_5_1,30
SOPV_50_0,30
SOPV_50_1,30
SOPV_51_0,30
SOPV_51_1,30
SOPV_52_0,30
SOPV_52_1,30
SOPV_53_0,30
SOPV_53_1,30
SOPV_54_0,30
SOPV_55_0,30
SOPV_56_0,30
SOPV_57_0,30
SOPV_58_0,30
SOPV_58_1,30
SOPV_59_0,30
SOPV_59_1,30
SOPV_6_0,30
SOPV_6_1,30
SOPV_60_0,30
SOPV_61_0,30
SOPV_62_0,30
SOPV_63_0,30
SOPV_64_0,30
SOPV_65_0,30
SOPV_66_0,30
SOPV_67_0,30
SOPV_68_0,30
SOPV_69_0,30
SOPV_7_0,30
SOPV_70_0,30
SOPV_71_0,30
SOPV_72_0,30
SOPV_72_1,30
SOPV_73_0,30
SOPV_73_1,30
SOPV_74_0,30
SOPV_74_1,30
SOPV_75_0,30
SOPV_76_0,30
SOPV_77_0,30
SOPV_78_0,30
SOPV_79_0,30
SOPV_8_0,30
SOPV_8_1,30
SOPV_80_0,30
SOPV_81_0,30
SOPV_82_0,30
SOPV_83_0,30
SOPV_84_0,30
SOPV_85_0,30
SOPV_86_0,30
SOPV_87_0,30
SOPV_87_1,30
SOPV_88_0,30
SOPV_88_1,30
SOPV_89_0,30
SOPV_9_0,30
SOPV_90_0,30
SOPV_91_0,30
SOPV_91_1,30
SOPV_92_0,30
SOPV_92_1,30
SOPV_93_0,30
SOPV_94_0,30
SOPV_95_0,30
SOPV_96_0,30
SOPV_97_0,30
SOPV_98_0,30
SOPV_99_0,30
SOPV12h_1_0,30
SOPV12h_1_1,30
SOPV12h_10_0,30
SOPV12h_100_0,30
SOPV12h_100_1,30
SOPV12h_101_0,30
SOPV12h_102_0,30
SOPV12h_103_0,30
SOPV12h_104_0,30
SOPV12h_104_1,30
SOPV12h_105_0,30
SOPV12h_105_1,30
SOPV12h_106_0,30
SOPV12h_106_1,30
SOPV12h_107_0,30
SOPV12h_108_0,30
SOPV12h_109_0,30
SOPV12h_109_1,30
SOPV12h_11_0,30
SOPV12h_110_0,30
SOPV12h_110_1,30
SOPV12h_111_0,30
SOPV12h_112_0,30
SOPV12h_112_1,30
SOPV12h_113_0,30
SOPV12h_114_0,30
SOPV12h_114_1,30
SOPV12h_115_0,30
SOPV12h_116_0,30
SOPV12h_117_0,30
SOPV12h_117_1,30
SOPV12h_118_0,30
SOPV12h_119_0,30
SOPV12h_12_0,30
SOPV12h_120_0,30
SOPV12h_120_1,30
SOPV12h_121_0,30
SOPV12h_122_0,30
SOPV12h_122_1,30
SOPV12h_123_0,30
SOPV12h_123_1,30
SOPV12h_124_0,30
SOPV12h_125_0,30
SOPV12h_126_0,30
SOPV12h_126_1,30
SOPV12h_127_0,30
SOPV12h_127_1,30
SOPV12h_128_0,30
SOPV12h_128_1,30
SOPV12h_129_0,30
SOPV12h_13_0,30
SOPV12h_130_0,30
SOPV12h_131_0,30
SOPV12h_131_1,30
SOPV12h_132_0,30
SOPV12h_133_0,30
SOPV12h_134_0,30
SOPV12h_134_1,30
SOPV12h_135_0,30
SOPV12h_136_0,30
SOPV12h_137_0,30
SOPV12h_138_0,30
SOPV12h_139_0,30
SOPV12h_139_1,30
SOPV12h_14_0,30
SOPV12h_140_0,30
SOPV12h_140_1,30
SOPV12h_141_0,30
SOPV12h_142_0,30
SOPV12h_143_0,30
SOPV12h_143_1,30
SOPV12h_144_0,30
SOPV12h_144_1,30
SOPV12h_145_0,30
SOPV12h_145_1,30
SOPV12h_146_0,30
SOPV12h_147_0,30
SOPV12h_147_1,30
SOPV12h_148_0,30
SOPV12h_148_1,30
SOPV12h_149_0,30
SOPV12h_149_1,30
SOPV12h_15_0,30
SOPV12h_150_0,30
SOPV12h_151_0,30
SOPV12h_152_0,30
SOPV12h_153_0,30
SOPV12h_153_1,30
SOPV12h_154_0,30
SOPV12h_155_0,30
SOPV12h_156_0,30
SOPV12h_157_0,30
SOPV12h_158_0,30
SOPV12h_159_0,30
SOPV12h_16_0,30
SOPV12h_160_0,30
SOPV12h_160_1,30
SOPV12h_161_0,30
SOPV12h_161_1,30
SOPV12h_162_0,30
SOPV12h_162_1,30
SOPV12h_163_0,30
SOPV12h_163_1,30
SOPV12h_164_0,30
SOPV12h_164_1,30
SOPV12h_165_0,30
SOPV12h_165_1,30
SOPV12h_166_0,30
SOPV12h_166_1,30
SOPV12h_167_0,30
SOPV12h_167_1,30
SOPV12h_168_0,30
SOPV12h_168_1,30
SOPV12h_169_0,30
SOPV12h_17_0,30
SOPV12h_17_1,30
SOPV12h_170_0,30
SOPV12h_170_1,30
SOPV12h_171_0,30
SOPV12h_171_1,30
SOPV12h_172_0,30
SOPV12h_172_1,30
SOPV12h_173_0,30
SOPV12h_173_1,30
SOPV12h_174_0,30
SOPV12h_174_1,30
SOPV12h_175_0,30
SOPV12h_176_0,30
SOPV12h_177_0,30
SOPV12h_178_0,30
SOPV12h_178_1,30
SOPV12h_179_0,30
SOPV12h_179_1,30
SOPV12h_18_0,30
SOPV12h_180_0,30
SOPV12h_180_1,30
SOPV12h_181_0,30
SOPV12h_181_1,30
SOPV12h_182_0,30
SOPV12h_182_1,30
SOPV12h_183_0,30
SOPV12h_183_1,30
SOPV12h_184_0,30
SOPV12h_184_1,30
SOPV12h_185_0,30
SOPV12h_185_1,30
SOPV12h_186_0,30
SOPV12h_186_1,30
SOPV12h_187_0,30
SOPV12h_187_1,30
SOPV12h_188_0,30
SOPV12h_188_1,30
SOPV12h_189_0,30
SOPV12h_189_1,30
SOPV12h_19_0,30
SOPV12h_190_0,30
SOPV12h_190_1,30
SOPV12h_191_0,30
SOPV12h_191_1,30
SOPV12h_192_0,30
SOPV12h_192_1,30
SOPV12h_193_0,30
SOPV12h_193_1,30
SOPV12h_194_0,30
SOPV12h_195_0,30
SOPV12h_196_0,30
SOPV12h_197_0,30
SOPV12h_197_1,30
SOPV12h_198_0,30
SOPV12h_198_1,30
SOPV12h_199_0,30
SOPV12h_199_1,30
SOPV12h_2_0,30
SOPV12h_20_0,30
SOPV12h_200_0,30
SOPV12h_200_1,30
SOPV12h_201_0,30
SOPV12h_201_1,30
SOPV12h_202_0,30
SOPV12h_202_1,30
SOPV12h_203_0,30
SOPV12h_203_1,30
SOPV12h_204_0,30
SOPV12h_204_1,30
SOPV12h_205_0,30
SOPV12h_205_1,30
SOPV12h_206_0,30
SOPV12h_206_1,30
SOPV12h_207_0,30
SOPV12h_207_1,30
SOPV12h_208_0,30
SOPV12h_208_1,30
SOPV12h_209_0,30
SOPV12h_209_1,30
SOPV12h_21_0,30
SOPV12h_210_0,30
SOPV12h_211_0,30
SOPV12h_212_0,30
SOPV12h_213_0,30
SOPV12h_214_0,30
SOPV12h_215_0,30
SOPV12h_216_0,30
SOPV12h_217_0,30
SOPV12h_217_1,30
SOPV12h_218_0,30
SOPV12h_218_1,30
SOPV12h_219_0,30
SOPV12h_219_1,30
SOPV12h_22_0,30
SOPV12h_220_0,30
SOPV12h_220_1,30
SOPV12h_221_0,30
SOPV12h_221_1,30
SOPV12h_222_0,30
SOPV12h_222_1,30
SOPV12h_223_0,30
SOPV12h_223_1,30
SOPV12h_224_0,30
SOPV12h_224_1,30
SOPV12h_225_0,30
SOPV12h_225_1,30
SOPV12h_226_0,30
SOPV12h_226_1,30
SOPV12h_227_0,30
SOPV12h_227_1,30
SOPV12h_228_0,30
SOPV12h_228_1,30
SOPV12h_229_0,30
SOPV12h_229_1,30
SOPV12h_23_0,30
SOPV12h_230_0,30
SOPV12h_231_0,30
SOPV12h_232_0,30
SOPV12h_232_1,30
SOPV12h_233_0,30
SOPV12h_233_1,30
SOPV12h_234_0,30
SOPV12h_235_0,30
SOPV12h_236_0,30
SOPV12h_237_0,30
SOPV12h_237_1,30
SOPV12h_238_0,30
SOPV12h_238_1,30
SOPV12h_239_0,30
SOPV12h_239_1,30
SOPV12h_24_0,30
SOPV12h_240_0,30
SOPV12h_240_1,30
SOPV12h_241_0,30
SOPV12h_241_1,30
SOPV12h_242_0,30
SOPV12h_242_1,30
SOPV12h_243_0,30
SOPV12h_243_1,30
SOPV12h_244_0,30
SOPV12h_244_1,30
SOPV12h_245_0,30
SOPV12h_245_1,30
SOPV12h_246_0,30
SOPV12h_246_1,30
SOPV12h_247_0,30
SOPV12h_247_1,30
SOPV12h_248_0,30
SOPV12h_248_1,30
SOPV12h_249_0,30
SOPV12h_249_1,30
SOPV12h_25_0,30
SOPV12h_250_0,30
SOPV12h_250_1,30
SOPV12h_251_0,30
SOPV12h_251_1,30
SOPV12h_252_0,30
SOPV12h_252_1,30
SOPV12h_253_0,30
SOPV12h_253_1,30
SOPV12h_254_0,30
SOPV12h_255_0,30
SOPV12h_256_0,30
SOPV12h_257_0,30
SOPV12h_257_1,30
SOPV12h_258_0,30
SOPV12h_258_1,30
SOPV12h_259_0,30
SOPV12h_259_1,30
SOPV12h_26_0,30
SOPV12h_260_0,30
SOPV12h_260_1,30
SOPV12h_261_0,30
SOPV12h_261_1,30
SOPV12h_262_0,30
SOPV12h_262_1,30
SOPV12h_263_0,30
SOPV12h_263_1,30
SOPV12h_264_0,30
SOPV12h_264_1,30
SOPV12h_265_0,30
SOPV12h_265_1,30
SOPV12h_266_0,30
SOPV12h_266_1,30
SOPV12h_267_0,30
SOPV12h_267_1,30
SOPV12h_268_0,30
SOPV12h_268_1,30
SOPV12h_269_0,30
SOPV12h_269_1,30
SOPV12h_27_0,30
SOPV12h_270_0,30
SOPV12h_270_1,30
SOPV12h_271_0,30
SOPV12h_271_1,30
SOPV12h_272_0,30
SOPV12h_272_1,30
SOPV12h_273_0,30
SOPV12h_274_0,30
SOPV12h_275_0,30
SOPV12h_276_0,30
SOPV12h_277_0,30
SOPV12h_277_1,30
SOPV12h_278_0,30
SOPV12h_278_1,30
SOPV12h_279_0,30
SOPV12h_279_1,30
SOPV12h_28_0,30
SOPV12h_280_0,30
SOPV12h_280_1,30
SOPV12h_281_0,30
SOPV12h_281_1,30
SOPV12h_282_0,30
SOPV12h_282_1,30
SOPV12h_283_0,30
SOPV12h_283_1,30
SOPV12h_284_0,30
SOPV12h_284_1,30
SOPV12h_285_0,30
SOPV12h_285_1,30
SOPV12h_286_0,30
SOPV12h_286_1,30
SOPV12h_287_0,30
SOPV12h_287_1,30
SOPV12h_288_0,30
SOPV12h_288_1,30
SOPV12h_289_0,30
SOPV12h_29_0,30
SOPV12h_290_0,30
SOPV12h_291_0,30
SOPV12h_291_1,30
SOPV12h_292_0,30
SOPV12h_292_1,30
SOPV12h_293_0,30
SOPV12h_294_0,30
SOPV12h_295_0,30
SOPV12h_296_0,30
SOPV12h_297_0,30
SOPV12h_297_1,30
SOPV12h_298_0,30
SOPV12h_298_1,30
SOPV12h_299_0,30
SOPV12h_299_1,30
SOPV12h_3_0,30
SOPV12h_30_0,30
SOPV12h_30_1,30
SOPV12h_300_0,30
SOPV12h_300_1,30
SOPV12h_301_0,30
SOPV12h_301_1,30
SOPV12h_302_0,30
SOPV12h_302_1,30
SOPV12h_303_0,30
SOPV12h_303_1,30
SOPV12h_304_0,30
SOPV12h_304_1,30
SOPV12h_305_0,30
SOPV12h_305_1,30
SOPV12h_306_0,30
SOPV12h_307_0,30
SOPV12h_308_0,30
SOPV12h_309_0,30
SOPV12h_31_0,30
SOPV12h_310_0,30
SOPV12h_310_1,30
SOPV12h_311_0,30
SOPV12h_312_0,30
SOPV12h_313_0,30
SOPV12h_314_0,30
SOPV12h_314_1,30
SOPV12h_315_0,30
SOPV12h_315_1,30
SOPV12h_316_0,30
SOPV12h_316_1,30
SOPV12h_317_0,30
SOPV12h_317_1,30
SOPV12h_318_0,30
SOPV12h_318_1,30
SOPV12h_319_0,30
SOPV12h_319_1,30
SOPV12h_32_0,30
SOPV12h_320_0,30
SOPV12h_320_1,30
SOPV12h_321_0,30
SOPV12h_321_1,30
SOPV12h_322_0,30
SOPV12h_322_1,30
SOPV12h_323_0,30
SOPV12h_324_0,30
SOPV12h_325_0,30
SOPV12h_326_0,30
SOPV12h_327_0,30
SOPV12h_327_1,30
SOPV12h_328_0,30
SOPV12h_329_0,30
SOPV12h_329_1,30
SOPV12h_33_0,30
SOPV12h_33_1,30
SOPV12h_330_0,30
SOPV12h_330_1,30
SOPV12h_331_0,30
SOPV12h_331_1,30
SOPV12h_332_0,30
SOPV12h_332_1,30
SOPV12h_333_0,30
SOPV12h_333_1,30
SOPV12h_334_0,30
SOPV12h_334_1,30
SOPV12h_335_0,30
SOPV12h_335_1,30
SOPV12h_336_0,30
SOPV12h_336_1,30
SOPV12h_337_0,30
SOPV12h_337_1,30
SOPV12h_338_0,30
SOPV12h_339_0,30
SOPV12h_34_0,30
SOPV12h_34_1,30
SOPV12h_340_0,30
SOPV12h_341_0,30
SOPV12h_341_1,30
SOPV12h_342_0,30
SOPV12h_342_1,30
SOPV12h_343_0,30
SOPV12h_343_1,30
SOPV12h_344_0,30
SOPV12h_344_1,30
SOPV12h_345_0,30
SOPV12h_345_1,30
SOPV12h_346_0,30
SOPV12h_346_1,30
SOPV12h_347_0,30
SOPV12h_347_1,30
SOPV12h_348_0,30
SOPV12h_348_1,30
SOPV12h_349_0,30
SOPV12h_35_0,30
SOPV12h_350_0,30
SOPV12h_351_0,30
SOPV12h_352_0,30
SOPV12h_352_1,30
SOPV12h_353_0,30
SOPV12h_353_1,30
SOPV12h_354_0,30
SOPV12h_354_1,30
SOPV12h_355_0,30
SOPV12h_355_1,30
SOPV12h_356_0,30
SOPV12h_356_1,30
SOPV12h_357_0,30
SOPV12h_358_0,30
SOPV12h_358_1,30
SOPV12h_359_0,30
SOPV12h_359_1,30
SOPV12h_36_0,30
SOPV12h_360_0,30
SOPV12h_360_1,30
SOPV12h_361_0,30
SOPV12h_361_1,30
SOPV12h_362_0,30
SOPV12h_362_1,30
SOPV12h_363_0,30
SOPV12h_363_1,30
SOPV12h_364_0,30
SOPV12h_364_1,30
SOPV12h_365_0,30
SOPV12h_365_1,30
SOPV12h_366_0,30
SOPV12h_366_1,30
SOPV12h_367_0,30
SOPV12h_367_1,30
SOPV12h_368_0,30
SOPV12h_368_1,30
SOPV12h_369_0,30
SOPV12h_369_1,30
SOPV12h_37_0,30
SOPV12h_37_1,30
SOPV12h_370_0,30
SOPV12h_370_1,30
SOPV12h_371_0,30
SOPV12h_371_1,30
SOPV12h_372_0,30
SOPV12h_373_0,30
SOPV12h_373_1,30
SOPV12h_374_0,30
SOPV12h_374_1,30
SOPV12h_375_0,30
SOPV12h_375_1,30
SOPV12h_376_0,30
SOPV12h_376_1,30
SOPV12h_377_0,30
SOPV12h_378_0,30
SOPV12h_38_0,30
SOPV12h_39_0,30
SOPV12h_39_1,30
SOPV12h_4_0,30
SOPV12h_40_0,30
SOPV12h_41_0,30
SOPV12h_42_0,30
SOPV12h_42_1,30
SOPV12h_43_0,30
SOPV12h_43_1,30
SOPV12h_44_0,30
SOPV12h_45_0,30
SOPV12h_46_0,30
SOPV12h_47_0,30
SOPV12h_48_0,30
SOPV12h_48_1,30
SOPV12h_49_0,30
SOPV12h_49_1,30
SOPV12h_5_0,30
SOPV12h_5_1,30
SOPV12h_50_0,30
SOPV12h_50_1,30
SOPV12h_51_0,30
SOPV12h_51_1,30
SOPV12h_52_0,30
SOPV12h_52_1,30
SOPV12h_53_0,30
SOPV12h_53_1,30
SOPV12h_54_0,30
SOPV12h_55_0,30
SOPV12h_56_0,30
SOPV12h_57_0,30
SOPV12h_58_0,30
SOPV12h_58_1,30
SOPV12h_59_0,30
SOPV12h_59_1,30
SOPV12h_6_0,30
SOPV12h_6_1,30
SOPV12h_60_0,30
SOPV12h_61_0,30
SOPV12h_62_0,30
SOPV12h_63_0,30
SOPV12h_64_0,30
SOPV12h_65_0,30
SOPV12h_66_0,30
SOPV12h_67_0,30
SOPV12h_68_0,30
SOPV12h_69_0,30
SOPV12h_7_0,30
SOPV12h_70_0,30
SOPV12h_71_0,30
SOPV12h_72_0,30
SOPV12h_72_1,30
SOPV12h_73_0,30
SOPV12h_73_1,30
SOPV12h_74_0,30
SOPV12h_74_1,30
SOPV12h_75_0,30
SOPV12h_76_0,30
SOPV12h_77_0,30
SOPV12h_78_0,30
SOPV12h_79_0,30
SOPV12h_8_0,30
SOPV12h_8_1,30
SOPV12h_80_0,30
SOPV12h_81_0,30
SOPV12h_82_0,30
SOPV12h_83_0,30
SOPV12h_84_0,30
SOPV12h_85_0,30
SOPV12h_86_0,30
SOPV12h_87_0,30
SOPV12h_87_1,30
SOPV12h_88_0,30
SOPV12h_88_1,30
SOPV12h_89_0,30
SOPV12h_9_0,30
SOPV12h_90_0,30
SOPV12h_91_0,30
SOPV12h_91_1,30
SOPV12h_92_0,30
SOPV12h_92_1,30
SOPV12h_93_0,30
SOPV12h_94_0,30
SOPV12h_95_0,30
SOPV12h_96_0,30
SOPV12h_97_0,30
SOPV12h_98_0,30
SOPV12h_99_0,30
SOPV8h_1_0,30
SOPV8h_1_1,30
SOPV8h_10_0,30
SOPV8h_100_0,30
SOPV8h_100_1,30
SOPV8h_101_0,30
SOPV8h_102_0,30
SOPV8h_103_0,30
SOPV8h_104_0,30
SOPV8h_104_1,30
SOPV8h_105_0,30
SOPV8h_105_1,30
SOPV8h_106_0,30
SOPV8h_106_1,30
SOPV8h_107_0,30
SOPV8h_108_0,30
SOPV8h_109_0,30
SOPV8h_109_1,30
SOPV8h_11_0,30
SOPV8h_110_0,30
SOPV8h_110_1,30
SOPV8h_111_0,30
SOPV8h_112_0,30
SOPV8h_112_1,30
SOPV8h_113_0,30
SOPV8h_114_0,30
SOPV8h_114_1,30
SOPV8h_115_0,30
SOPV8h_116_0,30
SOPV8h_117_0,30
SOPV8h_117_1,30
SOPV8h_118_0,30
SOPV8h_119_0,30
SOPV8h_12_0,30
SOPV8h_120_0,30
SOPV8h_120_1,30
SOPV8h_121_0,30
SOPV8h_122_0,30
SOPV8h_122_1,30
SOPV8h_123_0,30
SOPV8h_123_1,30
SOPV8h_124_0,30
SOPV8h_125_0,30
SOPV8h_126_0,30
SOPV8h_126_1,30
SOPV8h_127_0,30
SOPV8h_127_1,30
SOPV8h_128_0,30
SOPV8h_128_1,30
SOPV8h_129_0,30
SOPV8h_13_0,30
SOPV8h_130_0,30
SOPV8h_131_0,30
SOPV8h_131_1,30
SOPV8h_132_0,30
SOPV8h_133_0,30
SOPV8h_134_0,30
SOPV8h_134_1,30
SOPV8h_135_0,30
SOPV8h_136_0,30
SOPV8h_137_0,30
SOPV8h_138_0,30
SOPV8h_139_0,30
SOPV8h_139_1,30
SOPV8h_14_0,30
SOPV8h_140_0,30
SOPV8h_140_1,30
SOPV8h_141_0,30
SOPV8h_142_0,30
SOPV8h_143_0,30
SOPV8h_143_1,30
SOPV8h_144_0,30
SOPV8h_144_1,30
SOPV8h_145_0,30
SOPV8h_145_1,30
SOPV8h_146_0,30
SOPV8h_147_0,30
SOPV8h_147_1,30
SOPV8h_148_0,30
SOPV8h_148_1,30
SOPV8h_149_0,30
SOPV8h_149_1,30
SOPV8h_15_0,30
SOPV8h_150_0,30
SOPV8h_151_0,30
SOPV8h_152_0,30
SOPV8h_153_0,30
SOPV8h_153_1,30
SOPV8h_154_0,30
SOPV8h_155_0,30
SOPV8h_156_0,30
SOPV8h_157_0,30
SOPV8h_158_0,30
SOPV8h_159_0,30
SOPV8h_16_0,30
SOPV8h_160_0,30
SOPV8h_160_1,30
SOPV8h_161_0,30
SOPV8h_161_1,30
SOPV8h_162_0,30
SOPV8h_162_1,30
SOPV8h_163_0,30
SOPV8h_163_1,30
SOPV8h_164_0,30
SOPV8h_164_1,30
SOPV8h_165_0,30
SOPV8h_165_1,30
SOPV8h_166_0,30
SOPV8h_166_1,30
SOPV8h_167_0,30
SOPV8h_167_1,30
SOPV8h_168_0,30
SOPV8h_168_1,30
SOPV8h_169_0,30
SOPV8h_17_0,30
SOPV8h_17_1,30
SOPV8h_170_0,30
SOPV8h_170_1,30
SOPV8h_171_0,30
SOPV8h_171_1,30
SOPV8h_172_0,30
SOPV8h_172_1,30
SOPV8h_173_0,30
SOPV8h_173_1,30
SOPV8h_174_0,30
SOPV8h_174_1,30
SOPV8h_175_0,30
SOPV8h_176_0,30
SOPV8h_177_0,30
SOPV8h_178_0,30
SOPV8h_178_1,30
SOPV8h_179_0,30
SOPV8h_179_1,30
SOPV8h_18_0,30
SOPV8h_180_0,30
SOPV8h_180_1,30
SOPV8h_181_0,30
SOPV8h_181_1,30
SOPV8h_182_0,30
SOPV8h_182_1,30
SOPV8h_183_0,30
SOPV8h_183_1,30
SOPV8h_184_0,30
SOPV8h_184_1,30
SOPV8h_185_0,30
SOPV8h_185_1,30
SOPV8h_186_0,30
SOPV8h_186_1,30
SOPV8h_187_0,30
SOPV8h_187_1,30
SOPV8h_188_0,30
SOPV8h_188_1,30
SOPV8h_189_0,30
SOPV8h_189_1,30
SOPV8h_19_0,30
SOPV8h_190_0,30
SOPV8h_190_1,30
SOPV8h_191_0,30
SOPV8h_191_1,30
SOPV8h_192_0,30
SOPV8h_192_1,30
SOPV8h_193_0,30
SOPV8h_193_1,30
SOPV8h_194_0,30
SOPV8h_195_0,30
SOPV8h_196_0,30
SOPV8h_197_0,30
SOPV8h_197_1,30
SOPV8h_198_0,30
SOPV8h_198_1,30
SOPV8h_199_0,30
SOPV8h_199_1,30
SOPV8h_2_0,30
SOPV8h_20_0,30
SOPV8h_200_0,30
SOPV8h_200_1,30
SOPV8h_201_0,30
SOPV8h_201_1,30
SOPV8h_202_0,30
SOPV8h_202_1,30
SOPV8h_203_0,30
SOPV8h_203_1,30
SOPV8h_204_0,30
SOPV8h_204_1,30
SOPV8h_205_0,30
SOPV8h_205_1,30
SOPV8h_206_0,30
SOPV8h_206_1,30
SOPV8h_207_0,30
SOPV8h_207_1,30
SOPV8h_208_0,30
SOPV8h_208_1,30
SOPV8h_209_0,30
SOPV8h_209_1,30
SOPV8h_21_0,30
SOPV8h_210_0,30
SOPV8h_211_0,30
SOPV8h_212_0,30
SOPV8h_213_0,30
SOPV8h_214_0,30
SOPV8h_215_0,30
SOPV8h_216_0,30
SOPV8h_217_0,30
SOPV8h_217_1,30
SOPV8h_218_0,30
SOPV8h_218_1,30
SOPV8h_219_0,30
SOPV8h_219_1,30
SOPV8h_22_0,30
SOPV8h_220_0,30
SOPV8h_220_1,30
SOPV8h_221_0,30
SOPV8h_221_1,30
SOPV8h_222_0,30
SOPV8h_222_1,30
SOPV8h_223_0,30
SOPV8h_223_1,30
SOPV8h_224_0,30
SOPV8h_224_1,30
SOPV8h_225_0,30
SOPV8h_225_1,30
SOPV8h_226_0,30
SOPV8h_226_1,30
SOPV8h_227_0,30
SOPV8h_227_1,30
SOPV8h_228_0,30
SOPV8h_228_1,30
SOPV8h_229_0,30
SOPV8h_229_1,30
SOPV8h_23_0,30
SOPV8h_230_0,30
SOPV8h_231_0,30
SOPV8h_232_0,30
SOPV8h_232_1,30
SOPV8h_233_0,30
SOPV8h_233_1,30
SOPV8h_234_0,30
SOPV8h_235_0,30
SOPV8h_236_0,30
SOPV8h_237_0,30
SOPV8h_237_1,30
SOPV8h_238_0,30
SOPV8h_238_1,30
SOPV8h_239_0,30
SOPV8h_239_1,30
SOPV8h_24_0,30
SOPV8h_240_0,30
SOPV8h_240_1,30
SOPV8h_241_0,30
SOPV8h_241_1,30
SOPV8h_242_0,30
SOPV8h_242_1,30
SOPV8h_243_0,30
SOPV8h_243_1,30
SOPV8h_244_0,30
SOPV8h_244_1,30
SOPV8h_245_0,30
SOPV8h_245_1,30
SOPV8h_246_0,30
SOPV8h_246_1,30
SOPV8h_247_0,30
SOPV8h_247_1,30
SOPV8h_248_0,30
SOPV8h_248_1,30
SOPV8h_249_0,30
SOPV8h_249_1,30
SOPV8h_25_0,30
SOPV8h_250_0,30
SOPV8h_250_1,30
SOPV8h_251_0,30
SOPV8h_251_1,30
SOPV8h_252_0,30
SOPV8h_252_1,30
SOPV8h_253_0,30
SOPV8h_253_1,30
SOPV8h_254_0,30
SOPV8h_255_0,30
SOPV8h_256_0,30
SOPV8h_257_0,30
SOPV8h_257_1,30
SOPV8h_258_0,30
SOPV8h_258_1,30
SOPV8h_259_0,30
SOPV8h_259_1,30
SOPV8h_26_0,30
SOPV8h_260_0,30
SOPV8h_260_1,30
SOPV8h_261_0,30
SOPV8h_261_1,30
SOPV8h_262_0,30
SOPV8h_262_1,30
SOPV8h_263_0,30
SOPV8h_263_1,30
SOPV8h_264_0,30
SOPV8h_264_1,30
SOPV8h_265_0,30
SOPV8h_265_1,30
SOPV8h_266_0,30
SOPV8h_266_1,30
SOPV8h_267_0,30
SOPV8h_267_1,30
SOPV8h_268_0,30
SOPV8h_268_1,30
SOPV8h_269_0,30
SOPV8h_269_1,30
SOPV8h_27_0,30
SOPV8h_270_0,30
SOPV8h_270_1,30
SOPV8h_271_0,30
SOPV8h_271_1,30
SOPV8h_272_0,30
SOPV8h_272_1,30
SOPV8h_273_0,30
SOPV8h_274_0,30
SOPV8h_275_0,30
SOPV8h_276_0,30
SOPV8h_277_0,30
SOPV8h_277_1,30
SOPV8h_278_0,30
SOPV8h_278_1,30
SOPV8h_279_0,30
SOPV8h_279_1,30
SOPV8h_28_0,30
SOPV8h_280_0,30
SOPV8h_280_1,30
SOPV8h_281_0,30
SOPV8h_281_1,30
SOPV8h_282_0,30
SOPV8h_282_1,30
SOPV8h_283_0,30
SOPV8h_283_1,30
SOPV8h_284_0,30
SOPV8h_284_1,30
SOPV8h_285_0,30
SOPV8h_285_1,30
SOPV8h_286_0,30
SOPV8h_286_1,30
SOPV8h_287_0,30
SOPV8h_287_1,30
SOPV8h_288_0,30
SOPV8h_288_1,30
SOPV8h_289_0,30
SOPV8h_29_0,30
SOPV8h_290_0,30
SOPV8h_291_0,30
SOPV8h_291_1,30
SOPV8h_292_0,30
SOPV8h_292_1,30
SOPV8h_293_0,30
SOPV8h_294_0,30
SOPV8h_295_0,30
SOPV8h_296_0,30
SOPV8h_297_0,30
SOPV8h_297_1,30
SOPV8h_298_0,30
SOPV8h_298_1,30
SOPV8h_299_0,30
SOPV8h_299_1,30
SOPV8h_3_0,30
SOPV8h_30_0,30
SOPV8h_30_1,30
SOPV8h_300_0,30
SOPV8h_300_1,30
SOPV8h_301_0,30
SOPV8h_301_1,30
SOPV8h_302_0,30
SOPV8h_302_1,30
SOPV8h_303_0,30
SOPV8h_303_1,30
SOPV8h_304_0,30
SOPV8h_304_1,30
SOPV8h_305_0,30
SOPV8h_305_1,30
SOPV8h_306_0,30
SOPV8h_307_0,30
SOPV8h_308_0,30
SOPV8h_309_0,30
SOPV8h_31_0,30
SOPV8h_310_0,30
SOPV8h_310_1,30
SOPV8h_311_0,30
SOPV8h_312_0,30
SOPV8h_313_0,30
SOPV8h_314_0,30
SOPV8h_314_1,30
SOPV8h_315_0,30
SOPV8h_315_1,30
SOPV8h_316_0,30
SOPV8h_316_1,30
SOPV8h_317_0,30
SOPV8h_317_1,30
SOPV8h_318_0,30
SOPV8h_318_1,30
SOPV8h_319_0,30
SOPV8h_319_1,30
SOPV8h_32_0,30
SOPV8h_320_0,30
SOPV8h_320_1,30
SOPV8h_321_0,30
SOPV8h_321_1,30
SOPV8h_322_0,30
SOPV8h_322_1,30
SOPV8h_323_0,30
SOPV8h_324_0,30
SOPV8h_325_0,30
SOPV8h_326_0,30
SOPV8h_327_0,30
SOPV8h_327_1,30
SOPV8h_328_0,30
SOPV8h_329_0,30
SOPV8h_329_1,30
SOPV8h_33_0,30
SOPV8h_33_1,30
SOPV8h_330_0,30
SOPV8h_330_1,30
SOPV8h_331_0,30
SOPV8h_331_1,30
SOPV8h_332_0,30
SOPV8h_332_1,30
SOPV8h_333_0,30
SOPV8h_333_1,30
SOPV8h_334_0,30
SOPV8h_334_1,30
SOPV8h_335_0,30
SOPV8h_335_1,30
SOPV8h_336_0,30
SOPV8h_336_1,30
SOPV8h_337_0,30
SOPV8h_337_1,30
SOPV8h_338_0,30
SOPV8h_339_0,30
SOPV8h_34_0,30
SOPV8h_34_1,30
SOPV8h_340_0,30
SOPV8h_341_0,30
SOPV8h_341_1,30
SOPV8h_342_0,30
SOPV8h_342_1,30
SOPV8h_343_0,30
SOPV8h_343_1,30
SOPV8h_344_0,30
SOPV8h_344_1,30
SOPV8h_345_0,30
SOPV8h_345_1,30
SOPV8h_346_0,30
SOPV8h_346_1,30
SOPV8h_347_0,30
SOPV8h_347_1,30
SOPV8h_348_0,30
SOPV8h_348_1,30
SOPV8h_349_0,30
SOPV8h_35_0,30
SOPV8h_350_0,30
SOPV8h_351_0,30
SOPV8h_352_0,30
SOPV8h_352_1,30
SOPV8h_353_0,30
SOPV8h_353_1,30
SOPV8h_354_0,30
SOPV8h_354_1,30
SOPV8h_355_0,30
SOPV8h_355_1,30
SOPV8h_356_0,30
SOPV8h_356_1,30
SOPV8h_357_0,30
SOPV8h_358_0,30
SOPV8h_358_1,30
SOPV8h_359_0,30
SOPV8h_359_1,30
SOPV8h_36_0,30
SOPV8h_360_0,30
SOPV8h_360_1,30
SOPV8h_361_0,30
SOPV8h_361_1,30
SOPV8h_362_0,30
SOPV8h_362_1,30
SOPV8h_363_0,30
SOPV8h_363_1,30
SOPV8h_364_0,30
SOPV8h_364_1,30
SOPV8h_365_0,30
SOPV8h_365_1,30
SOPV8h_366_0,30
SOPV8h_366_1,30
SOPV8h_367_0,30
SOPV8h_367_1,30
SOPV8h_368_0,30
SOPV8h_368_1,30
SOPV8h_369_0,30
SOPV8h_369_1,30
SOPV8h_37_0,30
SOPV8h_37_1,30
SOPV8h_370_0,30
SOPV8h_370_1,30
SOPV8h_371_0,30
SOPV8h_371_1,30
SOPV8h_372_0,30
SOPV8h_373_0,30
SOPV8h_373_1,30
SOPV8h_374_0,30
SOPV8h_374_1,30
SOPV8h_375_0,30
SOPV8h_375_1,30
SOPV8h_376_0,30
SOPV8h_376_1,30
SOPV8h_377_0,30
SOPV8h_378_0,30
SOPV8h_38_0,30
SOPV8h_39_0,30
SOPV8h_39_1,30
SOPV8h_4_0,30
SOPV8h_40_0,30
SOPV8h_41_0,30
SOPV8h_42_0,30
SOPV8h_42_1,30
SOPV8h_43_0,30
SOPV8h_43_1,30
SOPV8h_44_0,30
SOPV8h_45_0,30
SOPV8h_46_0,30
SOPV8h_47_0,30
SOPV8h_48_0,30
SOPV8h_48_1,30
SOPV8h_49_0,30
SOPV8h_49_1,30
SOPV8h_5_0,30
SOPV8h_5_1,30
SOPV8h_50_0,30
SOPV8h_50_1,30
SOPV8h_51_0,30
SOPV8h_51_1,30
SOPV8h_52_0,30
SOPV8h_52_1,30
SOPV8h_53_0,30
SOPV8h_53_1,30
SOPV8h_54_0,30
SOPV8h_55_0,30
SOPV8h_56_0,30
SOPV8h_57_0,30
SOPV8h_58_0,30
SOPV8h_58_1,30
SOPV8h_59_0,30
SOPV8h_59_1,30
SOPV8h_6_0,30
SOPV8h_6_1,30
SOPV8h_60_0,30
SOPV8h_61_0,30
SOPV8h_62_0,30
SOPV8h_63_0,30
SOPV8h_64_0,30
SOPV8h_65_0,30
SOPV8h_66_0,30
SOPV8h_67_0,30
SOPV8h_68_0,30
SOPV8h_69_0,30
SOPV8h_7_0,30
SOPV8h_70_0,30
SOPV8h_71_0,30
SOPV8h_72_0,30
SOPV8h_72_1,30
SOPV8h_73_0,30
SOPV8h_73_1,30
SOPV8h_74_0,30
SOPV8h_74_1,30
SOPV8h_75_0,30
SOPV8h_76_0,30
SOPV8h_77_0,30
SOPV8h_78_0,30
SOPV8h_79_0,30
SOPV8h_8_0,30
SOPV8h_8_1,30
SOPV8h_80_0,30
SOPV8h_81_0,30
SOPV8h_82_0,30
SOPV8h_83_0,30
SOPV8h_84_0,30
SOPV8h_85_0,30
SOPV8h_86_0,30
SOPV8h_87_0,30
SOPV8h_87_1,30
SOPV8h_88_0,30
SOPV8h_88_1,30
SOPV8h_89_0,30
SOPV8h_9_0,30
SOPV8h_90_0,30
SOPV8h_91_0,30
SOPV8h_91_1,30
SOPV8h_92_0,30
SOPV8h_92_1,30
SOPV8h_93_0,30
SOPV8h_94_0,30
SOPV8h_95_0,30
SOPV8h_96_0,30
SOPV8h_97_0,30
SOPV8h_98_0,30
SOPV8h_99_0,30
TRHV_10,60
TRHV_101,60
TRHV_102,60
TRHV_103,60
TRHV_107,60
TRHV_108,60
TRHV_11,60
TRHV_111,60
TRHV_113,60
TRHV_115,60
TRHV_116,60
TRHV_118,60
TRHV_119,60
TRHV_12,60
TRHV_121,60
TRHV_124,60
TRHV_125,60
TRHV_129,60
TRHV_13,60
TRHV_130,60
TRHV_132,60
TRHV_133,60
TRHV_135,60
TRHV_136,60
TRHV_137,60
TRHV_138,60
TRHV_14,60
TRHV_141,60
TRHV_142,60
TRHV_146,60
TRHV_15,60
TRHV_150,60
TRHV_151,60
TRHV_152,60
TRHV_154,60
TRHV_155,60
TRHV_156,60
TRHV_157,60
TRHV_158,60
TRHV_159,60
TRHV_16,60
TRHV_169,60
TRHV_175,60
TRHV_176,60
TRHV_177,60
TRHV_18,60
TRHV_19,60
TRHV_194,60
TRHV_195,60
TRHV_196,60
TRHV_2,60
TRHV_20,60
TRHV_21,60
TRHV_210,60
TRHV_211,60
TRHV_212,60
TRHV_213,60
TRHV_214,60
TRHV_215,60
TRHV_216,60
TRHV_22,60
TRHV_23,60
TRHV_230,60
TRHV_231,60
TRHV_234,60
TRHV_235,60
TRHV_236,60
TRHV_24,60
TRHV_25,60
TRHV_254,60
TRHV_255,60
TRHV_256,60
TRHV_26,60
TRHV_27,60
TRHV_273,60
TRHV_274,60
TRHV_275,60
TRHV_276,60
TRHV_28,60
TRHV_289,60
TRHV_29,60
TRHV_290,60
TRHV_293,60
TRHV_294,60
TRHV_295,60
TRHV_296,60
TRHV_3,60
TRHV_306,60
TRHV_307,60
TRHV_308,60
TRHV_309,60
TRHV_31,60
TRHV_311,60
TRHV_312,60
TRHV_313,60
TRHV_32,60
TRHV_323,60
TRHV_324,60
TRHV_325,60
TRHV_326,60
TRHV_328,60
TRHV_338,60
TRHV_339,60
TRHV_340,60
TRHV_349,60
TRHV_35,60
TRHV_350,60
TRHV_351,60
TRHV_357,60
TRHV_36,60
TRHV_372,60
TRHV_377,60
TRHV_378,60
TRHV_38,60
TRHV_4,60
TRHV_40,60
TRHV_41,60
TRHV_44,60
TRHV_45,60
TRHV_46,60
TRHV_47,60
TRHV_54,60
TRHV_55,60
TRHV_56,60
TRHV_57,60
TRHV_60,60
TRHV_61,60
TRHV_62,60
TRHV_63,60
TRHV_64,60
TRHV_65,60
TRHV_66,60
TRHV_67,60
TRHV_68,60
TRHV_69,60
TRHV_7,60
TRHV_70,60
TRHV_71,60
TRHV_75,60
TRHV_76,60
TRHV_77,60
TRHV_78,60
TRHV_79,60
TRHV_80,60
TRHV_81,60
TRHV_82,60
TRHV_83,60
TRHV_84,60
TRHV_85,60
TRHV_86,60
TRHV_89,60
TRHV_9,60
TRHV_90,60
TRHV_93,60
TRHV_94,60
TRHV_95,60
TRHV_96,60
TRHV_97,60
TRHV_98,60
TRHV_99,60
TRLV_1_0,60
TRLV_1_1,60
TRLV_10_0,60
TRLV_100_0,60
TRLV_100_1,60
TRLV_101_0,60
TRLV_102_0,60
TRLV_103_0,60
TRLV_104_0,60
TRLV_104_1,60
TRLV_105_0,60
TRLV_105_1,60
TRLV_106_0,60
TRLV_106_1,60
TRLV_107_0,60
TRLV_108_0,60
TRLV_109_0,60
TRLV_109_1,60
TRLV_11_0,60
TRLV_110_0,60
TRLV_110_1,60
TRLV_111_0,60
TRLV_112_0,60
TRLV_112_1,60
TRLV_113_0,60
TRLV_114_0,60
TRLV_114_1,60
TRLV_115_0,60
TRLV_116_0,60
TRLV_117_0,60
TRLV_117_1,60
TRLV_118_0,60
TRLV_119_0,60
TRLV_12_0,60
TRLV_120_0,60
TRLV_120_1,60
TRLV_121_0,60
TRLV_122_0,60
TRLV_122_1,60
TRLV_123_0,60
TRLV_123_1,60
TRLV_124_0,60
TRLV_125_0,60
TRLV_126_0,60
TRLV_126_1,60
TRLV_127_0,60
TRLV_127_1,60
TRLV_128_0,60
TRLV_128_1,60
TRLV_129_0,60
TRLV_13_0,60
TRLV_130_0,60
TRLV_131_0,60
TRLV_131_1,60
TRLV_132_0,60
TRLV_133_0,60
TRLV_134_0,60
TRLV_134_1,60
TRLV_135_0,60
TRLV_136_0,60
TRLV_137_0,60
TRLV_138_0,60
TRLV_139_0,60
TRLV_139_1,60
TRLV_14_0,60
TRLV_140_0,60
TRLV_140_1,60
TRLV_141_0,60
TRLV_142_0,60
TRLV_143_0,60
TRLV_143_1,60
TRLV_144_0,60
TRLV_144_1,60
TRLV_145_0,60
TRLV_145_1,60
TRLV_146_0,60
TRLV_147_0,60
TRLV_147_1,60
TRLV_148_0,60
TRLV_148_1,60
TRLV_149_0,60
TRLV_149_1,60
TRLV_15_0,60
TRLV_150_0,60
TRLV_151_0,60
TRLV_152_0,60
TRLV_153_0,60
TRLV_153_1,60
TRLV_154_0,60
TRLV_155_0,60
TRLV_156_0,60
TRLV_157_0,60
TRLV_158_0,60
TRLV_159_0,60
TRLV_16_0,60
TRLV_160_0,60
TRLV_160_1,60
TRLV_161_0,60
TRLV_161_1,60
TRLV_162_0,60
TRLV_162_1,60
TRLV_163_0,60
TRLV_163_1,60
TRLV_164_0,60
TRLV_164_1,60
TRLV_165_0,60
TRLV_165_1,60
TRLV_166_0,60
TRLV_166_1,60
TRLV_167_0,60
TRLV_167_1,60
TRLV_168_0,60
TRLV_168_1,60
TRLV_169_0,60
TRLV_17_0,60
TRLV_17_1,60
TRLV_170_0,60
TRLV_170_1,60
TRLV_171_0,60
TRLV_171_1,60
TRLV_172_0,60
TRLV_172_1,60
TRLV_173_0,60
TRLV_173_1,60
TRLV_174_0,60
TRLV_174_1,60
TRLV_175_0,60
TRLV_176_0,60
TRLV_177_0,60
TRLV_178_0,60
TRLV_178_1,60
TRLV_179_0,60
TRLV_179_1,60
TRLV_18_0,60
TRLV_180_0,60
TRLV_180_1,60
TRLV_181_0,60
TRLV_181_1,60
TRLV_182_0,60
TRLV_182_1,60
TRLV_183_0,60
TRLV_183_1,60
TRLV_184_0,60
TRLV_184_1,60
TRLV_185_0,60
TRLV_185_1,60
TRLV_186_0,60
TRLV_186_1,60
TRLV_187_0,60
TRLV_187_1,60
TRLV_188_0,60
TRLV_188_1,60
TRLV_189_0,60
TRLV_189_1,60
TRLV_19_0,60
TRLV_190_0,60
TRLV_190_1,60
TRLV_191_0,60
TRLV_191_1,60
TRLV_192_0,60
TRLV_192_1,60
TRLV_193_0,60
TRLV_193_1,60
TRLV_194_0,60
TRLV_195_0,60
TRLV_196_0,60
TRLV_197_0,60
TRLV_197_1,60
TRLV_198_0,60
TRLV_198_1,60
TRLV_199_0,60
TRLV_199_1,60
TRLV_2_0,60
TRLV_20_0,60
TRLV_200_0,60
TRLV_200_1,60
TRLV_201_0,60
TRLV_201_1,60
TRLV_202_0,60
TRLV_202_1,60
TRLV_203_0,60
TRLV_203_1,60
TRLV_204_0,60
TRLV_204_1,60
TRLV_205_0,60
TRLV_205_1,60
TRLV_206_0,60
TRLV_206_1,60
TRLV_207_0,60
TRLV_207_1,60
TRLV_208_0,60
TRLV_208_1,60
TRLV_209_0,60
TRLV_209_1,60
TRLV_21_0,60
TRLV_210_0,60
TRLV_211_0,60
TRLV_212_0,60
TRLV_213_0,60
TRLV_214_0,60
TRLV_215_0,60
TRLV_216_0,60
TRLV_217_0,60
TRLV_217_1,60
TRLV_218_0,60
TRLV_218_1,60
TRLV_219_0,60
TRLV_219_1,60
TRLV_22_0,60
TRLV_220_0,60
TRLV_220_1,60
TRLV_221_0,60
TRLV_221_1,60
TRLV_222_0,60
TRLV_222_1,60
TRLV_223_0,60
TRLV_223_1,60
TRLV_224_0,60
TRLV_224_1,60
TRLV_225_0,60
TRLV_225_1,60
TRLV_226_0,60
TRLV_226_1,60
TRLV_227_0,60
TRLV_227_1,60
TRLV_228_0,60
TRLV_228_1,60
TRLV_229_0,60
TRLV_229_1,60
TRLV_23_0,60
TRLV_230_0,60
TRLV_231_0,60
TRLV_232_0,60
TRLV_232_1,60
TRLV_233_0,60
TRLV_233_1,60
TRLV_234_0,60
TRLV_235_0,60
TRLV_236_0,60
TRLV_237_0,60
TRLV_237_1,60
TRLV_238_0,60
TRLV_238_1,60
TRLV_239_0,60
TRLV_239_1,60
TRLV_24_0,60
TRLV_240_0,60
TRLV_240_1,60
TRLV_241_0,60
TRLV_241_1,60
TRLV_242_0,60
TRLV_242_1,60
TRLV_243_0,60
TRLV_243_1,60
TRLV_244_0,60
TRLV_244_1,60
TRLV_245_0,60
TRLV_245_1,60
TRLV_246_0,60
TRLV_246_1,60
TRLV_247_0,60
TRLV_247_1,60
TRLV_248_0,60
TRLV_248_1,60
TRLV_249_0,60
TRLV_249_1,60
TRLV_25_0,60
TRLV_250_0,60
TRLV_250_1,60
TRLV_251_0,60
TRLV_251_1,60
TRLV_252_0,60
TRLV_252_1,60
TRLV_253_0,60
TRLV_253_1,60
TRLV_254_0,60
TRLV_255_0,60
TRLV_256_0,60
TRLV_257_0,60
TRLV_257_1,60
TRLV_258_0,60
TRLV_258_1,60
TRLV_259_0,60
TRLV_259_1,60
TRLV_26_0,60
TRLV_260_0,60
TRLV_260_1,60
TRLV_261_0,60
TRLV_261_1,60
TRLV_262_0,60
TRLV_262_1,60
TRLV_263_0,60
TRLV_263_1,60
TRLV_264_0,60
TRLV_264_1,60
TRLV_265_0,60
TRLV_265_1,60
TRLV_266_0,60
TRLV_266_1,60
TRLV_267_0,60
TRLV_267_1,60
TRLV_268_0,60
TRLV_268_1,60
TRLV_269_0,60
TRLV_269_1,60
TRLV_27_0,60
TRLV_270_0,60
TRLV_270_1,60
TRLV_271_0,60
TRLV_271_1,60
TRLV_272_0,60
TRLV_272_1,60
TRLV_273_0,60
TRLV_274_0,60
TRLV_275_0,60
TRLV_276_0,60
TRLV_277_0,60
TRLV_277_1,60
TRLV_278_0,60
TRLV_278_1,60
TRLV_279_0,60
TRLV_279_1,60
TRLV_28_0,60
TRLV_280_0,60
TRLV_280_1,60
TRLV_281_0,60
TRLV_281_1,60
TRLV_282_0,60
TRLV_282_1,60
TRLV_283_0,60
TRLV_283_1,60
TRLV_284_0,60
TRLV_284_1,60
TRLV_285_0,60
TRLV_285_1,60
TRLV_286_0,60
TRLV_286_1,60
TRLV_287_0,60
TRLV_287_1,60
TRLV_288_0,60
TRLV_288_1,60
TRLV_289_0,60
TRLV_29_0,60
TRLV_290_0,60
TRLV_291_0,60
TRLV_291_1,60
TRLV_292_0,60
TRLV_292_1,60
TRLV_293_0,60
TRLV_294_0,60
TRLV_295_0,60
TRLV_296_0,60
TRLV_297_0,60
TRLV_297_1,60
TRLV_298_0,60
TRLV_298_1,60
TRLV_299_0,60
TRLV_299_1,60
TRLV_3_0,60
TRLV_30_0,60
TRLV_30_1,60
TRLV_300_0,60
TRLV_300_1,60
TRLV_301_0,60
TRLV_301_1,60
TRLV_302_0,60
TRLV_302_1,60
TRLV_303_0,60
TRLV_303_1,60
TRLV_304_0,60
TRLV_304_1,60
TRLV_305_0,60
TRLV_305_1,60
TRLV_306_0,60
TRLV_307_0,60
TRLV_308_0,60
TRLV_309_0,60
TRLV_31_0,60
TRLV_310_0,60
TRLV_310_1,60
TRLV_311_0,60
TRLV_312_0,60
TRLV_313_0,60
TRLV_314_0,60
TRLV_314_1,60
TRLV_315_0,60
TRLV_315_1,60
TRLV_316_0,60
TRLV_316_1,60
TRLV_317_0,60
TRLV_317_1,60
TRLV_318_0,60
TRLV_318_1,60
TRLV_319_0,60
TRLV_319_1,60
TRLV_32_0,60
TRLV_320_0,60
TRLV_320_1,60
TRLV_321_0,60
TRLV_321_1,60
TRLV_322_0,60
TRLV_322_1,60
TRLV_323_0,60
TRLV_324_0,60
TRLV_325_0,60
TRLV_326_0,60
TRLV_327_0,60
TRLV_327_1,60
TRLV_328_0,60
TRLV_329_0,60
TRLV_329_1,60
TRLV_33_0,60
TRLV_33_1,60
TRLV_330_0,60
TRLV_330_1,60
TRLV_331_0,60
TRLV_331_1,60
TRLV_332_0,60
TRLV_332_1,60
TRLV_333_0,60
TRLV_333_1,60
TRLV_334_0,60
TRLV_334_1,60
TRLV_335_0,60
TRLV_335_1,60
TRLV_336_0,60
TRLV_336_1,60
TRLV_337_0,60
TRLV_337_1,60
TRLV_338_0,60
TRLV_339_0,60
TRLV_34_0,60
TRLV_34_1,60
TRLV_340_0,60
TRLV_341_0,60
TRLV_341_1,60
TRLV_342_0,60
TRLV_342_1,60
TRLV_343_0,60
TRLV_343_1,60
TRLV_344_0,60
TRLV_344_1,60
TRLV_345_0,60
TRLV_345_1,60
TRLV_346_0,60
TRLV_346_1,60
TRLV_347_0,60
TRLV_347_1,60
TRLV_348_0,60
TRLV_348_1,60
TRLV_349_0,60
TRLV_35_0,60
TRLV_350_0,60
TRLV_351_0,60
TRLV_352_0,60
TRLV_352_1,60
TRLV_353_0,60
TRLV_353_1,60
TRLV_354_0,60
TRLV_354_1,60
TRLV_355_0,60
TRLV_355_1,60
TRLV_356_0,60
TRLV_356_1,60
TRLV_357_0,60
TRLV_358_0,60
TRLV_358_1,60
TRLV_359_0,60
TRLV_359_1,60
TRLV_36_0,60
TRLV_360_0,60
TRLV_360_1,60
TRLV_361_0,60
TRLV_361_1,60
TRLV_362_0,60
TRLV_362_1,60
TRLV_363_0,60
TRLV_363_1,60
TRLV_364_0,60
TRLV_364_1,60
TRLV_365_0,60
TRLV_365_1,60
TRLV_366_0,60
TRLV_366_1,60
TRLV_367_0,60
TRLV_367_1,60
TRLV_368_0,60
TRLV_368_1,60
TRLV_369_0,60
TRLV_369_1,60
TRLV_37_0,60
TRLV_37_1,60
TRLV_370_0,60
TRLV_370_1,60
TRLV_371_0,60
TRLV_371_1,60
TRLV_372_0,60
TRLV_373_0,60
TRLV_373_1,60
TRLV_374_0,60
TRLV_374_1,60
TRLV_375_0,60
TRLV_375_1,60
TRLV_376_0,60
TRLV_376_1,60
TRLV_377_0,60
TRLV_378_0,60
TRLV_38_0,60
TRLV_39_0,60
TRLV_39_1,60
TRLV_4_0,60
TRLV_40_0,60
TRLV_41_0,60
TRLV_42_0,60
TRLV_42_1,60
TRLV_43_0,60
TRLV_43_1,60
TRLV_44_0,60
TRLV_45_0,60
TRLV_46_0,60
TRLV_47_0,60
TRLV_48_0,60
TRLV_48_1,60
TRLV_49_0,60
TRLV_49_1,60
TRLV_5_0,60
TRLV_5_1,60
TRLV_50_0,60
TRLV_50_1,60
TRLV_51_0,60
TRLV_51_1,60
TRLV_52_0,60
TRLV_52_1,60
TRLV_53_0,60
TRLV_53_1,60
TRLV_54_0,60
TRLV_55_0,60
TRLV_56_0,60
TRLV_57_0,60
TRLV_58_0,60
TRLV_58_1,60
TRLV_59_0,60
TRLV_59_1,60
TRLV_6_0,60
TRLV_6_1,60
TRLV_60_0,60
TRLV_61_0,60
TRLV_62_0,60
TRLV_63_0,60
TRLV_64_0,60
TRLV_65_0,60
TRLV_66_0,60
TRLV_67_0,60
TRLV_68_0,60
TRLV_69_0,60
TRLV_7_0,60
TRLV_70_0,60
TRLV_71_0,60
TRLV_72_0,60
TRLV_72_1,60
TRLV_73_0,60
TRLV_73_1,60
TRLV_74_0,60
TRLV_74_1,60
TRLV_75_0,60
TRLV_76_0,60
TRLV_77_0,60
TRLV_78_0,60
TRLV_79_0,60
TRLV_8_0,60
TRLV_8_1,60
TRLV_80_0,60
TRLV_81_0,60
TRLV_82_0,60
TRLV_83_0,60
TRLV_84_0,60
TRLV_85_0,60
TRLV_86_0,60
TRLV_87_0,60
TRLV_87_1,60
TRLV_88_0,60
TRLV_88_1,60
TRLV_89_0,60
TRLV_9_0,60
TRLV_90_0,60
TRLV_91_0,60
TRLV_91_1,60
TRLV_92_0,60
TRLV_92_1,60
TRLV_93_0,60
TRLV_94_0,60
TRLV_95_0,60
TRLV_96_0,60
TRLV_97_0,60
TRLV_98_0,60
TRLV_99_0,60
WI_1,20
WI_10,20
WI_100,20
WI_101,20
WI_102,20
WI_103,20
WI_104,20
WI_105,20
WI_106,20
WI_107,20
WI_108,20
WI_109,20
WI_11,20
WI_110,20
WI_111,20
WI_112,20
WI_113,20
WI_114,20
WI_115,20
WI_116,20
WI_117,20
WI_118,20
WI_119,20
WI_12,20
WI_120,20
WI_121,20
WI_122,20
WI_123,20
WI_124,20
WI_125,20
WI_126,20
WI_127,20
WI_128,20
WI_129,20
WI_13,20
WI_130,20
WI_131,20
WI_132,20
WI_133,20
WI_134,20
WI_135,20
WI_136,20
WI_137,20
WI_138,20
WI_139,20
WI_14,20
WI_140,20
WI_141,20
WI_142,20
WI_143,20
WI_144,20
WI_145,20
WI_146,20
WI_147,20
WI_148,20
WI_149,20
WI_15,20
WI_150,20
WI_151,20
WI_152,20
WI_153,20
WI_154,20
WI_155,20
WI_156,20
WI_157,20
WI_158,20
WI_159,20
WI_16,20
WI_160,20
WI_161,20
WI_162,20
WI_163,20
WI_164,20
WI_165,20
WI_166,20
WI_167,20
WI_168,20
WI_169,20
WI_17,20
WI_170,20
WI_171,20
WI_172,20
WI_173,20
WI_174,20
WI_175,20
WI_176,20
WI_177,20
WI_178,20
WI_179,20
WI_18,20
WI_180,20
WI_181,20
WI_182,20
WI_183,20
WI_184,20
WI_185,20
WI_186,20
WI_187,20
WI_188,20
WI_189,20
WI_19,20
WI_190,20
WI_191,20
WI_192,20
WI_193,20
WI_194,20
WI_195,20
WI_196,20
WI_197,20
WI_198,20
WI_199,20
WI_2,20
WI_20,20
WI_200,20
WI_201,20
WI_202,20
WI_203,20
WI_204,20
WI_205,20
WI_206,20
WI_207,20
WI_208,20
WI_209,20
WI_21,20
WI_210,20
WI_211,20
WI_212,20
WI_213,20
WI_214,20
WI_215,20
WI_216,20
WI_217,20
WI_218,20
WI_219,20
WI_22,20
WI_220,20
WI_221,20
WI_222,20
WI_223,20
WI_224,20
WI_225,20
WI_226,20
WI_227,20
WI_228,20
WI_229,20
WI_23,20
WI_230,20
WI_231,20
WI_232,20
WI_233,20
WI_234,20
WI_235,20
WI_236,20
WI_237,20
WI_238,20
WI_239,20
WI_24,20
WI_240,20
WI_241,20
WI_242,20
WI_243,20
WI_244,20
WI_245,20
WI_246,20
WI_247,20
WI_248,20
WI_249,20
WI_25,20
WI_250,20
WI_251,20
WI_252,20
WI_253,20
WI_254,20
WI_255,20
WI_256,20
WI_257,20
WI_258,20
WI_259,20
WI_26,20
WI_260,20
WI_261,20
WI_262,20
WI_263,20
WI_264,20
WI_265,20
WI_266,20
WI_267,20
WI_268,20
WI_269,20
WI_27,20
WI_270,20
WI_271,20
WI_272,20
WI_273,20
WI_274,20
WI_275,20
WI_276,20
WI_277,20
WI_278,20
WI_279,20
WI_28,20
WI_280,20
WI_281,20
WI_282,20
WI_283,20
WI_284,20
WI_285,20
WI_286,20
WI_287,20
WI_288,20
WI_289,20
WI_29,20
WI_290,20
WI_291,20
WI_292,20
WI_293,20
WI_294,20
WI_295,20
WI_296,20
WI_297,20
WI_298,20
WI_299,20
WI_3,20
WI_30,20
WI_300,20
WI_301,20
WI_302,20
WI_303,20
WI_304,20
WI_305,20
WI_306,20
WI_307,20
WI_308,20
WI_309,20
WI_31,20
WI_310,20
WI_311,20
WI_312,20
WI_313,20
WI_314,20
WI_315,20
WI_316,20
WI_317,20
WI_318,20
WI_319,20
WI_32,20
WI_320,20
WI_321,20
WI_322,20
WI_323,20
WI_324,20
WI_325,20
WI_326,20
WI_327,20
WI_328,20
WI_329,20
WI_33,20
WI_330,20
WI_331,20
WI_332,20
WI_333,20
WI_334,20
WI_335,20
WI_336,20
WI_337,20
WI_338,20
WI_339,20
WI_34,20
WI_340,20
WI_341,20
WI_342,20
WI_343,20
WI_344,20
WI_345,20
WI_346,20
WI_347,20
WI_348,20
WI_349,20
WI_35,20
WI_350,20
WI_351,20
WI_352,20
WI_353,20
WI_354,20
WI_355,20
WI_356,20
WI_357,20
WI_358,20
WI_359,20
WI_36,20
WI_360,20
WI_361,20
WI_362,20
WI_363,20
WI_364,20
WI_365,20
WI_366,20
WI_367,20
WI_368,20
WI_369,20
WI_37,20
WI_370,20
WI_371,20
WI_372,20
WI_373,20
WI_374,20
WI_375,20
WI_376,20
WI_377,20
WI_378,20
WI_38,20
WI_39,20
WI_4,20
WI_40,20
WI_41,20
WI_42,20
WI_43,20
WI_44,20
WI_45,20
WI_46,20
WI_47,20
WI_48,20
WI_49,20
WI_5,20
WI_50,20
WI_51,20
WI_52,20
WI_53,20
WI_54,20
WI_55,20
WI_56,20
WI_57,20
WI_58,20
WI_59,20
WI_6,20
WI_60,20
WI_61,20
WI_62,20
WI_63,20
WI_64,20
WI_65,20
WI_66,20
WI_67,20
WI_68,20
WI_69,20
WI_7,20
WI_70,20
WI_71,20
WI_72,20
WI_73,20
WI_74,20
WI_75,20
WI_76,20
WI_77,20
WI_78,20
WI_79,20
WI_8,20
WI_80,20
WI_81,20
WI_82,20
WI_83,20
WI_84,20
WI_85,20
WI_86,20
WI_87,20
WI_88,20
WI_89,20
WI_9,20
WI_90,20
WI_91,20
WI_92,20
WI_93,20
WI_94,20
WI_95,20
WI_96,20
WI_97,20
WI_98,20
WI_99,20
WI13h_1,20
WI13h_10,20
WI13h_100,20
WI13h_101,20
WI13h_102,20
WI13h_103,20
WI13h_104,20
WI13h_105,20
WI13h_106,20
WI13h_107,20
WI13h_108,20
WI13h_109,20
WI13h_11,20
WI13h_110,20
WI13h_111,20
WI13h_112,20
WI13h_113,20
WI13h_114,20
WI13h_115,20
WI13h_116,20
WI13h_117,20
WI13h_118,20
WI13h_119,20
WI13h_12,20
WI13h_120,20
WI13h_121,20
WI13h_122,20
WI13h_123,20
WI13h_124,20
WI13h_125,20
WI13h_126,20
WI13h_127,20
WI13h_128,20
WI13h_129,20
WI13h_13,20
WI13h_130,20
WI13h_131,20
WI13h_132,20
WI13h_133,20
WI13h_134,20
WI13h_135,20
WI13h_136,20
WI13h_137,20
WI13h_138,20
WI13h_139,20
WI13h_14,20
WI13h_140,20
WI13h_141,20
WI13h_142,20
WI13h_143,20
WI13h_144,20
WI13h_145,20
WI13h_146,20
WI13h_147,20
WI13h_148,20
WI13h_149,20
WI13h_15,20
WI13h_150,20
WI13h_151,20
WI13h_152,20
WI13h_153,20
WI13h_154,20
WI13h_155,20
WI13h_156,20
WI13h_157,20
WI13h_158,20
WI13h_159,20
WI13h_16,20
WI13h_160,20
WI13h_161,20
WI13h_162,20
WI13h_163,20
WI13h_164,20
WI13h_165,20
WI13h_166,20
WI13h_167,20
WI13h_168,20
WI13h_169,20
WI13h_17,20
WI13h_170,20
WI13h_171,20
WI13h_172,20
WI13h_173,20
WI13h_174,20
WI13h_175,20
WI13h_176,20
WI13h_177,20
WI13h_178,20
WI13h_179,20
WI13h_18,20
WI13h_180,20
WI13h_181,20
WI13h_182,20
WI13h_183,20
WI13h_184,20
WI13h_185,20
WI13h_186,20
WI13h_187,20
WI13h_188,20
WI13h_189,20
WI13h_19,20
WI13h_190,20
WI13h_191,20
WI13h_192,20
WI13h_193,20
WI13h_194,20
WI13h_195,20
WI13h_196,20
WI13h_197,20
WI13h_198,20
WI13h_199,20
WI13h_2,20
WI13h_20,20
WI13h_200,20
WI13h_201,20
WI13h_202,20
WI13h_203,20
WI13h_204,20
WI13h_205,20
WI13h_206,20
WI13h_207,20
WI13h_208,20
WI13h_209,20
WI13h_21,20
WI13h_210,20
WI13h_211,20
WI13h_212,20
WI13h_213,20
WI13h_214,20
WI13h_215,20
WI13h_216,20
WI13h_217,20
WI13h_218,20
WI13h_219,20
WI13h_22,20
WI13h_220,20
WI13h_221,20
WI13h_222,20
WI13h_223,20
WI13h_224,20
WI13h_225,20
WI13h_226,20
WI13h_227,20
WI13h_228,20
WI13h_229,20
WI13h_23,20
WI13h_230,20
WI13h_231,20
WI13h_232,20
WI13h_233,20
WI13h_234,20
WI13h_235,20
WI13h_236,20
WI13h_237,20
WI13h_238,20
WI13h_239,20
WI13h_24,20
WI13h_240,20
WI13h_241,20
WI13h_242,20
WI13h_243,20
WI13h_244,20
WI13h_245,20
WI13h_246,20
WI13h_247,20
WI13h_248,20
WI13h_249,20
WI13h_25,20
WI13h_250,20
WI13h_251,20
WI13h_252,20
WI13h_253,20
WI13h_254,20
WI13h_255,20
WI13h_256,20
WI13h_257,20
WI13h_258,20
WI13h_259,20
WI13h_26,20
WI13h_260,20
WI13h_261,20
WI13h_262,20
WI13h_263,20
WI13h_264,20
WI13h_265,20
WI13h_266,20
WI13h_267,20
WI13h_268,20
WI13h_269,20
WI13h_27,20
WI13h_270,20
WI13h_271,20
WI13h_272,20
WI13h_273,20
WI13h_274,20
WI13h_275,20
WI13h_276,20
WI13h_277,20
WI13h_278,20
WI13h_279,20
WI13h_28,20
WI13h_280,20
WI13h_281,20
WI13h_282,20
WI13h_283,20
WI13h_284,20
WI13h_285,20
WI13h_286,20
WI13h_287,20
WI13h_288,20
WI13h_289,20
WI13h_29,20
WI13h_290,20
WI13h_291,20
WI13h_292,20
WI13h_293,20
WI13h_294,20
WI13h_295,20
WI13h_296,20
WI13h_297,20
WI13h_298,20
WI13h_299,20
WI13h_3,20
WI13h_30,20
WI13h_300,20
WI13h_301,20
WI13h_302,20
WI13h_303,20
WI13h_304,20
WI13h_305,20
WI13h_306,20
WI13h_307,20
WI13h_308,20
WI13h_309,20
WI13h_31,20
WI13h_310,20
WI13h_311,20
WI13h_312,20
WI13h_313,20
WI13h_314,20
WI13h_315,20
WI13h_316,20
WI13h_317,20
WI13h_318,20
WI13h_319,20
WI13h_32,20
WI13h_320,20
WI13h_321,20
WI13h_322,20
WI13h_323,20
WI13h_324,20
WI13h_325,20
WI13h_326,20
WI13h_327,20
WI13h_328,20
WI13h_329,20
WI13h_33,20
WI13h_330,20
WI13h_331,20
WI13h_332,20
WI13h_333,20
WI13h_334,20
WI13h_335,20
WI13h_336,20
WI13h_337,20
WI13h_338,20
WI13h_339,20
WI13h_34,20
WI13h_340,20
WI13h_341,20
WI13h_342,20
WI13h_343,20
WI13h_344,20
WI13h_345,20
WI13h_346,20
WI13h_347,20
WI13h_348,20
WI13h_349,20
WI13h_35,20
WI13h_350,20
WI13h_351,20
WI13h_352,20
WI13h_353,20
WI13h_354,20
WI13h_355,20
WI13h_356,20
WI13h_357,20
WI13h_358,20
WI13h_359,20
WI13h_36,20
WI13h_360,20
WI13h_361,20
WI13h_362,20
WI13h_363,20
WI13h_364,20
WI13h_365,20
WI13h_366,20
WI13h_367,20
WI13h_368,20
WI13h_369,20
WI13h_37,20
WI13h_370,20
WI13h_371,20
WI13h_372,20
WI13h_373,20
WI13h_374,20
WI13h_375,20
WI13h_376,20
WI13h_377,20
WI13h_378,20
WI13h_38,20
WI13h_39,20
WI13h_4,20
WI13h_40,20
WI13h_41,20
WI13h_42,20
WI13h_43,20
WI13h_44,20
WI13h_45,20
WI13h_46,20
WI13h_47,20
WI13h_48,20
WI13h_49,20
WI13h_5,20
WI13h_50,20
WI13h_51,20
WI13h_52,20
WI13h_53,20
WI13h_54,20
WI13h_55,20
WI13h_56,20
WI13h_57,20
WI13h_58,20
WI13h_59,20
WI13h_6,20
WI13h_60,20
WI13h_61,20
WI13h_62,20
WI13h_63,20
WI13h_64,20
WI13h_65,20
WI13h_66,20
WI13h_67,20
WI13h_68,20
WI13h_69,20
WI13h_7,20
WI13h_70,20
WI13h_71,20
WI13h_72,20
WI13h_73,20
WI13h_74,20
WI13h_75,20
WI13h_76,20
WI13h_77,20
WI13h_78,20
WI13h_79,20
WI13h_8,20
WI13h_80,20
WI13h_81,20
WI13h_82,20
WI13h_83,20
WI13h_84,20
WI13h_85,20
WI13h_86,20
WI13h_87,20
WI13h_88,20
WI13h_89,20
WI13h_9,20
WI13h_90,20
WI13h_91,20
WI13h_92,20
WI13h_93,20
WI13h_94,20
WI13h_95,20
WI13h_96,20
WI13h_97,20
WI13h_98,20
WI13h_99,20
