Technology,Fixed Cost
KEDSGEN_1,15
KEDSGEN_10,15
KEDSGEN_100,15
KEDSGEN_101,15
KEDSGEN_102,15
KEDSGEN_103,15
KEDSGEN_104,15
KEDSGEN_105,15
KEDSGEN_106,15
KEDSGEN_107,15
KEDSGEN_108,15
KEDSGEN_109,15
KEDSGEN_11,15
KEDSGEN_110,15
KEDSGEN_111,15
KEDSGEN_112,15
KEDSGEN_113,15
KEDSGEN_114,15
KEDSGEN_115,15
KEDSGEN_116,15
KEDSGEN_117,15
KEDSGEN_118,15
KEDSGEN_119,15
KEDSGEN_12,15
KEDSGEN_120,15
KEDSGEN_121,15
KEDSGEN_122,15
KEDSGEN_123,15
KEDSGEN_124,15
KEDSGEN_125,15
KEDSGEN_126,15
KEDSGEN_127,15
KEDSGEN_128,15
KEDSGEN_129,15
KEDSGEN_13,15
KEDSGEN_130,15
KEDSGEN_131,15
KEDSGEN_132,15
KEDSGEN_133,15
KEDSGEN_134,15
KEDSGEN_135,15
KEDSGEN_136,15
KEDSGEN_137,15
KEDSGEN_138,15
KEDSGEN_139,15
KEDSGEN_14,15
KEDSGEN_140,15
KEDSGEN_141,15
KEDSGEN_142,15
KEDSGEN_143,15
KEDSGEN_144,15
KEDSGEN_145,15
KEDSGEN_146,15
KEDSGEN_147,15
KEDSGEN_148,15
KEDSGEN_149,15
KEDSGEN_15,15
KEDSGEN_150,15
KEDSGEN_151,15
KEDSGEN_152,15
KEDSGEN_153,15
KEDSGEN_154,15
KEDSGEN_155,15
KEDSGEN_156,15
KEDSGEN_157,15
KEDSGEN_158,15
KEDSGEN_159,15
KEDSGEN_16,15
KEDSGEN_160,15
KEDSGEN_161,15
KEDSGEN_162,15
KEDSGEN_163,15
KEDSGEN_164,15
KEDSGEN_165,15
KEDSGEN_166,15
KEDSGEN_167,15
KEDSGEN_168,15
KEDSGEN_169,15
KEDSGEN_17,15
KEDSGEN_170,15
KEDSGEN_171,15
KEDSGEN_172,15
KEDSGEN_173,15
KEDSGEN_174,15
KEDSGEN_175,15
KEDSGEN_176,15
KEDSGEN_177,15
KEDSGEN_178,15
KEDSGEN_179,15
KEDSGEN_18,15
KEDSGEN_180,15
KEDSGEN_181,15
KEDSGEN_182,15
KEDSGEN_183,15
KEDSGEN_184,15
KEDSGEN_185,15
KEDSGEN_186,15
KEDSGEN_187,15
KEDSGEN_188,15
KEDSGEN_189,15
KEDSGEN_19,15
KEDSGEN_190,15
KEDSGEN_191,15
KEDSGEN_192,15
KEDSGEN_193,15
KEDSGEN_194,15
KEDSGEN_195,15
KEDSGEN_196,15
KEDSGEN_197,15
KEDSGEN_198,15
KEDSGEN_199,15
KEDSGEN_2,15
KEDSGEN_20,15
KEDSGEN_200,15
KEDSGEN_201,15
KEDSGEN_202,15
KEDSGEN_203,15
KEDSGEN_204,15
KEDSGEN_205,15
KEDSGEN_206,15
KEDSGEN_207,15
KEDSGEN_208,15
KEDSGEN_209,15
KEDSGEN_21,15
KEDSGEN_210,15
KEDSGEN_211,15
KEDSGEN_212,15
KEDSGEN_213,15
KEDSGEN_214,15
KEDSGEN_215,15
KEDSGEN_216,15
KEDSGEN_217,15
KEDSGEN_218,15
KEDSGEN_219,15
KEDSGEN_22,15
KEDSGEN_220,15
KEDSGEN_221,15
KEDSGEN_222,15
KEDSGEN_223,15
KEDSGEN_224,15
KEDSGEN_225,15
KEDSGEN_226,15
KEDSGEN_227,15
KEDSGEN_228,15
KEDSGEN_229,15
KEDSGEN_23,15
KEDSGEN_230,15
KEDSGEN_231,15
KEDSGEN_232,15
KEDSGEN_233,15
KEDSGEN_234,15
KEDSGEN_235,15
KEDSGEN_236,15
KEDSGEN_237,15
KEDSGEN_238,15
KEDSGEN_239,15
KEDSGEN_24,15
KEDSGEN_240,15
KEDSGEN_241,15
KEDSGEN_242,15
KEDSGEN_243,15
KEDSGEN_244,15
KEDSGEN_245,15
KEDSGEN_246,15
KEDSGEN_247,15
KEDSGEN_248,15
KEDSGEN_249,15
KEDSGEN_25,15
KEDSGEN_250,15
KEDSGEN_251,15
KEDSGEN_252,15
KEDSGEN_253,15
KEDSGEN_254,15
KEDSGEN_255,15
KEDSGEN_256,15
KEDSGEN_257,15
KEDSGEN_258,15
KEDSGEN_259,15
KEDSGEN_26,15
KEDSGEN_260,15
KEDSGEN_261,15
KEDSGEN_262,15
KEDSGEN_263,15
KEDSGEN_264,15
KEDSGEN_265,15
KEDSGEN_266,15
KEDSGEN_267,15
KEDSGEN_268,15
KEDSGEN_269,15
KEDSGEN_27,15
KEDSGEN_270,15
KEDSGEN_271,15
KEDSGEN_272,15
KEDSGEN_273,15
KEDSGEN_274,15
KEDSGEN_275,15
KEDSGEN_276,15
KEDSGEN_277,15
KEDSGEN_278,15
KEDSGEN_279,15
KEDSGEN_28,15
KEDSGEN_280,15
KEDSGEN_281,15
KEDSGEN_282,15
KEDSGEN_283,15
KEDSGEN_284,15
KEDSGEN_285,15
KEDSGEN_286,15
KEDSGEN_287,15
KEDSGEN_288,15
KEDSGEN_289,15
KEDSGEN_29,15
KEDSGEN_290,15
KEDSGEN_291,15
KEDSGEN_292,15
KEDSGEN_293,15
KEDSGEN_294,15
KEDSGEN_295,15
KEDSGEN_296,15
KEDSGEN_297,15
KEDSGEN_298,15
KEDSGEN_299,15
KEDSGEN_3,15
KEDSGEN_30,15
KEDSGEN_300,15
KEDSGEN_301,15
KEDSGEN_302,15
KEDSGEN_303,15
KEDSGEN_304,15
KEDSGEN_305,15
KEDSGEN_306,15
KEDSGEN_307,15
KEDSGEN_308,15
KEDSGEN_309,15
KEDSGEN_31,15
KEDSGEN_310,15
KEDSGEN_311,15
KEDSGEN_312,15
KEDSGEN_313,15
KEDSGEN_314,15
KEDSGEN_315,15
KEDSGEN_316,15
KEDSGEN_317,15
KEDSGEN_318,15
KEDSGEN_319,15
KEDSGEN_32,15
KEDSGEN_320,15
KEDSGEN_321,15
KEDSGEN_322,15
KEDSGEN_323,15
KEDSGEN_324,15
KEDSGEN_325,15
KEDSGEN_326,15
KEDSGEN_327,15
KEDSGEN_328,15
KEDSGEN_329,15
KEDSGEN_33,15
KEDSGEN_330,15
KEDSGEN_331,15
KEDSGEN_332,15
KEDSGEN_333,15
KEDSGEN_334,15
KEDSGEN_335,15
KEDSGEN_336,15
KEDSGEN_337,15
KEDSGEN_338,15
KEDSGEN_339,15
KEDSGEN_34,15
KEDSGEN_340,15
KEDSGEN_341,15
KEDSGEN_342,15
KEDSGEN_343,15
KEDSGEN_344,15
KEDSGEN_345,15
KEDSGEN_346,15
KEDSGEN_347,15
KEDSGEN_348,15
KEDSGEN_349,15
KEDSGEN_35,15
KEDSGEN_350,15
KEDSGEN_351,15
KEDSGEN_352,15
KEDSGEN_353,15
KEDSGEN_354,15
KEDSGEN_355,15
KEDSGEN_356,15
KEDSGEN_357,15
KEDSGEN_358,15
KEDSGEN_359,15
KEDSGEN_36,15
KEDSGEN_360,15
KEDSGEN_361,15
KEDSGEN_362,15
KEDSGEN_363,15
KEDSGEN_364,15
KEDSGEN_365,15
KEDSGEN_366,15
KEDSGEN_367,15
KEDSGEN_368,15
KEDSGEN_369,15
KEDSGEN_37,15
KEDSGEN_370,15
KEDSGEN_371,15
KEDSGEN_372,15
KEDSGEN_373,15
KEDSGEN_374,15
KEDSGEN_375,15
KEDSGEN_376,15
KEDSGEN_377,15
KEDSGEN_378,15
KEDSGEN_38,15
KEDSGEN_39,15
KEDSGEN_4,15
KEDSGEN_40,15
KEDSGEN_41,15
KEDSGEN_42,15
KEDSGEN_43,15
KEDSGEN_44,15
KEDSGEN_45,15
KEDSGEN_46,15
KEDSGEN_47,15
KEDSGEN_48,15
KEDSGEN_49,15
KEDSGEN_5,15
KEDSGEN_50,15
KEDSGEN_51,15
KEDSGEN_52,15
KEDSGEN_53,15
KEDSGEN_54,15
KEDSGEN_55,15
KEDSGEN_56,15
KEDSGEN_57,15
KEDSGEN_58,15
KEDSGEN_59,15
KEDSGEN_6,15
KEDSGEN_60,15
KEDSGEN_61,15
KEDSGEN_62,15
KEDSGEN_63,15
KEDSGEN_64,15
KEDSGEN_65,15
KEDSGEN_66,15
KEDSGEN_67,15
KEDSGEN_68,15
KEDSGEN_69,15
KEDSGEN_7,15
KEDSGEN_70,15
KEDSGEN_71,15
KEDSGEN_72,15
KEDSGEN_73,15
KEDSGEN_74,15
KEDSGEN_75,15
KEDSGEN_76,15
KEDSGEN_77,15
KEDSGEN_78,15
KEDSGEN_79,15
KEDSGEN_8,15
KEDSGEN_80,15
KEDSGEN_81,15
KEDSGEN_82,15
KEDSGEN_83,15
KEDSGEN_84,15
KEDSGEN_85,15
KEDSGEN_86,15
KEDSGEN_87,15
KEDSGEN_88,15
KEDSGEN_89,15
KEDSGEN_9,15
KEDSGEN_90,15
KEDSGEN_91,15
KEDSGEN_92,15
KEDSGEN_93,15
KEDSGEN_94,15
KEDSGEN_95,15
KEDSGEN_96,15
KEDSGEN_97,15
KEDSGEN_98,15
KEDSGEN_99,15
SOMG_1,13
SOMG_10,13
SOMG_100,13
SOMG_101,13
SOMG_102,13
SOMG_103,13
SOMG_104,13
SOMG_105,13
SOMG_106,13
SOMG_107,13
SOMG_108,13
SOMG_109,13
SOMG_11,13
SOMG_110,13
SOMG_111,13
SOMG_112,13
SOMG_113,13
SOMG_114,13
SOMG_115,13
SOMG_116,13
SOMG_117,13
SOMG_118,13
SOMG_119,13
SOMG_12,13
SOMG_120,13
SOMG_121,13
SOMG_122,13
SOMG_123,13
SOMG_124,13
SOMG_125,13
SOMG_126,13
SOMG_127,13
SOMG_128,13
SOMG_129,13
SOMG_13,13
SOMG_130,13
SOMG_131,13
SOMG_132,13
SOMG_133,13
SOMG_134,13
SOMG_135,13
SOMG_136,13
SOMG_137,13
SOMG_138,13
SOMG_139,13
SOMG_14,13
SOMG_140,13
SOMG_141,13
SOMG_142,13
SOMG_143,13
SOMG_144,13
SOMG_145,13
SOMG_146,13
SOMG_147,13
SOMG_148,13
SOMG_149,13
SOMG_15,13
SOMG_150,13
SOMG_151,13
SOMG_152,13
SOMG_153,13
SOMG_154,13
SOMG_155,13
SOMG_156,13
SOMG_157,13
SOMG_158,13
SOMG_159,13
SOMG_16,13
SOMG_160,13
SOMG_161,13
SOMG_162,13
SOMG_163,13
SOMG_164,13
SOMG_165,13
SOMG_166,13
SOMG_167,13
SOMG_168,13
SOMG_169,13
SOMG_17,13
SOMG_170,13
SOMG_171,13
SOMG_172,13
SOMG_173,13
SOMG_174,13
SOMG_175,13
SOMG_176,13
SOMG_177,13
SOMG_178,13
SOMG_179,13
SOMG_18,13
SOMG_180,13
SOMG_181,13
SOMG_182,13
SOMG_183,13
SOMG_184,13
SOMG_185,13
SOMG_186,13
SOMG_187,13
SOMG_188,13
SOMG_189,13
SOMG_19,13
SOMG_190,13
SOMG_191,13
SOMG_192,13
SOMG_193,13
SOMG_194,13
SOMG_195,13
SOMG_196,13
SOMG_197,13
SOMG_198,13
SOMG_199,13
SOMG_2,13
SOMG_20,13
SOMG_200,13
SOMG_201,13
SOMG_202,13
SOMG_203,13
SOMG_204,13
SOMG_205,13
SOMG_206,13
SOMG_207,13
SOMG_208,13
SOMG_209,13
SOMG_21,13
SOMG_210,13
SOMG_211,13
SOMG_212,13
SOMG_213,13
SOMG_214,13
SOMG_215,13
SOMG_216,13
SOMG_217,13
SOMG_218,13
SOMG_219,13
SOMG_22,13
SOMG_220,13
SOMG_221,13
SOMG_222,13
SOMG_223,13
SOMG_224,13
SOMG_225,13
SOMG_226,13
SOMG_227,13
SOMG_228,13
SOMG_229,13
SOMG_23,13
SOMG_230,13
SOMG_231,13
SOMG_232,13
SOMG_233,13
SOMG_234,13
SOMG_235,13
SOMG_236,13
SOMG_237,13
SOMG_238,13
SOMG_239,13
SOMG_24,13
SOMG_240,13
SOMG_241,13
SOMG_242,13
SOMG_243,13
SOMG_244,13
SOMG_245,13
SOMG_246,13
SOMG_247,13
SOMG_248,13
SOMG_249,13
SOMG_25,13
SOMG_250,13
SOMG_251,13
SOMG_252,13
SOMG_253,13
SOMG_254,13
SOMG_255,13
SOMG_256,13
SOMG_257,13
SOMG_258,13
SOMG_259,13
SOMG_26,13
SOMG_260,13
SOMG_261,13
SOMG_262,13
SOMG_263,13
SOMG_264,13
SOMG_265,13
SOMG_266,13
SOMG_267,13
SOMG_268,13
SOMG_269,13
SOMG_27,13
SOMG_270,13
SOMG_271,13
SOMG_272,13
SOMG_273,13
SOMG_274,13
SOMG_275,13
SOMG_276,13
SOMG_277,13
SOMG_278,13
SOMG_279,13
SOMG_28,13
SOMG_280,13
SOMG_281,13
SOMG_282,13
SOMG_283,13
SOMG_284,13
SOMG_285,13
SOMG_286,13
SOMG_287,13
SOMG_288,13
SOMG_289,13
SOMG_29,13
SOMG_290,13
SOMG_291,13
SOMG_292,13
SOMG_293,13
SOMG_294,13
SOMG_295,13
SOMG_296,13
SOMG_297,13
SOMG_298,13
SOMG_299,13
SOMG_3,13
SOMG_30,13
SOMG_300,13
SOMG_301,13
SOMG_302,13
SOMG_303,13
SOMG_304,13
SOMG_305,13
SOMG_306,13
SOMG_307,13
SOMG_308,13
SOMG_309,13
SOMG_31,13
SOMG_310,13
SOMG_311,13
SOMG_312,13
SOMG_313,13
SOMG_314,13
SOMG_315,13
SOMG_316,13
SOMG_317,13
SOMG_318,13
SOMG_319,13
SOMG_32,13
SOMG_320,13
SOMG_321,13
SOMG_322,13
SOMG_323,13
SOMG_324,13
SOMG_325,13
SOMG_326,13
SOMG_327,13
SOMG_328,13
SOMG_329,13
SOMG_33,13
SOMG_330,13
SOMG_331,13
SOMG_332,13
SOMG_333,13
SOMG_334,13
SOMG_335,13
SOMG_336,13
SOMG_337,13
SOMG_338,13
SOMG_339,13
SOMG_34,13
SOMG_340,13
SOMG_341,13
SOMG_342,13
SOMG_343,13
SOMG_344,13
SOMG_345,13
SOMG_346,13
SOMG_347,13
SOMG_348,13
SOMG_349,13
SOMG_35,13
SOMG_350,13
SOMG_351,13
SOMG_352,13
SOMG_353,13
SOMG_354,13
SOMG_355,13
SOMG_356,13
SOMG_357,13
SOMG_358,13
SOMG_359,13
SOMG_36,13
SOMG_360,13
SOMG_361,13
SOMG_362,13
SOMG_363,13
SOMG_364,13
SOMG_365,13
SOMG_366,13
SOMG_367,13
SOMG_368,13
SOMG_369,13
SOMG_37,13
SOMG_370,13
SOMG_371,13
SOMG_372,13
SOMG_373,13
SOMG_374,13
SOMG_375,13
SOMG_376,13
SOMG_377,13
SOMG_378,13
SOMG_38,13
SOMG_39,13
SOMG_4,13
SOMG_40,13
SOMG_41,13
SOMG_42,13
SOMG_43,13
SOMG_44,13
SOMG_45,13
SOMG_46,13
SOMG_47,13
SOMG_48,13
SOMG_49,13
SOMG_5,13
SOMG_50,13
SOMG_51,13
SOMG_52,13
SOMG_53,13
SOMG_54,13
SOMG_55,13
SOMG_56,13
SOMG_57,13
SOMG_58,13
SOMG_59,13
SOMG_6,13
SOMG_60,13
SOMG_61,13
SOMG_62,13
SOMG_63,13
SOMG_64,13
SOMG_65,13
SOMG_66,13
SOMG_67,13
SOMG_68,13
SOMG_69,13
SOMG_7,13
SOMG_70,13
SOMG_71,13
SOMG_72,13
SOMG_73,13
SOMG_74,13
SOMG_75,13
SOMG_76,13
SOMG_77,13
SOMG_78,13
SOMG_79,13
SOMG_8,13
SOMG_80,13
SOMG_81,13
SOMG_82,13
SOMG_83,13
SOMG_84,13
SOMG_85,13
SOMG_86,13
SOMG_87,13
SOMG_88,13
SOMG_89,13
SOMG_9,13
SOMG_90,13
SOMG_91,13
SOMG_92,13
SOMG_93,13
SOMG_94,13
SOMG_95,13
SOMG_96,13
SOMG_97,13
SOMG_98,13
SOMG_99,13
SOMG8c_1,95
SOMG8c_10,95
SOMG8c_100,95
SOMG8c_101,95
SOMG8c_102,95
SOMG8c_103,95
SOMG8c_104,95
SOMG8c_105,95
SOMG8c_106,95
SOMG8c_107,95
SOMG8c_108,95
SOMG8c_109,95
SOMG8c_11,95
SOMG8c_110,95
SOMG8c_111,95
SOMG8c_112,95
SOMG8c_113,95
SOMG8c_114,95
SOMG8c_115,95
SOMG8c_116,95
SOMG8c_117,95
SOMG8c_118,95
SOMG8c_119,95
SOMG8c_12,95
SOMG8c_120,95
SOMG8c_121,95
SOMG8c_122,95
SOMG8c_123,95
SOMG8c_124,95
SOMG8c_125,95
SOMG8c_126,95
SOMG8c_127,95
SOMG8c_128,95
SOMG8c_129,95
SOMG8c_13,95
SOMG8c_130,95
SOMG8c_131,95
SOMG8c_132,95
SOMG8c_133,95
SOMG8c_134,95
SOMG8c_135,95
SOMG8c_136,95
SOMG8c_137,95
SOMG8c_138,95
SOMG8c_139,95
SOMG8c_14,95
SOMG8c_140,95
SOMG8c_141,95
SOMG8c_142,95
SOMG8c_143,95
SOMG8c_144,95
SOMG8c_145,95
SOMG8c_146,95
SOMG8c_147,95
SOMG8c_148,95
SOMG8c_149,95
SOMG8c_15,95
SOMG8c_150,95
SOMG8c_151,95
SOMG8c_152,95
SOMG8c_153,95
SOMG8c_154,95
SOMG8c_155,95
SOMG8c_156,95
SOMG8c_157,95
SOMG8c_158,95
SOMG8c_159,95
SOMG8c_16,95
SOMG8c_160,95
SOMG8c_161,95
SOMG8c_162,95
SOMG8c_163,95
SOMG8c_164,95
SOMG8c_165,95
SOMG8c_166,95
SOMG8c_167,95
SOMG8c_168,95
SOMG8c_169,95
SOMG8c_17,95
SOMG8c_170,95
SOMG8c_171,95
SOMG8c_172,95
SOMG8c_173,95
SOMG8c_174,95
SOMG8c_175,95
SOMG8c_176,95
SOMG8c_177,95
SOMG8c_178,95
SOMG8c_179,95
SOMG8c_18,95
SOMG8c_180,95
SOMG8c_181,95
SOMG8c_182,95
SOMG8c_183,95
SOMG8c_184,95
SOMG8c_185,95
SOMG8c_186,95
SOMG8c_187,95
SOMG8c_188,95
SOMG8c_189,95
SOMG8c_19,95
SOMG8c_190,95
SOMG8c_191,95
SOMG8c_192,95
SOMG8c_193,95
SOMG8c_194,95
SOMG8c_195,95
SOMG8c_196,95
SOMG8c_197,95
SOMG8c_198,95
SOMG8c_199,95
SOMG8c_2,95
SOMG8c_20,95
SOMG8c_200,95
SOMG8c_201,95
SOMG8c_202,95
SOMG8c_203,95
SOMG8c_204,95
SOMG8c_205,95
SOMG8c_206,95
SOMG8c_207,95
SOMG8c_208,95
SOMG8c_209,95
SOMG8c_21,95
SOMG8c_210,95
SOMG8c_211,95
SOMG8c_212,95
SOMG8c_213,95
SOMG8c_214,95
SOMG8c_215,95
SOMG8c_216,95
SOMG8c_217,95
SOMG8c_218,95
SOMG8c_219,95
SOMG8c_22,95
SOMG8c_220,95
SOMG8c_221,95
SOMG8c_222,95
SOMG8c_223,95
SOMG8c_224,95
SOMG8c_225,95
SOMG8c_226,95
SOMG8c_227,95
SOMG8c_228,95
SOMG8c_229,95
SOMG8c_23,95
SOMG8c_230,95
SOMG8c_231,95
SOMG8c_232,95
SOMG8c_233,95
SOMG8c_234,95
SOMG8c_235,95
SOMG8c_236,95
SOMG8c_237,95
SOMG8c_238,95
SOMG8c_239,95
SOMG8c_24,95
SOMG8c_240,95
SOMG8c_241,95
SOMG8c_242,95
SOMG8c_243,95
SOMG8c_244,95
SOMG8c_245,95
SOMG8c_246,95
SOMG8c_247,95
SOMG8c_248,95
SOMG8c_249,95
SOMG8c_25,95
SOMG8c_250,95
SOMG8c_251,95
SOMG8c_252,95
SOMG8c_253,95
SOMG8c_254,95
SOMG8c_255,95
SOMG8c_256,95
SOMG8c_257,95
SOMG8c_258,95
SOMG8c_259,95
SOMG8c_26,95
SOMG8c_260,95
SOMG8c_261,95
SOMG8c_262,95
SOMG8c_263,95
SOMG8c_264,95
SOMG8c_265,95
SOMG8c_266,95
SOMG8c_267,95
SOMG8c_268,95
SOMG8c_269,95
SOMG8c_27,95
SOMG8c_270,95
SOMG8c_271,95
SOMG8c_272,95
SOMG8c_273,95
SOMG8c_274,95
SOMG8c_275,95
SOMG8c_276,95
SOMG8c_277,95
SOMG8c_278,95
SOMG8c_279,95
SOMG8c_28,95
SOMG8c_280,95
SOMG8c_281,95
SOMG8c_282,95
SOMG8c_283,95
SOMG8c_284,95
SOMG8c_285,95
SOMG8c_286,95
SOMG8c_287,95
SOMG8c_288,95
SOMG8c_289,95
SOMG8c_29,95
SOMG8c_290,95
SOMG8c_291,95
SOMG8c_292,95
SOMG8c_293,95
SOMG8c_294,95
SOMG8c_295,95
SOMG8c_296,95
SOMG8c_297,95
SOMG8c_298,95
SOMG8c_299,95
SOMG8c_3,95
SOMG8c_30,95
SOMG8c_300,95
SOMG8c_301,95
SOMG8c_302,95
SOMG8c_303,95
SOMG8c_304,95
SOMG8c_305,95
SOMG8c_306,95
SOMG8c_307,95
SOMG8c_308,95
SOMG8c_309,95
SOMG8c_31,95
SOMG8c_310,95
SOMG8c_311,95
SOMG8c_312,95
SOMG8c_313,95
SOMG8c_314,95
SOMG8c_315,95
SOMG8c_316,95
SOMG8c_317,95
SOMG8c_318,95
SOMG8c_319,95
SOMG8c_32,95
SOMG8c_320,95
SOMG8c_321,95
SOMG8c_322,95
SOMG8c_323,95
SOMG8c_324,95
SOMG8c_325,95
SOMG8c_326,95
SOMG8c_327,95
SOMG8c_328,95
SOMG8c_329,95
SOMG8c_33,95
SOMG8c_330,95
SOMG8c_331,95
SOMG8c_332,95
SOMG8c_333,95
SOMG8c_334,95
SOMG8c_335,95
SOMG8c_336,95
SOMG8c_337,95
SOMG8c_338,95
SOMG8c_339,95
SOMG8c_34,95
SOMG8c_340,95
SOMG8c_341,95
SOMG8c_342,95
SOMG8c_343,95
SOMG8c_344,95
SOMG8c_345,95
SOMG8c_346,95
SOMG8c_347,95
SOMG8c_348,95
SOMG8c_349,95
SOMG8c_35,95
SOMG8c_350,95
SOMG8c_351,95
SOMG8c_352,95
SOMG8c_353,95
SOMG8c_354,95
SOMG8c_355,95
SOMG8c_356,95
SOMG8c_357,95
SOMG8c_358,95
SOMG8c_359,95
SOMG8c_36,95
SOMG8c_360,95
SOMG8c_361,95
SOMG8c_362,95
SOMG8c_363,95
SOMG8c_364,95
SOMG8c_365,95
SOMG8c_366,95
SOMG8c_367,95
SOMG8c_368,95
SOMG8c_369,95
SOMG8c_37,95
SOMG8c_370,95
SOMG8c_371,95
SOMG8c_372,95
SOMG8c_373,95
SOMG8c_374,95
SOMG8c_375,95
SOMG8c_376,95
SOMG8c_377,95
SOMG8c_378,95
SOMG8c_38,95
SOMG8c_39,95
SOMG8c_4,95
SOMG8c_40,95
SOMG8c_41,95
SOMG8c_42,95
SOMG8c_43,95
SOMG8c_44,95
SOMG8c_45,95
SOMG8c_46,95
SOMG8c_47,95
SOMG8c_48,95
SOMG8c_49,95
SOMG8c_5,95
SOMG8c_50,95
SOMG8c_51,95
SOMG8c_52,95
SOMG8c_53,95
SOMG8c_54,95
SOMG8c_55,95
SOMG8c_56,95
SOMG8c_57,95
SOMG8c_58,95
SOMG8c_59,95
SOMG8c_6,95
SOMG8c_60,95
SOMG8c_61,95
SOMG8c_62,95
SOMG8c_63,95
SOMG8c_64,95
SOMG8c_65,95
SOMG8c_66,95
SOMG8c_67,95
SOMG8c_68,95
SOMG8c_69,95
SOMG8c_7,95
SOMG8c_70,95
SOMG8c_71,95
SOMG8c_72,95
SOMG8c_73,95
SOMG8c_74,95
SOMG8c_75,95
SOMG8c_76,95
SOMG8c_77,95
SOMG8c_78,95
SOMG8c_79,95
SOMG8c_8,95
SOMG8c_80,95
SOMG8c_81,95
SOMG8c_82,95
SOMG8c_83,95
SOMG8c_84,95
SOMG8c_85,95
SOMG8c_86,95
SOMG8c_87,95
SOMG8c_88,95
SOMG8c_89,95
SOMG8c_9,95
SOMG8c_90,95
SOMG8c_91,95
SOMG8c_92,95
SOMG8c_93,95
SOMG8c_94,95
SOMG8c_95,95
SOMG8c_96,95
SOMG8c_97,95
SOMG8c_98,95
SOMG8c_99,95
SOPV_1_0,18
SOPV_1_1,18
SOPV_10_0,18
SOPV_100_0,18
SOPV_100_1,18
SOPV_101_0,18
SOPV_103_0,18
SOPV_104_0,18
SOPV_105_0,18
SOPV_105_1,18
SOPV_106_0,18
SOPV_106_1,18
SOPV_107_0,18
SOPV_108_0,18
SOPV_108_1,18
SOPV_109_0,18
SOPV_109_1,18
SOPV_11_0,18
SOPV_11_1,18
SOPV_110_0,18
SOPV_110_1,18
SOPV_111_0,18
SOPV_112_0,18
SOPV_112_1,18
SOPV_113_0,18
SOPV_114_0,18
SOPV_114_1,18
SOPV_115_0,18
SOPV_116_0,18
SOPV_116_1,18
SOPV_117_0,18
SOPV_117_1,18
SOPV_118_0,18
SOPV_119_0,18
SOPV_12_0,18
SOPV_120_0,18
SOPV_120_1,18
SOPV_121_0,18
SOPV_122_0,18
SOPV_122_1,18
SOPV_123_0,18
SOPV_123_1,18
SOPV_124_0,18
SOPV_125_0,18
SOPV_126_0,18
SOPV_126_1,18
SOPV_127_0,18
SOPV_127_1,18
SOPV_128_0,18
SOPV_129_0,18
SOPV_13_0,18
SOPV_130_0,18
SOPV_131_0,18
SOPV_131_1,18
SOPV_132_0,18
SOPV_133_0,18
SOPV_134_0,18
SOPV_134_1,18
SOPV_135_0,18
SOPV_136_0,18
SOPV_137_0,18
SOPV_138_0,18
SOPV_139_0,18
SOPV_14_0,18
SOPV_140_0,18
SOPV_140_1,18
SOPV_141_0,18
SOPV_142_0,18
SOPV_143_0,18
SOPV_143_1,18
SOPV_144_0,18
SOPV_144_1,18
SOPV_145_0,18
SOPV_145_1,18
SOPV_146_0,18
SOPV_147_0,18
SOPV_147_1,18
SOPV_148_0,18
SOPV_148_1,18
SOPV_149_0,18
SOPV_149_1,18
SOPV_15_0,18
SOPV_150_0,18
SOPV_151_0,18
SOPV_152_0,18
SOPV_153_0,18
SOPV_153_1,18
SOPV_154_0,18
SOPV_155_0,18
SOPV_156_0,18
SOPV_157_0,18
SOPV_158_0,18
SOPV_159_0,18
SOPV_16_0,18
SOPV_16_1,18
SOPV_160_0,18
SOPV_160_1,18
SOPV_161_0,18
SOPV_161_1,18
SOPV_162_0,18
SOPV_162_1,18
SOPV_163_0,18
SOPV_163_1,18
SOPV_164_0,18
SOPV_164_1,18
SOPV_165_0,18
SOPV_165_1,18
SOPV_166_0,18
SOPV_166_1,18
SOPV_167_0,18
SOPV_167_1,18
SOPV_168_0,18
SOPV_168_1,18
SOPV_169_0,18
SOPV_17_0,18
SOPV_17_1,18
SOPV_170_0,18
SOPV_171_0,18
SOPV_171_1,18
SOPV_172_0,18
SOPV_172_1,18
SOPV_173_0,18
SOPV_173_1,18
SOPV_174_0,18
SOPV_174_1,18
SOPV_175_0,18
SOPV_176_0,18
SOPV_177_0,18
SOPV_178_0,18
SOPV_178_1,18
SOPV_179_0,18
SOPV_179_1,18
SOPV_18_0,18
SOPV_180_0,18
SOPV_180_1,18
SOPV_181_0,18
SOPV_181_1,18
SOPV_182_0,18
SOPV_182_1,18
SOPV_183_0,18
SOPV_183_1,18
SOPV_184_0,18
SOPV_184_1,18
SOPV_185_0,18
SOPV_185_1,18
SOPV_186_0,18
SOPV_186_1,18
SOPV_187_0,18
SOPV_187_1,18
SOPV_188_0,18
SOPV_188_1,18
SOPV_189_0,18
SOPV_189_1,18
SOPV_19_0,18
SOPV_190_0,18
SOPV_190_1,18
SOPV_191_0,18
SOPV_192_0,18
SOPV_192_1,18
SOPV_193_0,18
SOPV_193_1,18
SOPV_194_0,18
SOPV_195_0,18
SOPV_196_0,18
SOPV_197_0,18
SOPV_197_1,18
SOPV_198_0,18
SOPV_198_1,18
SOPV_199_0,18
SOPV_199_1,18
SOPV_2_0,18
SOPV_20_0,18
SOPV_20_1,18
SOPV_200_0,18
SOPV_200_1,18
SOPV_201_0,18
SOPV_201_1,18
SOPV_202_0,18
SOPV_202_1,18
SOPV_203_0,18
SOPV_203_1,18
SOPV_204_0,18
SOPV_204_1,18
SOPV_205_0,18
SOPV_205_1,18
SOPV_206_0,18
SOPV_206_1,18
SOPV_207_0,18
SOPV_207_1,18
SOPV_208_0,18
SOPV_208_1,18
SOPV_209_0,18
SOPV_209_1,18
SOPV_21_0,18
SOPV_21_1,18
SOPV_210_0,18
SOPV_211_0,18
SOPV_212_0,18
SOPV_213_0,18
SOPV_214_0,18
SOPV_215_0,18
SOPV_215_1,18
SOPV_216_0,18
SOPV_216_1,18
SOPV_217_0,18
SOPV_217_1,18
SOPV_218_0,18
SOPV_218_1,18
SOPV_219_0,18
SOPV_219_1,18
SOPV_22_0,18
SOPV_220_0,18
SOPV_220_1,18
SOPV_221_0,18
SOPV_221_1,18
SOPV_222_0,18
SOPV_222_1,18
SOPV_223_0,18
SOPV_223_1,18
SOPV_224_0,18
SOPV_224_1,18
SOPV_225_0,18
SOPV_225_1,18
SOPV_226_0,18
SOPV_226_1,18
SOPV_227_0,18
SOPV_227_1,18
SOPV_228_0,18
SOPV_228_1,18
SOPV_229_0,18
SOPV_229_1,18
SOPV_23_0,18
SOPV_230_0,18
SOPV_231_0,18
SOPV_232_0,18
SOPV_232_1,18
SOPV_233_0,18
SOPV_233_1,18
SOPV_234_0,18
SOPV_235_0,18
SOPV_235_1,18
SOPV_236_0,18
SOPV_237_0,18
SOPV_237_1,18
SOPV_238_0,18
SOPV_238_1,18
SOPV_239_0,18
SOPV_239_1,18
SOPV_24_0,18
SOPV_240_0,18
SOPV_240_1,18
SOPV_241_0,18
SOPV_241_1,18
SOPV_242_0,18
SOPV_242_1,18
SOPV_243_0,18
SOPV_243_1,18
SOPV_244_0,18
SOPV_244_1,18
SOPV_245_0,18
SOPV_245_1,18
SOPV_246_0,18
SOPV_246_1,18
SOPV_247_0,18
SOPV_247_1,18
SOPV_248_0,18
SOPV_248_1,18
SOPV_249_0,18
SOPV_249_1,18
SOPV_25_0,18
SOPV_250_0,18
SOPV_251_0,18
SOPV_251_1,18
SOPV_252_0,18
SOPV_252_1,18
SOPV_253_0,18
SOPV_253_1,18
SOPV_254_0,18
SOPV_255_0,18
SOPV_256_0,18
SOPV_257_0,18
SOPV_257_1,18
SOPV_258_0,18
SOPV_258_1,18
SOPV_259_0,18
SOPV_259_1,18
SOPV_26_0,18
SOPV_260_0,18
SOPV_260_1,18
SOPV_261_0,18
SOPV_261_1,18
SOPV_262_0,18
SOPV_262_1,18
SOPV_263_0,18
SOPV_263_1,18
SOPV_264_0,18
SOPV_264_1,18
SOPV_265_0,18
SOPV_265_1,18
SOPV_266_0,18
SOPV_266_1,18
SOPV_267_0,18
SOPV_267_1,18
SOPV_268_0,18
SOPV_268_1,18
SOPV_269_0,18
SOPV_269_1,18
SOPV_27_0,18
SOPV_270_0,18
SOPV_270_1,18
SOPV_271_0,18
SOPV_271_1,18
SOPV_272_0,18
SOPV_273_0,18
SOPV_274_0,18
SOPV_275_0,18
SOPV_276_0,18
SOPV_277_0,18
SOPV_277_1,18
SOPV_278_0,18
SOPV_278_1,18
SOPV_279_0,18
SOPV_279_1,18
SOPV_28_0,18
SOPV_280_0,18
SOPV_280_1,18
SOPV_281_0,18
SOPV_281_1,18
SOPV_282_0,18
SOPV_282_1,18
SOPV_283_0,18
SOPV_283_1,18
SOPV_284_0,18
SOPV_284_1,18
SOPV_285_0,18
SOPV_285_1,18
SOPV_286_0,18
SOPV_286_1,18
SOPV_287_0,18
SOPV_287_1,18
SOPV_288_0,18
SOPV_288_1,18
SOPV_289_0,18
SOPV_29_0,18
SOPV_290_0,18
SOPV_291_0,18
SOPV_291_1,18
SOPV_292_0,18
SOPV_292_1,18
SOPV_293_0,18
SOPV_294_0,18
SOPV_295_0,18
SOPV_296_0,18
SOPV_297_0,18
SOPV_297_1,18
SOPV_298_0,18
SOPV_298_1,18
SOPV_299_0,18
SOPV_299_1,18
SOPV_3_0,18
SOPV_30_0,18
SOPV_300_0,18
SOPV_300_1,18
SOPV_301_0,18
SOPV_301_1,18
SOPV_302_0,18
SOPV_302_1,18
SOPV_303_0,18
SOPV_303_1,18
SOPV_304_0,18
SOPV_304_1,18
SOPV_305_0,18
SOPV_305_1,18
SOPV_306_0,18
SOPV_307_0,18
SOPV_308_0,18
SOPV_309_0,18
SOPV_31_0,18
SOPV_310_0,18
SOPV_310_1,18
SOPV_311_0,18
SOPV_312_0,18
SOPV_313_0,18
SOPV_314_0,18
SOPV_314_1,18
SOPV_315_0,18
SOPV_315_1,18
SOPV_316_0,18
SOPV_316_1,18
SOPV_317_0,18
SOPV_317_1,18
SOPV_318_0,18
SOPV_318_1,18
SOPV_319_0,18
SOPV_319_1,18
SOPV_32_0,18
SOPV_32_1,18
SOPV_320_0,18
SOPV_320_1,18
SOPV_321_0,18
SOPV_321_1,18
SOPV_322_0,18
SOPV_322_1,18
SOPV_323_0,18
SOPV_324_0,18
SOPV_325_0,18
SOPV_326_0,18
SOPV_327_0,18
SOPV_327_1,18
SOPV_328_0,18
SOPV_329_0,18
SOPV_33_0,18
SOPV_33_1,18
SOPV_330_0,18
SOPV_330_1,18
SOPV_331_0,18
SOPV_331_1,18
SOPV_332_0,18
SOPV_332_1,18
SOPV_333_0,18
SOPV_333_1,18
SOPV_334_0,18
SOPV_334_1,18
SOPV_335_0,18
SOPV_335_1,18
SOPV_336_0,18
SOPV_336_1,18
SOPV_338_0,18
SOPV_339_0,18
SOPV_34_0,18
SOPV_34_1,18
SOPV_340_0,18
SOPV_341_0,18
SOPV_341_1,18
SOPV_342_0,18
SOPV_342_1,18
SOPV_343_0,18
SOPV_343_1,18
SOPV_344_0,18
SOPV_344_1,18
SOPV_345_0,18
SOPV_345_1,18
SOPV_346_0,18
SOPV_346_1,18
SOPV_347_0,18
SOPV_347_1,18
SOPV_349_0,18
SOPV_35_0,18
SOPV_350_0,18
SOPV_351_0,18
SOPV_352_0,18
SOPV_352_1,18
SOPV_353_0,18
SOPV_353_1,18
SOPV_354_0,18
SOPV_354_1,18
SOPV_355_0,18
SOPV_355_1,18
SOPV_356_0,18
SOPV_357_0,18
SOPV_358_0,18
SOPV_358_1,18
SOPV_359_0,18
SOPV_359_1,18
SOPV_36_0,18
SOPV_360_0,18
SOPV_360_1,18
SOPV_361_0,18
SOPV_361_1,18
SOPV_362_0,18
SOPV_362_1,18
SOPV_363_0,18
SOPV_363_1,18
SOPV_364_0,18
SOPV_364_1,18
SOPV_365_0,18
SOPV_365_1,18
SOPV_366_0,18
SOPV_366_1,18
SOPV_367_0,18
SOPV_367_1,18
SOPV_368_0,18
SOPV_368_1,18
SOPV_369_0,18
SOPV_369_1,18
SOPV_37_0,18
SOPV_370_0,18
SOPV_370_1,18
SOPV_371_0,18
SOPV_371_1,18
SOPV_372_0,18
SOPV_373_0,18
SOPV_373_1,18
SOPV_374_0,18
SOPV_374_1,18
SOPV_375_0,18
SOPV_375_1,18
SOPV_376_0,18
SOPV_376_1,18
SOPV_377_0,18
SOPV_378_0,18
SOPV_38_0,18
SOPV_39_0,18
SOPV_39_1,18
SOPV_4_0,18
SOPV_40_0,18
SOPV_41_0,18
SOPV_42_0,18
SOPV_42_1,18
SOPV_43_0,18
SOPV_43_1,18
SOPV_44_0,18
SOPV_44_1,18
SOPV_45_0,18
SOPV_46_0,18
SOPV_47_0,18
SOPV_48_0,18
SOPV_48_1,18
SOPV_49_0,18
SOPV_49_1,18
SOPV_5_0,18
SOPV_5_1,18
SOPV_50_0,18
SOPV_51_0,18
SOPV_51_1,18
SOPV_52_0,18
SOPV_52_1,18
SOPV_53_0,18
SOPV_54_0,18
SOPV_55_0,18
SOPV_56_0,18
SOPV_57_0,18
SOPV_58_0,18
SOPV_58_1,18
SOPV_59_0,18
SOPV_6_0,18
SOPV_6_1,18
SOPV_60_0,18
SOPV_60_1,18
SOPV_61_0,18
SOPV_62_0,18
SOPV_63_0,18
SOPV_64_0,18
SOPV_65_0,18
SOPV_66_0,18
SOPV_67_0,18
SOPV_68_0,18
SOPV_69_0,18
SOPV_70_0,18
SOPV_71_0,18
SOPV_72_0,18
SOPV_72_1,18
SOPV_73_0,18
SOPV_73_1,18
SOPV_74_0,18
SOPV_74_1,18
SOPV_75_0,18
SOPV_76_0,18
SOPV_77_0,18
SOPV_78_0,18
SOPV_79_0,18
SOPV_8_0,18
SOPV_8_1,18
SOPV_80_0,18
SOPV_81_0,18
SOPV_82_0,18
SOPV_83_0,18
SOPV_84_0,18
SOPV_85_0,18
SOPV_86_0,18
SOPV_87_0,18
SOPV_87_1,18
SOPV_88_0,18
SOPV_88_1,18
SOPV_89_0,18
SOPV_9_0,18
SOPV_90_0,18
SOPV_91_0,18
SOPV_91_1,18
SOPV_92_0,18
SOPV_92_1,18
SOPV_93_0,18
SOPV_93_1,18
SOPV_94_0,18
SOPV_94_1,18
SOPV_95_0,18
SOPV_96_0,18
SOPV_97_0,18
SOPV_97_1,18
SOPV_98_0,18
SOPV_99_0,18
SOPV8r_1_0,100
SOPV8r_1_1,100
SOPV8r_10_0,100
SOPV8r_100_0,100
SOPV8r_100_1,100
SOPV8r_101_0,100
SOPV8r_103_0,100
SOPV8r_104_0,100
SOPV8r_105_0,100
SOPV8r_105_1,100
SOPV8r_106_0,100
SOPV8r_106_1,100
SOPV8r_107_0,100
SOPV8r_108_0,100
SOPV8r_108_1,100
SOPV8r_109_0,100
SOPV8r_109_1,100
SOPV8r_11_0,100
SOPV8r_11_1,100
SOPV8r_110_0,100
SOPV8r_110_1,100
SOPV8r_111_0,100
SOPV8r_112_0,100
SOPV8r_112_1,100
SOPV8r_113_0,100
SOPV8r_114_0,100
SOPV8r_114_1,100
SOPV8r_115_0,100
SOPV8r_116_0,100
SOPV8r_116_1,100
SOPV8r_117_0,100
SOPV8r_117_1,100
SOPV8r_118_0,100
SOPV8r_119_0,100
SOPV8r_12_0,100
SOPV8r_120_0,100
SOPV8r_120_1,100
SOPV8r_121_0,100
SOPV8r_122_0,100
SOPV8r_122_1,100
SOPV8r_123_0,100
SOPV8r_123_1,100
SOPV8r_124_0,100
SOPV8r_125_0,100
SOPV8r_126_0,100
SOPV8r_126_1,100
SOPV8r_127_0,100
SOPV8r_127_1,100
SOPV8r_128_0,100
SOPV8r_129_0,100
SOPV8r_13_0,100
SOPV8r_130_0,100
SOPV8r_131_0,100
SOPV8r_131_1,100
SOPV8r_132_0,100
SOPV8r_133_0,100
SOPV8r_134_0,100
SOPV8r_134_1,100
SOPV8r_135_0,100
SOPV8r_136_0,100
SOPV8r_137_0,100
SOPV8r_138_0,100
SOPV8r_139_0,100
SOPV8r_14_0,100
SOPV8r_140_0,100
SOPV8r_140_1,100
SOPV8r_141_0,100
SOPV8r_142_0,100
SOPV8r_143_0,100
SOPV8r_143_1,100
SOPV8r_144_0,100
SOPV8r_144_1,100
SOPV8r_145_0,100
SOPV8r_145_1,100
SOPV8r_146_0,100
SOPV8r_147_0,100
SOPV8r_147_1,100
SOPV8r_148_0,100
SOPV8r_148_1,100
SOPV8r_149_0,100
SOPV8r_149_1,100
SOPV8r_15_0,100
SOPV8r_150_0,100
SOPV8r_151_0,100
SOPV8r_152_0,100
SOPV8r_153_0,100
SOPV8r_153_1,100
SOPV8r_154_0,100
SOPV8r_155_0,100
SOPV8r_156_0,100
SOPV8r_157_0,100
SOPV8r_158_0,100
SOPV8r_159_0,100
SOPV8r_16_0,100
SOPV8r_16_1,100
SOPV8r_160_0,100
SOPV8r_160_1,100
SOPV8r_161_0,100
SOPV8r_161_1,100
SOPV8r_162_0,100
SOPV8r_162_1,100
SOPV8r_163_0,100
SOPV8r_163_1,100
SOPV8r_164_0,100
SOPV8r_164_1,100
SOPV8r_165_0,100
SOPV8r_165_1,100
SOPV8r_166_0,100
SOPV8r_166_1,100
SOPV8r_167_0,100
SOPV8r_167_1,100
SOPV8r_168_0,100
SOPV8r_168_1,100
SOPV8r_169_0,100
SOPV8r_17_0,100
SOPV8r_17_1,100
SOPV8r_170_0,100
SOPV8r_171_0,100
SOPV8r_171_1,100
SOPV8r_172_0,100
SOPV8r_172_1,100
SOPV8r_173_0,100
SOPV8r_173_1,100
SOPV8r_174_0,100
SOPV8r_174_1,100
SOPV8r_175_0,100
SOPV8r_176_0,100
SOPV8r_177_0,100
SOPV8r_178_0,100
SOPV8r_178_1,100
SOPV8r_179_0,100
SOPV8r_179_1,100
SOPV8r_18_0,100
SOPV8r_180_0,100
SOPV8r_180_1,100
SOPV8r_181_0,100
SOPV8r_181_1,100
SOPV8r_182_0,100
SOPV8r_182_1,100
SOPV8r_183_0,100
SOPV8r_183_1,100
SOPV8r_184_0,100
SOPV8r_184_1,100
SOPV8r_185_0,100
SOPV8r_185_1,100
SOPV8r_186_0,100
SOPV8r_186_1,100
SOPV8r_187_0,100
SOPV8r_187_1,100
SOPV8r_188_0,100
SOPV8r_188_1,100
SOPV8r_189_0,100
SOPV8r_189_1,100
SOPV8r_19_0,100
SOPV8r_190_0,100
SOPV8r_190_1,100
SOPV8r_191_0,100
SOPV8r_192_0,100
SOPV8r_192_1,100
SOPV8r_193_0,100
SOPV8r_193_1,100
SOPV8r_194_0,100
SOPV8r_195_0,100
SOPV8r_196_0,100
SOPV8r_197_0,100
SOPV8r_197_1,100
SOPV8r_198_0,100
SOPV8r_198_1,100
SOPV8r_199_0,100
SOPV8r_199_1,100
SOPV8r_2_0,100
SOPV8r_20_0,100
SOPV8r_20_1,100
SOPV8r_200_0,100
SOPV8r_200_1,100
SOPV8r_201_0,100
SOPV8r_201_1,100
SOPV8r_202_0,100
SOPV8r_202_1,100
SOPV8r_203_0,100
SOPV8r_203_1,100
SOPV8r_204_0,100
SOPV8r_204_1,100
SOPV8r_205_0,100
SOPV8r_205_1,100
SOPV8r_206_0,100
SOPV8r_206_1,100
SOPV8r_207_0,100
SOPV8r_207_1,100
SOPV8r_208_0,100
SOPV8r_208_1,100
SOPV8r_209_0,100
SOPV8r_209_1,100
SOPV8r_21_0,100
SOPV8r_21_1,100
SOPV8r_210_0,100
SOPV8r_211_0,100
SOPV8r_212_0,100
SOPV8r_213_0,100
SOPV8r_214_0,100
SOPV8r_215_0,100
SOPV8r_215_1,100
SOPV8r_216_0,100
SOPV8r_216_1,100
SOPV8r_217_0,100
SOPV8r_217_1,100
SOPV8r_218_0,100
SOPV8r_218_1,100
SOPV8r_219_0,100
SOPV8r_219_1,100
SOPV8r_22_0,100
SOPV8r_220_0,100
SOPV8r_220_1,100
SOPV8r_221_0,100
SOPV8r_221_1,100
SOPV8r_222_0,100
SOPV8r_222_1,100
SOPV8r_223_0,100
SOPV8r_223_1,100
SOPV8r_224_0,100
SOPV8r_224_1,100
SOPV8r_225_0,100
SOPV8r_225_1,100
SOPV8r_226_0,100
SOPV8r_226_1,100
SOPV8r_227_0,100
SOPV8r_227_1,100
SOPV8r_228_0,100
SOPV8r_228_1,100
SOPV8r_229_0,100
SOPV8r_229_1,100
SOPV8r_23_0,100
SOPV8r_230_0,100
SOPV8r_231_0,100
SOPV8r_232_0,100
SOPV8r_232_1,100
SOPV8r_233_0,100
SOPV8r_233_1,100
SOPV8r_234_0,100
SOPV8r_235_0,100
SOPV8r_235_1,100
SOPV8r_236_0,100
SOPV8r_237_0,100
SOPV8r_237_1,100
SOPV8r_238_0,100
SOPV8r_238_1,100
SOPV8r_239_0,100
SOPV8r_239_1,100
SOPV8r_24_0,100
SOPV8r_240_0,100
SOPV8r_240_1,100
SOPV8r_241_0,100
SOPV8r_241_1,100
SOPV8r_242_0,100
SOPV8r_242_1,100
SOPV8r_243_0,100
SOPV8r_243_1,100
SOPV8r_244_0,100
SOPV8r_244_1,100
SOPV8r_245_0,100
SOPV8r_245_1,100
SOPV8r_246_0,100
SOPV8r_246_1,100
SOPV8r_247_0,100
SOPV8r_247_1,100
SOPV8r_248_0,100
SOPV8r_248_1,100
SOPV8r_249_0,100
SOPV8r_249_1,100
SOPV8r_25_0,100
SOPV8r_250_0,100
SOPV8r_251_0,100
SOPV8r_251_1,100
SOPV8r_252_0,100
SOPV8r_252_1,100
SOPV8r_253_0,100
SOPV8r_253_1,100
SOPV8r_254_0,100
SOPV8r_255_0,100
SOPV8r_256_0,100
SOPV8r_257_0,100
SOPV8r_257_1,100
SOPV8r_258_0,100
SOPV8r_258_1,100
SOPV8r_259_0,100
SOPV8r_259_1,100
SOPV8r_26_0,100
SOPV8r_260_0,100
SOPV8r_260_1,100
SOPV8r_261_0,100
SOPV8r_261_1,100
SOPV8r_262_0,100
SOPV8r_262_1,100
SOPV8r_263_0,100
SOPV8r_263_1,100
SOPV8r_264_0,100
SOPV8r_264_1,100
SOPV8r_265_0,100
SOPV8r_265_1,100
SOPV8r_266_0,100
SOPV8r_266_1,100
SOPV8r_267_0,100
SOPV8r_267_1,100
SOPV8r_268_0,100
SOPV8r_268_1,100
SOPV8r_269_0,100
SOPV8r_269_1,100
SOPV8r_27_0,100
SOPV8r_270_0,100
SOPV8r_270_1,100
SOPV8r_271_0,100
SOPV8r_271_1,100
SOPV8r_272_0,100
SOPV8r_273_0,100
SOPV8r_274_0,100
SOPV8r_275_0,100
SOPV8r_276_0,100
SOPV8r_277_0,100
SOPV8r_277_1,100
SOPV8r_278_0,100
SOPV8r_278_1,100
SOPV8r_279_0,100
SOPV8r_279_1,100
SOPV8r_28_0,100
SOPV8r_280_0,100
SOPV8r_280_1,100
SOPV8r_281_0,100
SOPV8r_281_1,100
SOPV8r_282_0,100
SOPV8r_282_1,100
SOPV8r_283_0,100
SOPV8r_283_1,100
SOPV8r_284_0,100
SOPV8r_284_1,100
SOPV8r_285_0,100
SOPV8r_285_1,100
SOPV8r_286_0,100
SOPV8r_286_1,100
SOPV8r_287_0,100
SOPV8r_287_1,100
SOPV8r_288_0,100
SOPV8r_288_1,100
SOPV8r_289_0,100
SOPV8r_29_0,100
SOPV8r_290_0,100
SOPV8r_291_0,100
SOPV8r_291_1,100
SOPV8r_292_0,100
SOPV8r_292_1,100
SOPV8r_293_0,100
SOPV8r_294_0,100
SOPV8r_295_0,100
SOPV8r_296_0,100
SOPV8r_297_0,100
SOPV8r_297_1,100
SOPV8r_298_0,100
SOPV8r_298_1,100
SOPV8r_299_0,100
SOPV8r_299_1,100
SOPV8r_3_0,100
SOPV8r_30_0,100
SOPV8r_300_0,100
SOPV8r_300_1,100
SOPV8r_301_0,100
SOPV8r_301_1,100
SOPV8r_302_0,100
SOPV8r_302_1,100
SOPV8r_303_0,100
SOPV8r_303_1,100
SOPV8r_304_0,100
SOPV8r_304_1,100
SOPV8r_305_0,100
SOPV8r_305_1,100
SOPV8r_306_0,100
SOPV8r_307_0,100
SOPV8r_308_0,100
SOPV8r_309_0,100
SOPV8r_31_0,100
SOPV8r_310_0,100
SOPV8r_310_1,100
SOPV8r_311_0,100
SOPV8r_312_0,100
SOPV8r_313_0,100
SOPV8r_314_0,100
SOPV8r_314_1,100
SOPV8r_315_0,100
SOPV8r_315_1,100
SOPV8r_316_0,100
SOPV8r_316_1,100
SOPV8r_317_0,100
SOPV8r_317_1,100
SOPV8r_318_0,100
SOPV8r_318_1,100
SOPV8r_319_0,100
SOPV8r_319_1,100
SOPV8r_32_0,100
SOPV8r_32_1,100
SOPV8r_320_0,100
SOPV8r_320_1,100
SOPV8r_321_0,100
SOPV8r_321_1,100
SOPV8r_322_0,100
SOPV8r_322_1,100
SOPV8r_323_0,100
SOPV8r_324_0,100
SOPV8r_325_0,100
SOPV8r_326_0,100
SOPV8r_327_0,100
SOPV8r_327_1,100
SOPV8r_328_0,100
SOPV8r_329_0,100
SOPV8r_33_0,100
SOPV8r_33_1,100
SOPV8r_330_0,100
SOPV8r_330_1,100
SOPV8r_331_0,100
SOPV8r_331_1,100
SOPV8r_332_0,100
SOPV8r_332_1,100
SOPV8r_333_0,100
SOPV8r_333_1,100
SOPV8r_334_0,100
SOPV8r_334_1,100
SOPV8r_335_0,100
SOPV8r_335_1,100
SOPV8r_336_0,100
SOPV8r_336_1,100
SOPV8r_338_0,100
SOPV8r_339_0,100
SOPV8r_34_0,100
SOPV8r_34_1,100
SOPV8r_340_0,100
SOPV8r_341_0,100
SOPV8r_341_1,100
SOPV8r_342_0,100
SOPV8r_342_1,100
SOPV8r_343_0,100
SOPV8r_343_1,100
SOPV8r_344_0,100
SOPV8r_344_1,100
SOPV8r_345_0,100
SOPV8r_345_1,100
SOPV8r_346_0,100
SOPV8r_346_1,100
SOPV8r_347_0,100
SOPV8r_347_1,100
SOPV8r_349_0,100
SOPV8r_35_0,100
SOPV8r_350_0,100
SOPV8r_351_0,100
SOPV8r_352_0,100
SOPV8r_352_1,100
SOPV8r_353_0,100
SOPV8r_353_1,100
SOPV8r_354_0,100
SOPV8r_354_1,100
SOPV8r_355_0,100
SOPV8r_355_1,100
SOPV8r_356_0,100
SOPV8r_357_0,100
SOPV8r_358_0,100
SOPV8r_358_1,100
SOPV8r_359_0,100
SOPV8r_359_1,100
SOPV8r_36_0,100
SOPV8r_360_0,100
SOPV8r_360_1,100
SOPV8r_361_0,100
SOPV8r_361_1,100
SOPV8r_362_0,100
SOPV8r_362_1,100
SOPV8r_363_0,100
SOPV8r_363_1,100
SOPV8r_364_0,100
SOPV8r_364_1,100
SOPV8r_365_0,100
SOPV8r_365_1,100
SOPV8r_366_0,100
SOPV8r_366_1,100
SOPV8r_367_0,100
SOPV8r_367_1,100
SOPV8r_368_0,100
SOPV8r_368_1,100
SOPV8r_369_0,100
SOPV8r_369_1,100
SOPV8r_37_0,100
SOPV8r_370_0,100
SOPV8r_370_1,100
SOPV8r_371_0,100
SOPV8r_371_1,100
SOPV8r_372_0,100
SOPV8r_373_0,100
SOPV8r_373_1,100
SOPV8r_374_0,100
SOPV8r_374_1,100
SOPV8r_375_0,100
SOPV8r_375_1,100
SOPV8r_376_0,100
SOPV8r_376_1,100
SOPV8r_377_0,100
SOPV8r_378_0,100
SOPV8r_38_0,100
SOPV8r_39_0,100
SOPV8r_39_1,100
SOPV8r_4_0,100
SOPV8r_40_0,100
SOPV8r_41_0,100
SOPV8r_42_0,100
SOPV8r_42_1,100
SOPV8r_43_0,100
SOPV8r_43_1,100
SOPV8r_44_0,100
SOPV8r_44_1,100
SOPV8r_45_0,100
SOPV8r_46_0,100
SOPV8r_47_0,100
SOPV8r_48_0,100
SOPV8r_48_1,100
SOPV8r_49_0,100
SOPV8r_49_1,100
SOPV8r_5_0,100
SOPV8r_5_1,100
SOPV8r_50_0,100
SOPV8r_51_0,100
SOPV8r_51_1,100
SOPV8r_52_0,100
SOPV8r_52_1,100
SOPV8r_53_0,100
SOPV8r_54_0,100
SOPV8r_55_0,100
SOPV8r_56_0,100
SOPV8r_57_0,100
SOPV8r_58_0,100
SOPV8r_58_1,100
SOPV8r_59_0,100
SOPV8r_6_0,100
SOPV8r_6_1,100
SOPV8r_60_0,100
SOPV8r_60_1,100
SOPV8r_61_0,100
SOPV8r_62_0,100
SOPV8r_63_0,100
SOPV8r_64_0,100
SOPV8r_65_0,100
SOPV8r_66_0,100
SOPV8r_67_0,100
SOPV8r_68_0,100
SOPV8r_69_0,100
SOPV8r_70_0,100
SOPV8r_71_0,100
SOPV8r_72_0,100
SOPV8r_72_1,100
SOPV8r_73_0,100
SOPV8r_73_1,100
SOPV8r_74_0,100
SOPV8r_74_1,100
SOPV8r_75_0,100
SOPV8r_76_0,100
SOPV8r_77_0,100
SOPV8r_78_0,100
SOPV8r_79_0,100
SOPV8r_8_0,100
SOPV8r_8_1,100
SOPV8r_80_0,100
SOPV8r_81_0,100
SOPV8r_82_0,100
SOPV8r_83_0,100
SOPV8r_84_0,100
SOPV8r_85_0,100
SOPV8r_86_0,100
SOPV8r_87_0,100
SOPV8r_87_1,100
SOPV8r_88_0,100
SOPV8r_88_1,100
SOPV8r_89_0,100
SOPV8r_9_0,100
SOPV8r_90_0,100
SOPV8r_91_0,100
SOPV8r_91_1,100
SOPV8r_92_0,100
SOPV8r_92_1,100
SOPV8r_93_0,100
SOPV8r_93_1,100
SOPV8r_94_0,100
SOPV8r_94_1,100
SOPV8r_95_0,100
SOPV8r_96_0,100
SOPV8r_97_0,100
SOPV8r_97_1,100
SOPV8r_98_0,100
SOPV8r_99_0,100
WI_1,35
WI_10,35
WI_100,35
WI_101,35
WI_102,35
WI_103,35
WI_104,35
WI_105,35
WI_106,35
WI_107,35
WI_108,35
WI_109,35
WI_11,35
WI_110,35
WI_111,35
WI_112,35
WI_113,35
WI_114,35
WI_115,35
WI_116,35
WI_117,35
WI_118,35
WI_119,35
WI_12,35
WI_120,35
WI_121,35
WI_122,35
WI_123,35
WI_124,35
WI_125,35
WI_126,35
WI_127,35
WI_128,35
WI_129,35
WI_13,35
WI_130,35
WI_131,35
WI_132,35
WI_133,35
WI_134,35
WI_135,35
WI_136,35
WI_137,35
WI_138,35
WI_139,35
WI_14,35
WI_140,35
WI_141,35
WI_142,35
WI_143,35
WI_144,35
WI_145,35
WI_146,35
WI_147,35
WI_148,35
WI_149,35
WI_15,35
WI_150,35
WI_151,35
WI_152,35
WI_153,35
WI_154,35
WI_155,35
WI_156,35
WI_157,35
WI_158,35
WI_159,35
WI_16,35
WI_160,35
WI_161,35
WI_162,35
WI_163,35
WI_164,35
WI_165,35
WI_166,35
WI_167,35
WI_168,35
WI_169,35
WI_17,35
WI_170,35
WI_171,35
WI_172,35
WI_173,35
WI_174,35
WI_175,35
WI_176,35
WI_177,35
WI_178,35
WI_179,35
WI_18,35
WI_180,35
WI_181,35
WI_182,35
WI_183,35
WI_184,35
WI_185,35
WI_186,35
WI_187,35
WI_188,35
WI_189,35
WI_19,35
WI_190,35
WI_191,35
WI_192,35
WI_193,35
WI_194,35
WI_195,35
WI_196,35
WI_197,35
WI_198,35
WI_199,35
WI_2,35
WI_20,35
WI_200,35
WI_201,35
WI_202,35
WI_203,35
WI_204,35
WI_205,35
WI_206,35
WI_207,35
WI_208,35
WI_209,35
WI_21,35
WI_210,35
WI_211,35
WI_212,35
WI_213,35
WI_214,35
WI_215,35
WI_216,35
WI_217,35
WI_218,35
WI_219,35
WI_22,35
WI_220,35
WI_221,35
WI_222,35
WI_223,35
WI_224,35
WI_225,35
WI_226,35
WI_227,35
WI_228,35
WI_229,35
WI_23,35
WI_230,35
WI_231,35
WI_232,35
WI_233,35
WI_234,35
WI_235,35
WI_236,35
WI_237,35
WI_238,35
WI_239,35
WI_24,35
WI_240,35
WI_241,35
WI_242,35
WI_243,35
WI_244,35
WI_245,35
WI_246,35
WI_247,35
WI_248,35
WI_249,35
WI_25,35
WI_250,35
WI_251,35
WI_252,35
WI_253,35
WI_254,35
WI_255,35
WI_256,35
WI_257,35
WI_258,35
WI_259,35
WI_26,35
WI_260,35
WI_261,35
WI_262,35
WI_263,35
WI_264,35
WI_265,35
WI_266,35
WI_267,35
WI_268,35
WI_269,35
WI_27,35
WI_270,35
WI_271,35
WI_272,35
WI_273,35
WI_274,35
WI_275,35
WI_276,35
WI_277,35
WI_278,35
WI_279,35
WI_28,35
WI_280,35
WI_281,35
WI_282,35
WI_283,35
WI_284,35
WI_285,35
WI_286,35
WI_287,35
WI_288,35
WI_289,35
WI_29,35
WI_290,35
WI_291,35
WI_292,35
WI_293,35
WI_294,35
WI_295,35
WI_296,35
WI_297,35
WI_298,35
WI_299,35
WI_3,35
WI_30,35
WI_300,35
WI_301,35
WI_302,35
WI_303,35
WI_304,35
WI_305,35
WI_306,35
WI_307,35
WI_308,35
WI_309,35
WI_31,35
WI_310,35
WI_311,35
WI_312,35
WI_313,35
WI_314,35
WI_315,35
WI_316,35
WI_317,35
WI_318,35
WI_319,35
WI_32,35
WI_320,35
WI_321,35
WI_322,35
WI_323,35
WI_324,35
WI_325,35
WI_326,35
WI_327,35
WI_328,35
WI_329,35
WI_33,35
WI_330,35
WI_331,35
WI_332,35
WI_333,35
WI_334,35
WI_335,35
WI_336,35
WI_337,35
WI_338,35
WI_339,35
WI_34,35
WI_340,35
WI_341,35
WI_342,35
WI_343,35
WI_344,35
WI_345,35
WI_346,35
WI_347,35
WI_348,35
WI_349,35
WI_35,35
WI_350,35
WI_351,35
WI_352,35
WI_353,35
WI_354,35
WI_355,35
WI_356,35
WI_357,35
WI_358,35
WI_359,35
WI_36,35
WI_360,35
WI_361,35
WI_362,35
WI_363,35
WI_364,35
WI_365,35
WI_366,35
WI_367,35
WI_368,35
WI_369,35
WI_37,35
WI_370,35
WI_371,35
WI_372,35
WI_373,35
WI_374,35
WI_375,35
WI_376,35
WI_377,35
WI_378,35
WI_38,35
WI_39,35
WI_4,35
WI_40,35
WI_41,35
WI_42,35
WI_43,35
WI_44,35
WI_45,35
WI_46,35
WI_47,35
WI_48,35
WI_49,35
WI_5,35
WI_50,35
WI_51,35
WI_52,35
WI_53,35
WI_54,35
WI_55,35
WI_56,35
WI_57,35
WI_58,35
WI_59,35
WI_6,35
WI_60,35
WI_61,35
WI_62,35
WI_63,35
WI_64,35
WI_65,35
WI_66,35
WI_67,35
WI_68,35
WI_69,35
WI_7,35
WI_70,35
WI_71,35
WI_72,35
WI_73,35
WI_74,35
WI_75,35
WI_76,35
WI_77,35
WI_78,35
WI_79,35
WI_8,35
WI_80,35
WI_81,35
WI_82,35
WI_83,35
WI_84,35
WI_85,35
WI_86,35
WI_87,35
WI_88,35
WI_89,35
WI_9,35
WI_90,35
WI_91,35
WI_92,35
WI_93,35
WI_94,35
WI_95,35
WI_96,35
WI_97,35
WI_98,35
WI_99,35
WI4c_1,56
WI4c_10,56
WI4c_100,56
WI4c_101,56
WI4c_102,56
WI4c_103,56
WI4c_104,56
WI4c_105,56
WI4c_106,56
WI4c_107,56
WI4c_108,56
WI4c_109,56
WI4c_11,56
WI4c_110,56
WI4c_111,56
WI4c_112,56
WI4c_113,56
WI4c_114,56
WI4c_115,56
WI4c_116,56
WI4c_117,56
WI4c_118,56
WI4c_119,56
WI4c_12,56
WI4c_120,56
WI4c_121,56
WI4c_122,56
WI4c_123,56
WI4c_124,56
WI4c_125,56
WI4c_126,56
WI4c_127,56
WI4c_128,56
WI4c_129,56
WI4c_13,56
WI4c_130,56
WI4c_131,56
WI4c_132,56
WI4c_133,56
WI4c_134,56
WI4c_135,56
WI4c_136,56
WI4c_137,56
WI4c_138,56
WI4c_139,56
WI4c_14,56
WI4c_140,56
WI4c_141,56
WI4c_142,56
WI4c_143,56
WI4c_144,56
WI4c_145,56
WI4c_146,56
WI4c_147,56
WI4c_148,56
WI4c_149,56
WI4c_15,56
WI4c_150,56
WI4c_151,56
WI4c_152,56
WI4c_153,56
WI4c_154,56
WI4c_155,56
WI4c_156,56
WI4c_157,56
WI4c_158,56
WI4c_159,56
WI4c_16,56
WI4c_160,56
WI4c_161,56
WI4c_162,56
WI4c_163,56
WI4c_164,56
WI4c_165,56
WI4c_166,56
WI4c_167,56
WI4c_168,56
WI4c_169,56
WI4c_17,56
WI4c_170,56
WI4c_171,56
WI4c_172,56
WI4c_173,56
WI4c_174,56
WI4c_175,56
WI4c_176,56
WI4c_177,56
WI4c_178,56
WI4c_179,56
WI4c_18,56
WI4c_180,56
WI4c_181,56
WI4c_182,56
WI4c_183,56
WI4c_184,56
WI4c_185,56
WI4c_186,56
WI4c_187,56
WI4c_188,56
WI4c_189,56
WI4c_19,56
WI4c_190,56
WI4c_191,56
WI4c_192,56
WI4c_193,56
WI4c_194,56
WI4c_195,56
WI4c_196,56
WI4c_197,56
WI4c_198,56
WI4c_199,56
WI4c_2,56
WI4c_20,56
WI4c_200,56
WI4c_201,56
WI4c_202,56
WI4c_203,56
WI4c_204,56
WI4c_205,56
WI4c_206,56
WI4c_207,56
WI4c_208,56
WI4c_209,56
WI4c_21,56
WI4c_210,56
WI4c_211,56
WI4c_212,56
WI4c_213,56
WI4c_214,56
WI4c_215,56
WI4c_216,56
WI4c_217,56
WI4c_218,56
WI4c_219,56
WI4c_22,56
WI4c_220,56
WI4c_221,56
WI4c_222,56
WI4c_223,56
WI4c_224,56
WI4c_225,56
WI4c_226,56
WI4c_227,56
WI4c_228,56
WI4c_229,56
WI4c_23,56
WI4c_230,56
WI4c_231,56
WI4c_232,56
WI4c_233,56
WI4c_234,56
WI4c_235,56
WI4c_236,56
WI4c_237,56
WI4c_238,56
WI4c_239,56
WI4c_24,56
WI4c_240,56
WI4c_241,56
WI4c_242,56
WI4c_243,56
WI4c_244,56
WI4c_245,56
WI4c_246,56
WI4c_247,56
WI4c_248,56
WI4c_249,56
WI4c_25,56
WI4c_250,56
WI4c_251,56
WI4c_252,56
WI4c_253,56
WI4c_254,56
WI4c_255,56
WI4c_256,56
WI4c_257,56
WI4c_258,56
WI4c_259,56
WI4c_26,56
WI4c_260,56
WI4c_261,56
WI4c_262,56
WI4c_263,56
WI4c_264,56
WI4c_265,56
WI4c_266,56
WI4c_267,56
WI4c_268,56
WI4c_269,56
WI4c_27,56
WI4c_270,56
WI4c_271,56
WI4c_272,56
WI4c_273,56
WI4c_274,56
WI4c_275,56
WI4c_276,56
WI4c_277,56
WI4c_278,56
WI4c_279,56
WI4c_28,56
WI4c_280,56
WI4c_281,56
WI4c_282,56
WI4c_283,56
WI4c_284,56
WI4c_285,56
WI4c_286,56
WI4c_287,56
WI4c_288,56
WI4c_289,56
WI4c_29,56
WI4c_290,56
WI4c_291,56
WI4c_292,56
WI4c_293,56
WI4c_294,56
WI4c_295,56
WI4c_296,56
WI4c_297,56
WI4c_298,56
WI4c_299,56
WI4c_3,56
WI4c_30,56
WI4c_300,56
WI4c_301,56
WI4c_302,56
WI4c_303,56
WI4c_304,56
WI4c_305,56
WI4c_306,56
WI4c_307,56
WI4c_308,56
WI4c_309,56
WI4c_31,56
WI4c_310,56
WI4c_311,56
WI4c_312,56
WI4c_313,56
WI4c_314,56
WI4c_315,56
WI4c_316,56
WI4c_317,56
WI4c_318,56
WI4c_319,56
WI4c_32,56
WI4c_320,56
WI4c_321,56
WI4c_322,56
WI4c_323,56
WI4c_324,56
WI4c_325,56
WI4c_326,56
WI4c_327,56
WI4c_328,56
WI4c_329,56
WI4c_33,56
WI4c_330,56
WI4c_331,56
WI4c_332,56
WI4c_333,56
WI4c_334,56
WI4c_335,56
WI4c_336,56
WI4c_337,56
WI4c_338,56
WI4c_339,56
WI4c_34,56
WI4c_340,56
WI4c_341,56
WI4c_342,56
WI4c_343,56
WI4c_344,56
WI4c_345,56
WI4c_346,56
WI4c_347,56
WI4c_348,56
WI4c_349,56
WI4c_35,56
WI4c_350,56
WI4c_351,56
WI4c_352,56
WI4c_353,56
WI4c_354,56
WI4c_355,56
WI4c_356,56
WI4c_357,56
WI4c_358,56
WI4c_359,56
WI4c_36,56
WI4c_360,56
WI4c_361,56
WI4c_362,56
WI4c_363,56
WI4c_364,56
WI4c_365,56
WI4c_366,56
WI4c_367,56
WI4c_368,56
WI4c_369,56
WI4c_37,56
WI4c_370,56
WI4c_371,56
WI4c_372,56
WI4c_373,56
WI4c_374,56
WI4c_375,56
WI4c_376,56
WI4c_377,56
WI4c_378,56
WI4c_38,56
WI4c_39,56
WI4c_4,56
WI4c_40,56
WI4c_41,56
WI4c_42,56
WI4c_43,56
WI4c_44,56
WI4c_45,56
WI4c_46,56
WI4c_47,56
WI4c_48,56
WI4c_49,56
WI4c_5,56
WI4c_50,56
WI4c_51,56
WI4c_52,56
WI4c_53,56
WI4c_54,56
WI4c_55,56
WI4c_56,56
WI4c_57,56
WI4c_58,56
WI4c_59,56
WI4c_6,56
WI4c_60,56
WI4c_61,56
WI4c_62,56
WI4c_63,56
WI4c_64,56
WI4c_65,56
WI4c_66,56
WI4c_67,56
WI4c_68,56
WI4c_69,56
WI4c_7,56
WI4c_70,56
WI4c_71,56
WI4c_72,56
WI4c_73,56
WI4c_74,56
WI4c_75,56
WI4c_76,56
WI4c_77,56
WI4c_78,56
WI4c_79,56
WI4c_8,56
WI4c_80,56
WI4c_81,56
WI4c_82,56
WI4c_83,56
WI4c_84,56
WI4c_85,56
WI4c_86,56
WI4c_87,56
WI4c_88,56
WI4c_89,56
WI4c_9,56
WI4c_90,56
WI4c_91,56
WI4c_92,56
WI4c_93,56
WI4c_94,56
WI4c_95,56
WI4c_96,56
WI4c_97,56
WI4c_98,56
WI4c_99,56
TRHV_1_2,2.488155872
TRHV_2_9,2.488155872
TRHV_2_1,2.488155872
TRHV_2_3,2.488155872
TRHV_3_10,2.488155872
TRHV_3_2,2.488155872
TRHV_3_4,2.488155872
TRHV_3_377,2.488124998
TRHV_4_11,2.488155872
TRHV_4_3,2.488155872
TRHV_4_5,2.488155872
TRHV_4_378,2.488124998
TRHV_5_12,2.488155872
TRHV_5_4,2.488155872
TRHV_5_6,2.488155872
TRHV_6_13,2.488155872
TRHV_6_5,2.488155872
TRHV_6_7,2.488155872
TRHV_7_14,2.488155872
TRHV_7_6,2.488155872
TRHV_grid_19,2.488155872
TRHV_grid_9,2.488155872
TRHV_grid_1,2.488155872
TRHV_9_10,2.488155872
TRHV_9_2,2.488155872
TRHV_10_9,2.488155872
TRHV_10_11,2.488155872
TRHV_10_3,2.488155872
TRHV_11_22,2.488155872
TRHV_11_10,2.488155872
TRHV_11_12,2.488155872
TRHV_11_4,2.488155872
TRHV_12_23,2.488155872
TRHV_12_11,2.488155872
TRHV_12_13,2.488155872
TRHV_12_5,2.488155872
TRHV_13_24,2.488155872
TRHV_13_12,2.488155872
TRHV_13_14,2.488155872
TRHV_13_6,2.488155872
TRHV_14_25,2.488155872
TRHV_14_13,2.488155872
TRHV_14_15,2.488155872
TRHV_14_7,2.488155872
TRHV_15_26,2.488155872
TRHV_15_14,2.488155872
TRHV_15_16,2.488155872
TRHV_16_27,2.488155872
TRHV_16_15,2.488155872
TRHV_17_31,2.488155872
TRHV_17_18,2.488155872
TRHV_18_32,2.488155872
TRHV_18_17,2.488155872
TRHV_19_35,2.488155872
TRHV_grid_36,2.488155872
TRHV_grid_37,2.488155872
TRHV_grid_22,2.488155872
TRHV_grid_10,2.488155872
TRHV_22_38,2.488155872
TRHV_22_23,2.488155872
TRHV_22_11,2.488155872
TRHV_23_39,2.488155872
TRHV_23_22,2.488155872
TRHV_23_24,2.488155872
TRHV_23_12,2.488155872
TRHV_24_40,2.488155872
TRHV_24_23,2.488155872
TRHV_24_25,2.488155872
TRHV_24_13,2.488155872
TRHV_25_41,2.488155872
TRHV_25_24,2.488155872
TRHV_25_26,2.488155872
TRHV_25_14,2.488155872
TRHV_26_25,2.488155872
TRHV_26_27,2.488155872
TRHV_26_15,2.488155872
TRHV_27_26,2.488155872
TRHV_27_28,2.488155872
TRHV_27_16,2.488155872
TRHV_28_44,2.488155872
TRHV_28_27,2.488155872
TRHV_28_29,2.488155872
TRHV_29_45,2.488155872
TRHV_29_28,2.488155872
TRHV_30_31,2.488155872
TRHV_31_30,2.488155872
TRHV_31_32,2.488155872
TRHV_31_17,2.488155872
TRHV_32_53,2.488155872
TRHV_32_31,2.488155872
TRHV_32_18,2.488155872
TRHV_grid_54,2.488155872
TRHV_grid_32,2.488155872
TRHV_grid_55,2.488155872
TRHV_35_36,2.488155872
TRHV_35_19,2.488155872
TRHV_36_56,2.488155872
TRHV_36_35,2.488155872
TRHV_36_37,2.488155872
TRHV_37_57,2.488155872
TRHV_37_36,2.488155872
TRHV_37_38,2.488155872
TRHV_38_37,2.488155872
TRHV_38_39,2.488155872
TRHV_38_22,2.488155872
TRHV_39_59,2.488155872
TRHV_39_38,2.488155872
TRHV_39_40,2.488155872
TRHV_39_23,2.488155872
TRHV_40_60,2.488155872
TRHV_40_39,2.488155872
TRHV_40_41,2.488155872
TRHV_40_24,2.488155872
TRHV_41_61,2.488155872
TRHV_41_40,2.488155872
TRHV_41_25,2.488155872
TRHV_grid_62,2.488155872
TRHV_grid_41,2.488155872
TRHV_grid_26,2.488155872
TRHV_grid_63,2.488155872
TRHV_grid_44,2.488155872
TRHV_grid_27,2.488155872
TRHV_44_64,2.488155872
TRHV_44_45,2.488155872
TRHV_44_28,2.488155872
TRHV_45_65,2.488155872
TRHV_45_44,2.488155872
TRHV_45_46,2.488155872
TRHV_45_29,2.488155872
TRHV_46_66,2.488155872
TRHV_46_45,2.488155872
TRHV_46_47,2.488155872
TRHV_47_67,2.488155872
TRHV_47_46,2.488155872
TRHV_grid_68,2.488155872
TRHV_grid_47,2.488155872
TRHV_grid_69,2.488155872
TRHV_grid_50,2.488155872
TRHV_50_70,2.488155872
TRHV_grid_71,2.488155872
TRHV_grid_30,2.488155872
TRHV_grid_72,2.488155872
TRHV_grid_53,2.488155872
TRHV_grid_31,2.488155872
TRHV_53_54,2.488155872
TRHV_53_32,2.488155872
TRHV_54_53,2.488155872
TRHV_54_55,2.488155872
TRHV_55_54,2.488155872
TRHV_56_57,2.488155872
TRHV_56_36,2.488155872
TRHV_57_75,2.488155872
TRHV_57_56,2.488155872
TRHV_57_37,2.488155872
TRHV_grid_76,2.488155872
TRHV_grid_57,2.488155872
TRHV_grid_59,2.488155872
TRHV_grid_38,2.488155872
TRHV_59_77,2.488155872
TRHV_59_60,2.488155872
TRHV_59_39,2.488155872
TRHV_60_78,2.488155872
TRHV_60_59,2.488155872
TRHV_60_61,2.488155872
TRHV_60_40,2.488155872
TRHV_61_79,2.488155872
TRHV_61_60,2.488155872
TRHV_61_62,2.488155872
TRHV_61_41,2.488155872
TRHV_62_80,2.488155872
TRHV_62_61,2.488155872
TRHV_62_63,2.488155872
TRHV_63_81,2.488155872
TRHV_63_62,2.488155872
TRHV_63_64,2.488155872
TRHV_64_82,2.488155872
TRHV_64_63,2.488155872
TRHV_64_65,2.488155872
TRHV_64_44,2.488155872
TRHV_65_83,2.488155872
TRHV_65_64,2.488155872
TRHV_65_66,2.488155872
TRHV_65_45,2.488155872
TRHV_66_84,2.488155872
TRHV_66_65,2.488155872
TRHV_66_67,2.488155872
TRHV_66_46,2.488155872
TRHV_67_85,2.488155872
TRHV_67_66,2.488155872
TRHV_67_68,2.488155872
TRHV_67_47,2.488155872
TRHV_68_86,2.488155872
TRHV_68_67,2.488155872
TRHV_68_69,2.488155872
TRHV_69_68,2.488155872
TRHV_69_70,2.488155872
TRHV_70_69,2.488155872
TRHV_70_71,2.488155872
TRHV_70_50,2.488155872
TRHV_71_89,2.488155872
TRHV_71_70,2.488155872
TRHV_71_72,2.488155872
TRHV_72_90,2.488155872
TRHV_72_71,2.488155872
TRHV_75_76,2.488155872
TRHV_75_57,2.488155872
TRHV_76_75,2.488155872
TRHV_76_77,2.488155872
TRHV_77_76,2.488155872
TRHV_77_78,2.488155872
TRHV_77_59,2.488155872
TRHV_78_95,2.488155872
TRHV_78_77,2.488155872
TRHV_78_79,2.488155872
TRHV_78_60,2.488155872
TRHV_79_96,2.488155872
TRHV_79_78,2.488155872
TRHV_79_80,2.488155872
TRHV_79_61,2.488155872
TRHV_80_79,2.488155872
TRHV_80_81,2.488155872
TRHV_80_62,2.488155872
TRHV_81_98,2.488155872
TRHV_81_80,2.488155872
TRHV_81_82,2.488155872
TRHV_81_63,2.488155872
TRHV_82_99,2.488155872
TRHV_82_81,2.488155872
TRHV_82_83,2.488155872
TRHV_82_64,2.488155872
TRHV_83_82,2.488155872
TRHV_83_84,2.488155872
TRHV_83_65,2.488155872
TRHV_84_101,2.488155872
TRHV_84_83,2.488155872
TRHV_84_85,2.488155872
TRHV_84_66,2.488155872
TRHV_85_102,2.488155872
TRHV_85_84,2.488155872
TRHV_85_86,2.488155872
TRHV_85_67,2.488155872
TRHV_86_103,2.488155872
TRHV_86_85,2.488155872
TRHV_86_68,2.488155872
TRHV_grid_104,2.488155872
TRHV_grid_86,2.488155872
TRHV_grid_89,2.488155872
TRHV_grid_70,2.488155872
TRHV_89_90,2.488155872
TRHV_89_71,2.488155872
TRHV_90_107,2.488155872
TRHV_90_89,2.488155872
TRHV_90_72,2.488155872
TRHV_grid_90,2.488155872
TRHV_grid_75,2.488155872
TRHV_grid_111,2.488155872
TRHV_grid_95,2.488155872
TRHV_grid_77,2.488155872
TRHV_95_112,2.488155872
TRHV_95_96,2.488155872
TRHV_95_78,2.488155872
TRHV_96_113,2.488155872
TRHV_96_95,2.488155872
TRHV_96_79,2.488155872
TRHV_grid_96,2.488155872
TRHV_grid_98,2.488155872
TRHV_grid_80,2.488155872
TRHV_98_115,2.488155872
TRHV_98_99,2.488155872
TRHV_98_81,2.488155872
TRHV_99_116,2.488155872
TRHV_99_98,2.488155872
TRHV_99_82,2.488155872
TRHV_grid_99,2.488155872
TRHV_grid_101,2.488155872
TRHV_grid_83,2.488155872
TRHV_101_118,2.488155872
TRHV_101_102,2.488155872
TRHV_101_84,2.488155872
TRHV_102_119,2.488155872
TRHV_102_101,2.488155872
TRHV_102_103,2.488155872
TRHV_102_85,2.488155872
TRHV_103_120,2.488155872
TRHV_103_102,2.488155872
TRHV_103_104,2.488155872
TRHV_103_86,2.488155872
TRHV_104_121,2.488155872
TRHV_104_103,2.488155872
TRHV_grid_107,2.488155872
TRHV_107_124,2.488155872
TRHV_107_90,2.488155872
TRHV_grid_125,2.488155872
TRHV_111_128,2.488155872
TRHV_111_112,2.488155872
TRHV_112_129,2.488155872
TRHV_112_111,2.488155872
TRHV_112_113,2.488155872
TRHV_112_95,2.488155872
TRHV_113_130,2.488155872
TRHV_113_112,2.488155872
TRHV_113_96,2.488155872
TRHV_grid_113,2.488155872
TRHV_grid_115,2.488155872
TRHV_115_132,2.488155872
TRHV_115_116,2.488155872
TRHV_115_98,2.488155872
TRHV_116_133,2.488155872
TRHV_116_115,2.488155872
TRHV_116_99,2.488155872
TRHV_grid_116,2.488155872
TRHV_grid_118,2.488155872
TRHV_118_135,2.488155872
TRHV_118_119,2.488155872
TRHV_118_101,2.488155872
TRHV_119_136,2.488155872
TRHV_119_118,2.488155872
TRHV_119_120,2.488155872
TRHV_119_102,2.488155872
TRHV_120_137,2.488155872
TRHV_120_119,2.488155872
TRHV_120_121,2.488155872
TRHV_120_103,2.488155872
TRHV_121_138,2.488155872
TRHV_121_120,2.488155872
TRHV_121_104,2.488155872
TRHV_grid_139,2.488155872
TRHV_grid_121,2.488155872
TRHV_grid_124,2.488155872
TRHV_124_141,2.488155872
TRHV_124_125,2.488155872
TRHV_124_107,2.488155872
TRHV_125_142,2.488155872
TRHV_125_124,2.488155872
TRHV_grid_128,2.488155872
TRHV_128_129,2.488155872
TRHV_128_111,2.488155872
TRHV_129_146,2.488155872
TRHV_129_128,2.488155872
TRHV_129_130,2.488155872
TRHV_129_112,2.488155872
TRHV_130_129,2.488155872
TRHV_130_113,2.488155872
TRHV_grid_130,2.488155872
TRHV_grid_132,2.488155872
TRHV_132_133,2.488155872
TRHV_132_115,2.488155872
TRHV_133_150,2.488155872
TRHV_133_132,2.488155872
TRHV_133_116,2.488155872
TRHV_grid_151,2.488155872
TRHV_grid_133,2.488155872
TRHV_grid_135,2.488155872
TRHV_135_152,2.488155872
TRHV_135_136,2.488155872
TRHV_135_118,2.488155872
TRHV_136_135,2.488155872
TRHV_136_137,2.488155872
TRHV_136_119,2.488155872
TRHV_137_154,2.488155872
TRHV_137_136,2.488155872
TRHV_137_138,2.488155872
TRHV_137_120,2.488155872
TRHV_138_155,2.488155872
TRHV_138_137,2.488155872
TRHV_138_139,2.488155872
TRHV_138_121,2.488155872
TRHV_139_156,2.488155872
TRHV_139_138,2.488155872
TRHV_grid_157,2.488155872
TRHV_grid_141,2.488155872
TRHV_141_158,2.488155872
TRHV_141_142,2.488155872
TRHV_141_124,2.488155872
TRHV_142_159,2.488155872
TRHV_142_141,2.488155872
TRHV_142_125,2.488155872
TRHV_grid_146,2.488155872
TRHV_146_129,2.488155872
TRHV_grid_150,2.488155872
TRHV_150_151,2.488155872
TRHV_150_133,2.488155872
TRHV_151_169,2.488155872
TRHV_151_150,2.488155872
TRHV_151_152,2.488155872
TRHV_152_170,2.488155872
TRHV_152_151,2.488155872
TRHV_152_135,2.488155872
TRHV_grid_152,2.488155872
TRHV_grid_154,2.488155872
TRHV_grid_136,2.488155872
TRHV_154_155,2.488155872
TRHV_154_137,2.488155872
TRHV_155_154,2.488155872
TRHV_155_156,2.488155872
TRHV_155_138,2.488155872
TRHV_156_155,2.488155872
TRHV_156_157,2.488155872
TRHV_156_139,2.488155872
TRHV_157_175,2.488155872
TRHV_157_156,2.488155872
TRHV_157_158,2.488155872
TRHV_158_176,2.488155872
TRHV_158_157,2.488155872
TRHV_158_159,2.488155872
TRHV_158_141,2.488155872
TRHV_159_177,2.488155872
TRHV_159_158,2.488155872
TRHV_159_142,2.488155872
TRHV_grid_185,2.488155872
TRHV_grid_169,2.488155872
TRHV_169_170,2.488155872
TRHV_169_151,2.488155872
TRHV_170_169,2.488155872
TRHV_170_152,2.488155872
TRHV_grid_170,2.488155872
TRHV_grid_191,2.488155872
TRHV_grid_155,2.488155872
TRHV_grid_175,2.488155872
TRHV_grid_156,2.488155872
TRHV_175_194,2.488155872
TRHV_175_176,2.488155872
TRHV_175_157,2.488155872
TRHV_176_195,2.488155872
TRHV_176_175,2.488155872
TRHV_176_177,2.488155872
TRHV_176_158,2.488155872
TRHV_177_196,2.488155872
TRHV_177_176,2.488155872
TRHV_177_159,2.488155872
TRHV_grid_210,2.488155872
TRHV_191_211,2.488155872
TRHV_grid_212,2.488155872
TRHV_grid_213,2.488155872
TRHV_grid_194,2.488155872
TRHV_194_214,2.488155872
TRHV_194_195,2.488155872
TRHV_194_175,2.488155872
TRHV_195_194,2.488155872
TRHV_195_196,2.488155872
TRHV_195_176,2.488155872
TRHV_196_216,2.488155872
TRHV_196_195,2.488155872
TRHV_196_177,2.488155872
TRHV_210_230,2.488155872
TRHV_210_211,2.488155872
TRHV_211_231,2.488155872
TRHV_211_210,2.488155872
TRHV_211_212,2.488155872
TRHV_211_191,2.488155872
TRHV_212_211,2.488155872
TRHV_212_213,2.488155872
TRHV_213_212,2.488155872
TRHV_213_214,2.488155872
TRHV_214_234,2.488155872
TRHV_214_213,2.488155872
TRHV_214_194,2.488155872
TRHV_grid_214,2.488155872
TRHV_grid_216,2.488155872
TRHV_grid_195,2.488155872
TRHV_216_236,2.488155872
TRHV_216_196,2.488155872
TRHV_grid_230,2.488155872
TRHV_230_250,2.488155872
TRHV_230_231,2.488155872
TRHV_230_210,2.488155872
TRHV_231_230,2.488155872
TRHV_231_211,2.488155872
TRHV_grid_231,2.488155872
TRHV_grid_234,2.488155872
TRHV_234_254,2.488155872
TRHV_234_214,2.488155872
TRHV_grid_255,2.488155872
TRHV_grid_236,2.488155872
TRHV_236_256,2.488155872
TRHV_236_216,2.488155872
TRHV_grid_250,2.488155872
TRHV_250_230,2.488155872
TRHV_grid_272,2.488155872
TRHV_grid_273,2.488155872
TRHV_grid_254,2.488155872
TRHV_254_274,2.488155872
TRHV_254_255,2.488155872
TRHV_254_234,2.488155872
TRHV_255_275,2.488155872
TRHV_255_254,2.488155872
TRHV_255_256,2.488155872
TRHV_256_276,2.488155872
TRHV_256_255,2.488155872
TRHV_256_236,2.488155872
TRHV_grid_289,2.488155872
TRHV_272_290,2.488155872
TRHV_272_273,2.488155872
TRHV_273_272,2.488155872
TRHV_273_274,2.488155872
TRHV_274_273,2.488155872
TRHV_274_275,2.488155872
TRHV_274_254,2.488155872
TRHV_275_293,2.488155872
TRHV_275_274,2.488155872
TRHV_275_276,2.488155872
TRHV_275_255,2.488155872
TRHV_276_294,2.488155872
TRHV_276_275,2.488155872
TRHV_276_256,2.488155872
TRHV_grid_296,2.488155872
TRHV_grid_306,2.488155872
TRHV_289_307,2.488155872
TRHV_289_290,2.488155872
TRHV_290_308,2.488155872
TRHV_290_289,2.488155872
TRHV_290_272,2.488155872
TRHV_grid_309,2.488155872
TRHV_grid_290,2.488155872
TRHV_grid_293,2.488155872
TRHV_grid_274,2.488155872
TRHV_293_311,2.488155872
TRHV_293_294,2.488155872
TRHV_293_275,2.488155872
TRHV_294_312,2.488155872
TRHV_294_293,2.488155872
TRHV_294_295,2.488155872
TRHV_294_276,2.488155872
TRHV_295_313,2.488155872
TRHV_295_294,2.488155872
TRHV_306_323,2.488155872
TRHV_306_307,2.488155872
TRHV_307_324,2.488155872
TRHV_307_306,2.488155872
TRHV_307_308,2.488155872
TRHV_307_289,2.488155872
TRHV_308_325,2.488155872
TRHV_308_307,2.488155872
TRHV_308_309,2.488155872
TRHV_308_290,2.488155872
TRHV_309_326,2.488155872
TRHV_309_308,2.488155872
TRHV_grid_311,2.488155872
TRHV_311_328,2.488155872
TRHV_311_312,2.488155872
TRHV_311_293,2.488155872
TRHV_312_329,2.488155872
TRHV_312_311,2.488155872
TRHV_312_313,2.488155872
TRHV_312_294,2.488155872
TRHV_313_312,2.488155872
TRHV_313_295,2.488155872
TRHV_grid_313,2.488155872
TRHV_grid_323,2.488155872
TRHV_323_337,2.488155872
TRHV_323_324,2.488155872
TRHV_323_306,2.488155872
TRHV_324_338,2.488155872
TRHV_324_323,2.488155872
TRHV_324_325,2.488155872
TRHV_324_307,2.488155872
TRHV_325_339,2.488155872
TRHV_325_324,2.488155872
TRHV_325_326,2.488155872
TRHV_325_308,2.488155872
TRHV_326_340,2.488155872
TRHV_326_325,2.488155872
TRHV_326_309,2.488155872
TRHV_grid_326,2.488155872
TRHV_grid_328,2.488155872
TRHV_328_329,2.488155872
TRHV_328_311,2.488155872
TRHV_329_328,2.488155872
TRHV_329_312,2.488155872
TRHV_grid_329,2.488155872
TRHV_337_348,2.488155872
TRHV_337_338,2.488155872
TRHV_337_323,2.488155872
TRHV_338_349,2.488155872
TRHV_338_337,2.488155872
TRHV_338_339,2.488155872
TRHV_338_324,2.488155872
TRHV_339_350,2.488155872
TRHV_339_338,2.488155872
TRHV_339_340,2.488155872
TRHV_339_325,2.488155872
TRHV_340_351,2.488155872
TRHV_340_339,2.488155872
TRHV_340_326,2.488155872
TRHV_grid_340,2.488155872
TRHV_348_349,2.488155872
TRHV_348_337,2.488155872
TRHV_349_356,2.488155872
TRHV_349_348,2.488155872
TRHV_349_350,2.488155872
TRHV_349_338,2.488155872
TRHV_350_357,2.488155872
TRHV_350_349,2.488155872
TRHV_350_351,2.488155872
TRHV_350_339,2.488155872
TRHV_351_350,2.488155872
TRHV_351_340,2.488155872
TRHV_grid_351,2.488155872
TRHV_grid_356,2.488155872
TRHV_356_357,2.488155872
TRHV_356_349,2.488155872
TRHV_357_356,2.488155872
TRHV_357_350,2.488155872
TRHV_grid_357,2.488155872
TRHV_grid_372,2.488155872
TRHV_377_3,2.488124998
TRHV_377_378,2.488155869
TRHV_378_4,2.488124998
TRHV_378_377,2.488155869
TRHV_2_1,
TRHV_9_2,
TRHV_1_2,
TRHV_3_2,
TRHV_10_3,
TRHV_2_3,
TRHV_4_3,
TRHV_377_3,
TRHV_11_4,
TRHV_3_4,
TRHV_5_4,
TRHV_378_4,
TRHV_12_5,
TRHV_4_5,
TRHV_6_5,
TRHV_13_6,
TRHV_5_6,
TRHV_14_7,
TRHV_6_7,
TRHV_10_9,
TRHV_2_9,
TRHV_9_10,
TRHV_11_10,
TRHV_3_10,
TRHV_22_11,
TRHV_10_11,
TRHV_12_11,
TRHV_4_11,
TRHV_23_12,
TRHV_11_12,
TRHV_13_12,
TRHV_5_12,
TRHV_24_13,
TRHV_12_13,
TRHV_14_13,
TRHV_6_13,
TRHV_25_14,
TRHV_13_14,
TRHV_15_14,
TRHV_26_15,
TRHV_14_15,
TRHV_16_15,
TRHV_27_16,
TRHV_15_16,
TRHV_31_17,
TRHV_18_17,
TRHV_32_18,
TRHV_17_18,
TRHV_35_19,
TRHV_38_22,
TRHV_23_22,
TRHV_11_22,
TRHV_39_23,
TRHV_22_23,
TRHV_24_23,
TRHV_12_23,
TRHV_40_24,
TRHV_23_24,
TRHV_25_24,
TRHV_13_24,
TRHV_41_25,
TRHV_24_25,
TRHV_26_25,
TRHV_14_25,
TRHV_25_26,
TRHV_27_26,
TRHV_15_26,
TRHV_26_27,
TRHV_28_27,
TRHV_16_27,
TRHV_44_28,
TRHV_27_28,
TRHV_29_28,
TRHV_45_29,
TRHV_28_29,
TRHV_31_30,
TRHV_30_31,
TRHV_32_31,
TRHV_17_31,
TRHV_53_32,
TRHV_31_32,
TRHV_18_32,
TRHV_36_35,
TRHV_19_35,
TRHV_56_36,
TRHV_35_36,
TRHV_37_36,
TRHV_57_37,
TRHV_36_37,
TRHV_38_37,
TRHV_37_38,
TRHV_39_38,
TRHV_22_38,
TRHV_59_39,
TRHV_38_39,
TRHV_40_39,
TRHV_23_39,
TRHV_60_40,
TRHV_39_40,
TRHV_41_40,
TRHV_24_40,
TRHV_61_41,
TRHV_40_41,
TRHV_25_41,
TRHV_64_44,
TRHV_45_44,
TRHV_28_44,
TRHV_65_45,
TRHV_44_45,
TRHV_46_45,
TRHV_29_45,
TRHV_66_46,
TRHV_45_46,
TRHV_47_46,
TRHV_67_47,
TRHV_46_47,
TRHV_70_50,
TRHV_54_53,
TRHV_32_53,
TRHV_53_54,
TRHV_55_54,
TRHV_54_55,
TRHV_57_56,
TRHV_36_56,
TRHV_75_57,
TRHV_56_57,
TRHV_37_57,
TRHV_77_59,
TRHV_60_59,
TRHV_39_59,
TRHV_78_60,
TRHV_59_60,
TRHV_61_60,
TRHV_40_60,
TRHV_79_61,
TRHV_60_61,
TRHV_62_61,
TRHV_41_61,
TRHV_80_62,
TRHV_61_62,
TRHV_63_62,
TRHV_81_63,
TRHV_62_63,
TRHV_64_63,
TRHV_82_64,
TRHV_63_64,
TRHV_65_64,
TRHV_44_64,
TRHV_83_65,
TRHV_64_65,
TRHV_66_65,
TRHV_45_65,
TRHV_84_66,
TRHV_65_66,
TRHV_67_66,
TRHV_46_66,
TRHV_85_67,
TRHV_66_67,
TRHV_68_67,
TRHV_47_67,
TRHV_86_68,
TRHV_67_68,
TRHV_69_68,
TRHV_68_69,
TRHV_70_69,
TRHV_69_70,
TRHV_71_70,
TRHV_50_70,
TRHV_89_71,
TRHV_70_71,
TRHV_72_71,
TRHV_90_72,
TRHV_71_72,
TRHV_76_75,
TRHV_57_75,
TRHV_75_76,
TRHV_77_76,
TRHV_76_77,
TRHV_78_77,
TRHV_59_77,
TRHV_95_78,
TRHV_77_78,
TRHV_79_78,
TRHV_60_78,
TRHV_96_79,
TRHV_78_79,
TRHV_80_79,
TRHV_61_79,
TRHV_79_80,
TRHV_81_80,
TRHV_62_80,
TRHV_98_81,
TRHV_80_81,
TRHV_82_81,
TRHV_63_81,
TRHV_99_82,
TRHV_81_82,
TRHV_83_82,
TRHV_64_82,
TRHV_82_83,
TRHV_84_83,
TRHV_65_83,
TRHV_101_84,
TRHV_83_84,
TRHV_85_84,
TRHV_66_84,
TRHV_84_85,
TRHV_86_85,
TRHV_67_85,
TRHV_103_86,
TRHV_85_86,
TRHV_68_86,
TRHV_90_89,
TRHV_71_89,
TRHV_107_90,
TRHV_89_90,
TRHV_72_90,
TRHV_112_95,
TRHV_96_95,
TRHV_78_95,
TRHV_113_96,
TRHV_95_96,
TRHV_79_96,
TRHV_115_98,
TRHV_99_98,
TRHV_81_98,
TRHV_116_99,
TRHV_98_99,
TRHV_82_99,
TRHV_118_101,
TRHV_84_101,
TRHV_119_102,
TRHV_101_102,
TRHV_103_102,
TRHV_85_102,
TRHV_120_103,
TRHV_104_103,
TRHV_86_103,
TRHV_121_104,
TRHV_103_104,
TRHV_124_107,
TRHV_90_107,
TRHV_128_111,
TRHV_112_111,
TRHV_129_112,
TRHV_111_112,
TRHV_113_112,
TRHV_95_112,
TRHV_130_113,
TRHV_112_113,
TRHV_96_113,
TRHV_132_115,
TRHV_116_115,
TRHV_98_115,
TRHV_133_116,
TRHV_115_116,
TRHV_99_116,
TRHV_135_118,
TRHV_119_118,
TRHV_101_118,
TRHV_136_119,
TRHV_118_119,
TRHV_120_119,
TRHV_137_120,
TRHV_119_120,
TRHV_121_120,
TRHV_103_120,
TRHV_138_121,
TRHV_120_121,
TRHV_104_121,
TRHV_141_124,
TRHV_125_124,
TRHV_107_124,
TRHV_142_125,
TRHV_124_125,
TRHV_129_128,
TRHV_111_128,
TRHV_146_129,
TRHV_128_129,
TRHV_130_129,
TRHV_112_129,
TRHV_129_130,
TRHV_113_130,
TRHV_133_132,
TRHV_115_132,
TRHV_150_133,
TRHV_132_133,
TRHV_116_133,
TRHV_152_135,
TRHV_136_135,
TRHV_118_135,
TRHV_135_136,
TRHV_137_136,
TRHV_119_136,
TRHV_154_137,
TRHV_136_137,
TRHV_138_137,
TRHV_120_137,
TRHV_155_138,
TRHV_137_138,
TRHV_139_138,
TRHV_121_138,
TRHV_156_139,
TRHV_138_139,
TRHV_158_141,
TRHV_142_141,
TRHV_124_141,
TRHV_159_142,
TRHV_141_142,
TRHV_125_142,
TRHV_129_146,
TRHV_151_150,
TRHV_133_150,
TRHV_169_151,
TRHV_150_151,
TRHV_152_151,
TRHV_170_152,
TRHV_151_152,
TRHV_135_152,
TRHV_155_154,
TRHV_137_154,
TRHV_154_155,
TRHV_156_155,
TRHV_138_155,
TRHV_155_156,
TRHV_157_156,
TRHV_139_156,
TRHV_175_157,
TRHV_156_157,
TRHV_158_157,
TRHV_176_158,
TRHV_157_158,
TRHV_159_158,
TRHV_141_158,
TRHV_177_159,
TRHV_158_159,
TRHV_142_159,
TRHV_170_169,
TRHV_151_169,
TRHV_169_170,
TRHV_152_170,
TRHV_194_175,
TRHV_176_175,
TRHV_157_175,
TRHV_195_176,
TRHV_175_176,
TRHV_177_176,
TRHV_158_176,
TRHV_196_177,
TRHV_176_177,
TRHV_159_177,
TRHV_211_191,
TRHV_214_194,
TRHV_195_194,
TRHV_175_194,
TRHV_194_195,
TRHV_196_195,
TRHV_176_195,
TRHV_216_196,
TRHV_195_196,
TRHV_177_196,
TRHV_230_210,
TRHV_211_210,
TRHV_231_211,
TRHV_210_211,
TRHV_212_211,
TRHV_191_211,
TRHV_211_212,
TRHV_213_212,
TRHV_212_213,
TRHV_214_213,
TRHV_234_214,
TRHV_213_214,
TRHV_194_214,
TRHV_236_216,
TRHV_196_216,
TRHV_250_230,
TRHV_231_230,
TRHV_210_230,
TRHV_230_231,
TRHV_211_231,
TRHV_254_234,
TRHV_214_234,
TRHV_256_236,
TRHV_216_236,
TRHV_230_250,
TRHV_274_254,
TRHV_255_254,
TRHV_234_254,
TRHV_275_255,
TRHV_254_255,
TRHV_256_255,
TRHV_276_256,
TRHV_255_256,
TRHV_236_256,
TRHV_290_272,
TRHV_273_272,
TRHV_272_273,
TRHV_274_273,
TRHV_273_274,
TRHV_275_274,
TRHV_254_274,
TRHV_293_275,
TRHV_274_275,
TRHV_276_275,
TRHV_255_275,
TRHV_294_276,
TRHV_275_276,
TRHV_256_276,
TRHV_307_289,
TRHV_290_289,
TRHV_308_290,
TRHV_289_290,
TRHV_272_290,
TRHV_311_293,
TRHV_294_293,
TRHV_275_293,
TRHV_312_294,
TRHV_293_294,
TRHV_295_294,
TRHV_276_294,
TRHV_313_295,
TRHV_294_295,
TRHV_323_306,
TRHV_307_306,
TRHV_324_307,
TRHV_306_307,
TRHV_308_307,
TRHV_289_307,
TRHV_325_308,
TRHV_307_308,
TRHV_309_308,
TRHV_290_308,
TRHV_326_309,
TRHV_308_309,
TRHV_328_311,
TRHV_312_311,
TRHV_293_311,
TRHV_329_312,
TRHV_311_312,
TRHV_313_312,
TRHV_294_312,
TRHV_312_313,
TRHV_295_313,
TRHV_324_323,
TRHV_306_323,
TRHV_338_324,
TRHV_323_324,
TRHV_325_324,
TRHV_307_324,
TRHV_339_325,
TRHV_324_325,
TRHV_326_325,
TRHV_308_325,
TRHV_340_326,
TRHV_325_326,
TRHV_309_326,
TRHV_329_328,
TRHV_311_328,
TRHV_328_329,
TRHV_312_329,
TRHV_338_337,
TRHV_323_337,
TRHV_349_338,
TRHV_339_338,
TRHV_324_338,
TRHV_350_339,
TRHV_338_339,
TRHV_340_339,
TRHV_325_339,
TRHV_351_340,
TRHV_339_340,
TRHV_326_340,
TRHV_349_348,
TRHV_356_349,
TRHV_350_349,
TRHV_338_349,
TRHV_357_350,
TRHV_349_350,
TRHV_351_350,
TRHV_339_350,
TRHV_350_351,
TRHV_340_351,
TRHV_357_356,
TRHV_349_356,
TRHV_356_357,
TRHV_350_357,
TRHV_3_377,
TRHV_378_377,
TRHV_4_378,
TRHV_377_378,
TRHV_7_6,
TRHV_7_14,
TRHV_102_85,
TRHV_102_101,
TRHV_102_103,
TRHV_102_119,
TRHV_337_323,
TRHV_348_337,
TRHV_337_338,
TRHV_337_348,
TRHV_348_349,
